
  .   ____          _            __ _ _
 /\\ / ___'_ __ _ _(_)_ __  __ _ \ \ \ \
( ( )\___ | '_ | '_| | '_ \/ _` | \ \ \ \
 \\/  ___)| |_)| | | | | || (_| |  ) ) ) )
  '  |____| .__|_| |_|_| |_\__, | / / / /
 =========|_|==============|___/=/_/_/_/

 :: Spring Boot ::                (v3.3.5)

2026-03-30T04:07:52.190+05:30  INFO 25844 --- [           main] c.ecotrack.backend.BackendApplication    : Starting BackendApplication using Java 21.0.4 with PID 25844 (C:\Users\shrid\Downloads\Carbon\backend\target\classes started by shridhar in C:\Users\shrid\Downloads\Carbon\backend)
2026-03-30T04:07:52.192+05:30  INFO 25844 --- [           main] c.ecotrack.backend.BackendApplication    : No active profile set, falling back to 1 default profile: "default"
2026-03-30T04:07:52.193+05:30 DEBUG 25844 --- [           main] o.s.boot.SpringApplication               : Loading source class com.ecotrack.backend.BackendApplication
2026-03-30T04:07:52.224+05:30 DEBUG 25844 --- [           main] ConfigServletWebServerApplicationContext : Refreshing org.springframework.boot.web.servlet.context.AnnotationConfigServletWebServerApplicationContext@341814d3
2026-03-30T04:07:52.830+05:30  INFO 25844 --- [           main] .s.d.r.c.RepositoryConfigurationDelegate : Bootstrapping Spring Data JPA repositories in DEFAULT mode.
2026-03-30T04:07:52.844+05:30 DEBUG 25844 --- [           main] o.s.b.a.AutoConfigurationPackages        : @EnableAutoConfiguration was declared on a class in the package 'com.ecotrack.backend'. Automatic @Repository and @Entity scanning is enabled.
2026-03-30T04:07:52.906+05:30  INFO 25844 --- [           main] .s.d.r.c.RepositoryConfigurationDelegate : Finished Spring Data repository scanning in 69 ms. Found 9 JPA repository interfaces.
2026-03-30T04:07:53.331+05:30 DEBUG 25844 --- [           main] .s.b.w.e.t.TomcatServletWebServerFactory : Code archive: C:\Users\shrid\.m2\repository\org\springframework\boot\spring-boot\3.3.5\spring-boot-3.3.5.jar
2026-03-30T04:07:53.332+05:30 DEBUG 25844 --- [           main] .s.b.w.e.t.TomcatServletWebServerFactory : Code archive: C:\Users\shrid\.m2\repository\org\springframework\boot\spring-boot\3.3.5\spring-boot-3.3.5.jar
2026-03-30T04:07:53.333+05:30 DEBUG 25844 --- [           main] .s.b.w.e.t.TomcatServletWebServerFactory : None of the document roots [src/main/webapp, public, static] point to a directory and will be ignored.
2026-03-30T04:07:53.350+05:30  INFO 25844 --- [           main] o.s.b.w.embedded.tomcat.TomcatWebServer  : Tomcat initialized with port 8085 (http)
2026-03-30T04:07:53.361+05:30  INFO 25844 --- [           main] o.apache.catalina.core.StandardService   : Starting service [Tomcat]
2026-03-30T04:07:53.361+05:30  INFO 25844 --- [           main] o.apache.catalina.core.StandardEngine    : Starting Servlet engine: [Apache Tomcat/10.1.31]
2026-03-30T04:07:53.409+05:30  INFO 25844 --- [           main] o.a.c.c.C.[Tomcat].[localhost].[/]       : Initializing Spring embedded WebApplicationContext
2026-03-30T04:07:53.410+05:30 DEBUG 25844 --- [           main] w.s.c.ServletWebServerApplicationContext : Published root WebApplicationContext as ServletContext attribute with name [org.springframework.web.context.WebApplicationContext.ROOT]
2026-03-30T04:07:53.411+05:30  INFO 25844 --- [           main] w.s.c.ServletWebServerApplicationContext : Root WebApplicationContext: initialization completed in 1186 ms
2026-03-30T04:07:53.520+05:30  INFO 25844 --- [           main] o.hibernate.jpa.internal.util.LogHelper  : HHH000204: Processing PersistenceUnitInfo [name: default]
2026-03-30T04:07:53.572+05:30  INFO 25844 --- [           main] org.hibernate.Version                    : HHH000412: Hibernate ORM core version 6.5.3.Final
2026-03-30T04:07:53.599+05:30  INFO 25844 --- [           main] o.h.c.internal.RegionFactoryInitiator    : HHH000026: Second-level cache disabled
2026-03-30T04:07:53.818+05:30  INFO 25844 --- [           main] o.s.o.j.p.SpringPersistenceUnitInfo      : No LoadTimeWeaver setup: ignoring JPA class transformer
2026-03-30T04:07:53.840+05:30  INFO 25844 --- [           main] com.zaxxer.hikari.HikariDataSource       : HikariPool-1 - Starting...
2026-03-30T04:07:54.003+05:30  INFO 25844 --- [           main] com.zaxxer.hikari.pool.HikariPool        : HikariPool-1 - Added connection org.postgresql.jdbc.PgConnection@734f8317
2026-03-30T04:07:54.004+05:30  INFO 25844 --- [           main] com.zaxxer.hikari.HikariDataSource       : HikariPool-1 - Start completed.
2026-03-30T04:07:54.858+05:30  INFO 25844 --- [           main] o.h.e.t.j.p.i.JtaPlatformInitiator       : HHH000489: No JTA platform available (set 'hibernate.transaction.jta.platform' to enable JTA platform integration)
2026-03-30T04:07:54.923+05:30 DEBUG 25844 --- [           main] org.hibernate.SQL                        : create table marketplace (id bigint generated by default as identity, carbon_offset_value float(53), created_at timestamp(6), description TEXT, item_name varchar(255), item_type varchar(255), price float(53), primary key (id))
2026-03-30T04:07:54.984+05:30 DEBUG 25844 --- [           main] org.hibernate.SQL                        : create table notifications (id bigint generated by default as identity, created_at timestamp(6), message TEXT, is_read boolean, title varchar(255), type varchar(255), user_id bigint not null, primary key (id))
2026-03-30T04:07:54.988+05:30 DEBUG 25844 --- [           main] org.hibernate.SQL                        : create table transactions (id bigint generated by default as identity, amount float(53), created_at timestamp(6), status varchar(255), marketplace_item_id bigint, user_id bigint, primary key (id))
2026-03-30T04:07:55.037+05:30 DEBUG 25844 --- [           main] org.hibernate.SQL                        : alter table if exists notifications add constraint FK9y21adhxn0ayjhfocscqox7bh foreign key (user_id) references users
2026-03-30T04:07:55.046+05:30 DEBUG 25844 --- [           main] org.hibernate.SQL                        : alter table if exists transactions add constraint FK8qhvv6laqar4y0lcmdkxmk9ic foreign key (marketplace_item_id) references marketplace
2026-03-30T04:07:55.048+05:30 DEBUG 25844 --- [           main] org.hibernate.SQL                        : alter table if exists transactions add constraint FKqwv7rmvc8va8rep7piikrojds foreign key (user_id) references users
2026-03-30T04:07:55.051+05:30  INFO 25844 --- [           main] j.LocalContainerEntityManagerFactoryBean : Initialized JPA EntityManagerFactory for persistence unit 'default'
2026-03-30T04:07:55.266+05:30 DEBUG 25844 --- [           main] o.s.b.w.s.ServletContextInitializerBeans : Mapping filters: springSecurityFilterChain urls=[/*] order=-100, characterEncodingFilter urls=[/*] order=-2147483648, formContentFilter urls=[/*] order=-9900, requestContextFilter urls=[/*] order=-105, jwtFilter urls=[/*] order=2147483647
2026-03-30T04:07:55.268+05:30 DEBUG 25844 --- [           main] o.s.b.w.s.ServletContextInitializerBeans : Mapping servlets: dispatcherServlet urls=[/]
2026-03-30T04:07:55.289+05:30 DEBUG 25844 --- [           main] o.s.b.w.s.f.OrderedRequestContextFilter  : Filter 'requestContextFilter' configured for use
2026-03-30T04:07:55.292+05:30 DEBUG 25844 --- [           main] s.b.w.s.f.OrderedCharacterEncodingFilter : Filter 'characterEncodingFilter' configured for use
2026-03-30T04:07:55.292+05:30 DEBUG 25844 --- [           main] .DelegatingFilterProxyRegistrationBean$1 : Filter 'springSecurityFilterChain' configured for use
2026-03-30T04:07:55.292+05:30 DEBUG 25844 --- [           main] o.s.b.w.s.f.OrderedFormContentFilter     : Filter 'formContentFilter' configured for use
2026-03-30T04:07:55.321+05:30  INFO 25844 --- [           main] o.s.d.j.r.query.QueryEnhancerFactory     : Hibernate is in classpath; If applicable, HQL parser will be used.
2026-03-30T04:07:55.893+05:30  WARN 25844 --- [           main] JpaBaseConfiguration$JpaWebConfiguration : spring.jpa.open-in-view is enabled by default. Therefore, database queries may be performed during view rendering. Explicitly configure spring.jpa.open-in-view to disable this warning
2026-03-30T04:07:56.043+05:30 DEBUG 25844 --- [           main] s.w.s.m.m.a.RequestMappingHandlerMapping : 43 mappings in 'requestMappingHandlerMapping'
2026-03-30T04:07:56.105+05:30 DEBUG 25844 --- [           main] o.s.w.s.handler.SimpleUrlHandlerMapping  : Patterns [/webjars/**, /**] in 'resourceHandlerMapping'
2026-03-30T04:07:56.242+05:30 DEBUG 25844 --- [           main] s.w.s.m.m.a.RequestMappingHandlerAdapter : ControllerAdvice beans: 0 @ModelAttribute, 0 @InitBinder, 1 RequestBodyAdvice, 1 ResponseBodyAdvice
2026-03-30T04:07:56.267+05:30 DEBUG 25844 --- [           main] .m.m.a.ExceptionHandlerExceptionResolver : ControllerAdvice beans: 0 @ExceptionHandler, 1 ResponseBodyAdvice
2026-03-30T04:07:56.348+05:30  INFO 25844 --- [           main] o.s.b.w.embedded.tomcat.TomcatWebServer  : Tomcat started on port 8085 (http) with context path '/'
2026-03-30T04:07:56.354+05:30 DEBUG 25844 --- [           main] .s.b.a.l.ConditionEvaluationReportLogger : 


============================
CONDITIONS EVALUATION REPORT
============================


Positive matches:
-----------------

   AopAutoConfiguration matched:
      - @ConditionalOnProperty (spring.aop.auto=true) matched (OnPropertyCondition)

   AopAutoConfiguration.AspectJAutoProxyingConfiguration matched:
      - @ConditionalOnClass found required class 'org.aspectj.weaver.Advice' (OnClassCondition)

   AopAutoConfiguration.AspectJAutoProxyingConfiguration.CglibAutoProxyConfiguration matched:
      - @ConditionalOnProperty (spring.aop.proxy-target-class=true) matched (OnPropertyCondition)

   ApplicationAvailabilityAutoConfiguration#applicationAvailability matched:
      - @ConditionalOnMissingBean (types: org.springframework.boot.availability.ApplicationAvailability; SearchStrategy: all) did not find any beans (OnBeanCondition)

   DataSourceAutoConfiguration matched:
      - @ConditionalOnClass found required classes 'javax.sql.DataSource', 'org.springframework.jdbc.datasource.embedded.EmbeddedDatabaseType' (OnClassCondition)
      - @ConditionalOnMissingBean (types: io.r2dbc.spi.ConnectionFactory; SearchStrategy: all) did not find any beans (OnBeanCondition)

   DataSourceAutoConfiguration.PooledDataSourceConfiguration matched:
      - AnyNestedCondition 1 matched 1 did not; NestedCondition on DataSourceAutoConfiguration.PooledDataSourceCondition.PooledDataSourceAvailable PooledDataSource found supported DataSource; NestedCondition on DataSourceAutoConfiguration.PooledDataSourceCondition.ExplicitType @ConditionalOnProperty (spring.datasource.type) did not find property 'type' (DataSourceAutoConfiguration.PooledDataSourceCondition)
      - @ConditionalOnMissingBean (types: javax.sql.DataSource,javax.sql.XADataSource; SearchStrategy: all) did not find any beans (OnBeanCondition)

   DataSourceAutoConfiguration.PooledDataSourceConfiguration#jdbcConnectionDetails matched:
      - @ConditionalOnMissingBean (types: org.springframework.boot.autoconfigure.jdbc.JdbcConnectionDetails; SearchStrategy: all) did not find any beans (OnBeanCondition)

   DataSourceConfiguration.Hikari matched:
      - @ConditionalOnClass found required class 'com.zaxxer.hikari.HikariDataSource' (OnClassCondition)
      - @ConditionalOnProperty (spring.datasource.type=com.zaxxer.hikari.HikariDataSource) matched (OnPropertyCondition)
      - @ConditionalOnMissingBean (types: javax.sql.DataSource; SearchStrategy: all) did not find any beans (OnBeanCondition)

   DataSourceInitializationConfiguration matched:
      - @ConditionalOnClass found required class 'org.springframework.jdbc.datasource.init.DatabasePopulator' (OnClassCondition)
      - @ConditionalOnSingleCandidate (types: javax.sql.DataSource; SearchStrategy: all) found a single bean 'dataSource'; @ConditionalOnMissingBean (types: org.springframework.boot.autoconfigure.sql.init.SqlDataSourceScriptDatabaseInitializer,org.springframework.boot.autoconfigure.sql.init.SqlR2dbcScriptDatabaseInitializer; SearchStrategy: all) did not find any beans (OnBeanCondition)

   DataSourceJmxConfiguration matched:
      - @ConditionalOnProperty (spring.jmx.enabled=true) matched (OnPropertyCondition)

   DataSourceJmxConfiguration.Hikari matched:
      - @ConditionalOnClass found required class 'com.zaxxer.hikari.HikariDataSource' (OnClassCondition)
      - @ConditionalOnSingleCandidate (types: javax.sql.DataSource; SearchStrategy: all) found a single bean 'dataSource' (OnBeanCondition)

   DataSourcePoolMetadataProvidersConfiguration.HikariPoolDataSourceMetadataProviderConfiguration matched:
      - @ConditionalOnClass found required class 'com.zaxxer.hikari.HikariDataSource' (OnClassCondition)

   DataSourceTransactionManagerAutoConfiguration matched:
      - @ConditionalOnClass found required classes 'javax.sql.DataSource', 'org.springframework.jdbc.core.JdbcTemplate', 'org.springframework.transaction.TransactionManager' (OnClassCondition)

   DataSourceTransactionManagerAutoConfiguration.JdbcTransactionManagerConfiguration matched:
      - @ConditionalOnSingleCandidate (types: javax.sql.DataSource; SearchStrategy: all) found a single bean 'dataSource' (OnBeanCondition)

   DispatcherServletAutoConfiguration matched:
      - @ConditionalOnClass found required class 'org.springframework.web.servlet.DispatcherServlet' (OnClassCondition)
      - found 'session' scope (OnWebApplicationCondition)

   DispatcherServletAutoConfiguration.DispatcherServletConfiguration matched:
      - @ConditionalOnClass found required class 'jakarta.servlet.ServletRegistration' (OnClassCondition)
      - Default DispatcherServlet did not find dispatcher servlet beans (DispatcherServletAutoConfiguration.DefaultDispatcherServletCondition)

   DispatcherServletAutoConfiguration.DispatcherServletRegistrationConfiguration matched:
      - @ConditionalOnClass found required class 'jakarta.servlet.ServletRegistration' (OnClassCondition)
      - DispatcherServlet Registration did not find servlet registration bean (DispatcherServletAutoConfiguration.DispatcherServletRegistrationCondition)

   DispatcherServletAutoConfiguration.DispatcherServletRegistrationConfiguration#dispatcherServletRegistration matched:
      - @ConditionalOnBean (names: dispatcherServlet types: org.springframework.web.servlet.DispatcherServlet; SearchStrategy: all) found bean 'dispatcherServlet' (OnBeanCondition)

   EmbeddedWebServerFactoryCustomizerAutoConfiguration matched:
      - @ConditionalOnWebApplication (required) found 'session' scope (OnWebApplicationCondition)
      - @ConditionalOnWarDeployment the application is not deployed as a WAR file. (OnWarDeploymentCondition)

   EmbeddedWebServerFactoryCustomizerAutoConfiguration.TomcatWebServerFactoryCustomizerConfiguration matched:
      - @ConditionalOnClass found required classes 'org.apache.catalina.startup.Tomcat', 'org.apache.coyote.UpgradeProtocol' (OnClassCondition)

   ErrorMvcAutoConfiguration matched:
      - @ConditionalOnClass found required classes 'jakarta.servlet.Servlet', 'org.springframework.web.servlet.DispatcherServlet' (OnClassCondition)
      - found 'session' scope (OnWebApplicationCondition)

   ErrorMvcAutoConfiguration#basicErrorController matched:
      - @ConditionalOnMissingBean (types: org.springframework.boot.web.servlet.error.ErrorController; SearchStrategy: current) did not find any beans (OnBeanCondition)

   ErrorMvcAutoConfiguration#errorAttributes matched:
      - @ConditionalOnMissingBean (types: org.springframework.boot.web.servlet.error.ErrorAttributes; SearchStrategy: current) did not find any beans (OnBeanCondition)

   ErrorMvcAutoConfiguration.DefaultErrorViewResolverConfiguration#conventionErrorViewResolver matched:
      - @ConditionalOnBean (types: org.springframework.web.servlet.DispatcherServlet; SearchStrategy: all) found bean 'dispatcherServlet'; @ConditionalOnMissingBean (types: org.springframework.boot.autoconfigure.web.servlet.error.ErrorViewResolver; SearchStrategy: all) did not find any beans (OnBeanCondition)

   ErrorMvcAutoConfiguration.WhitelabelErrorViewConfiguration matched:
      - @ConditionalOnProperty (server.error.whitelabel.enabled) matched (OnPropertyCondition)
      - ErrorTemplate Missing did not find error template view (ErrorMvcAutoConfiguration.ErrorTemplateMissingCondition)

   ErrorMvcAutoConfiguration.WhitelabelErrorViewConfiguration#beanNameViewResolver matched:
      - @ConditionalOnMissingBean (types: org.springframework.web.servlet.view.BeanNameViewResolver; SearchStrategy: all) did not find any beans (OnBeanCondition)

   ErrorMvcAutoConfiguration.WhitelabelErrorViewConfiguration#defaultErrorView matched:
      - @ConditionalOnMissingBean (names: error; SearchStrategy: all) did not find any beans (OnBeanCondition)

   GenericCacheConfiguration matched:
      - Cache org.springframework.boot.autoconfigure.cache.GenericCacheConfiguration automatic cache type (CacheCondition)

   HibernateJpaAutoConfiguration matched:
      - @ConditionalOnClass found required classes 'org.springframework.orm.jpa.LocalContainerEntityManagerFactoryBean', 'jakarta.persistence.EntityManager', 'org.hibernate.engine.spi.SessionImplementor' (OnClassCondition)

   HibernateJpaConfiguration matched:
      - @ConditionalOnSingleCandidate (types: javax.sql.DataSource; SearchStrategy: all) found a single bean 'dataSource' (OnBeanCondition)

   HttpEncodingAutoConfiguration matched:
      - @ConditionalOnClass found required class 'org.springframework.web.filter.CharacterEncodingFilter' (OnClassCondition)
      - found 'session' scope (OnWebApplicationCondition)
      - @ConditionalOnProperty (server.servlet.encoding.enabled) matched (OnPropertyCondition)

   HttpEncodingAutoConfiguration#characterEncodingFilter matched:
      - @ConditionalOnMissingBean (types: org.springframework.web.filter.CharacterEncodingFilter; SearchStrategy: all) did not find any beans (OnBeanCondition)

   HttpMessageConvertersAutoConfiguration matched:
      - @ConditionalOnClass found required class 'org.springframework.http.converter.HttpMessageConverter' (OnClassCondition)
      - NoneNestedConditions 0 matched 1 did not; NestedCondition on HttpMessageConvertersAutoConfiguration.NotReactiveWebApplicationCondition.ReactiveWebApplication did not find reactive web application classes (HttpMessageConvertersAutoConfiguration.NotReactiveWebApplicationCondition)

   HttpMessageConvertersAutoConfiguration#messageConverters matched:
      - @ConditionalOnMissingBean (types: org.springframework.boot.autoconfigure.http.HttpMessageConverters; SearchStrategy: all) did not find any beans (OnBeanCondition)

   HttpMessageConvertersAutoConfiguration.StringHttpMessageConverterConfiguration matched:
      - @ConditionalOnClass found required class 'org.springframework.http.converter.StringHttpMessageConverter' (OnClassCondition)

   HttpMessageConvertersAutoConfiguration.StringHttpMessageConverterConfiguration#stringHttpMessageConverter matched:
      - @ConditionalOnMissingBean (types: org.springframework.http.converter.StringHttpMessageConverter; SearchStrategy: all) did not find any beans (OnBeanCondition)

   JacksonAutoConfiguration matched:
      - @ConditionalOnClass found required class 'com.fasterxml.jackson.databind.ObjectMapper' (OnClassCondition)

   JacksonAutoConfiguration.Jackson2ObjectMapperBuilderCustomizerConfiguration matched:
      - @ConditionalOnClass found required class 'org.springframework.http.converter.json.Jackson2ObjectMapperBuilder' (OnClassCondition)

   JacksonAutoConfiguration.JacksonObjectMapperBuilderConfiguration matched:
      - @ConditionalOnClass found required class 'org.springframework.http.converter.json.Jackson2ObjectMapperBuilder' (OnClassCondition)

   JacksonAutoConfiguration.JacksonObjectMapperBuilderConfiguration#jacksonObjectMapperBuilder matched:
      - @ConditionalOnMissingBean (types: org.springframework.http.converter.json.Jackson2ObjectMapperBuilder; SearchStrategy: all) did not find any beans (OnBeanCondition)

   JacksonAutoConfiguration.JacksonObjectMapperConfiguration matched:
      - @ConditionalOnClass found required class 'org.springframework.http.converter.json.Jackson2ObjectMapperBuilder' (OnClassCondition)

   JacksonAutoConfiguration.JacksonObjectMapperConfiguration#jacksonObjectMapper matched:
      - @ConditionalOnMissingBean (types: com.fasterxml.jackson.databind.ObjectMapper; SearchStrategy: all) did not find any beans (OnBeanCondition)

   JacksonAutoConfiguration.ParameterNamesModuleConfiguration matched:
      - @ConditionalOnClass found required class 'com.fasterxml.jackson.module.paramnames.ParameterNamesModule' (OnClassCondition)

   JacksonAutoConfiguration.ParameterNamesModuleConfiguration#parameterNamesModule matched:
      - @ConditionalOnMissingBean (types: com.fasterxml.jackson.module.paramnames.ParameterNamesModule; SearchStrategy: all) did not find any beans (OnBeanCondition)

   JacksonHttpMessageConvertersConfiguration.MappingJackson2HttpMessageConverterConfiguration matched:
      - @ConditionalOnClass found required class 'com.fasterxml.jackson.databind.ObjectMapper' (OnClassCondition)
      - @ConditionalOnProperty (spring.mvc.converters.preferred-json-mapper=jackson) matched (OnPropertyCondition)
      - @ConditionalOnBean (types: com.fasterxml.jackson.databind.ObjectMapper; SearchStrategy: all) found bean 'jacksonObjectMapper' (OnBeanCondition)

   JacksonHttpMessageConvertersConfiguration.MappingJackson2HttpMessageConverterConfiguration#mappingJackson2HttpMessageConverter matched:
      - @ConditionalOnMissingBean (types: org.springframework.http.converter.json.MappingJackson2HttpMessageConverter ignored: org.springframework.hateoas.server.mvc.TypeConstrainedMappingJackson2HttpMessageConverter,org.springframework.data.rest.webmvc.alps.AlpsJsonHttpMessageConverter; SearchStrategy: all) did not find any beans (OnBeanCondition)

   JdbcClientAutoConfiguration matched:
      - @ConditionalOnSingleCandidate (types: org.springframework.jdbc.core.namedparam.NamedParameterJdbcTemplate; SearchStrategy: all) found a single bean 'namedParameterJdbcTemplate'; @ConditionalOnMissingBean (types: org.springframework.jdbc.core.simple.JdbcClient; SearchStrategy: all) did not find any beans (OnBeanCondition)

   JdbcTemplateAutoConfiguration matched:
      - @ConditionalOnClass found required classes 'javax.sql.DataSource', 'org.springframework.jdbc.core.JdbcTemplate' (OnClassCondition)
      - @ConditionalOnSingleCandidate (types: javax.sql.DataSource; SearchStrategy: all) found a single bean 'dataSource' (OnBeanCondition)

   JdbcTemplateConfiguration matched:
      - @ConditionalOnMissingBean (types: org.springframework.jdbc.core.JdbcOperations; SearchStrategy: all) did not find any beans (OnBeanCondition)

   JpaBaseConfiguration#entityManagerFactory matched:
      - @ConditionalOnMissingBean (types: org.springframework.orm.jpa.LocalContainerEntityManagerFactoryBean,jakarta.persistence.EntityManagerFactory; SearchStrategy: all) did not find any beans (OnBeanCondition)

   JpaBaseConfiguration#entityManagerFactoryBuilder matched:
      - @ConditionalOnMissingBean (types: org.springframework.boot.orm.jpa.EntityManagerFactoryBuilder; SearchStrategy: all) did not find any beans (OnBeanCondition)

   JpaBaseConfiguration#jpaVendorAdapter matched:
      - @ConditionalOnMissingBean (types: org.springframework.orm.jpa.JpaVendorAdapter; SearchStrategy: all) did not find any beans (OnBeanCondition)

   JpaBaseConfiguration#transactionManager matched:
      - @ConditionalOnMissingBean (types: org.springframework.transaction.TransactionManager; SearchStrategy: all) did not find any beans (OnBeanCondition)

   JpaBaseConfiguration.JpaWebConfiguration matched:
      - @ConditionalOnClass found required class 'org.springframework.web.servlet.config.annotation.WebMvcConfigurer' (OnClassCondition)
      - found 'session' scope (OnWebApplicationCondition)
      - @ConditionalOnProperty (spring.jpa.open-in-view=true) matched (OnPropertyCondition)
      - @ConditionalOnMissingBean (types: org.springframework.orm.jpa.support.OpenEntityManagerInViewInterceptor,org.springframework.orm.jpa.support.OpenEntityManagerInViewFilter; SearchStrategy: all) did not find any beans (OnBeanCondition)

   JpaBaseConfiguration.PersistenceManagedTypesConfiguration matched:
      - @ConditionalOnMissingBean (types: org.springframework.orm.jpa.LocalContainerEntityManagerFactoryBean,jakarta.persistence.EntityManagerFactory; SearchStrategy: all) did not find any beans (OnBeanCondition)

   JpaBaseConfiguration.PersistenceManagedTypesConfiguration#persistenceManagedTypes matched:
      - @ConditionalOnMissingBean (types: org.springframework.orm.jpa.persistenceunit.PersistenceManagedTypes; SearchStrategy: all) did not find any beans (OnBeanCondition)

   JpaRepositoriesAutoConfiguration matched:
      - @ConditionalOnClass found required class 'org.springframework.data.jpa.repository.JpaRepository' (OnClassCondition)
      - @ConditionalOnProperty (spring.data.jpa.repositories.enabled=true) matched (OnPropertyCondition)
      - @ConditionalOnBean (types: javax.sql.DataSource; SearchStrategy: all) found bean 'dataSource'; @ConditionalOnMissingBean (types: org.springframework.data.jpa.repository.support.JpaRepositoryFactoryBean,org.springframework.data.jpa.repository.config.JpaRepositoryConfigExtension; SearchStrategy: all) did not find any beans (OnBeanCondition)

   JtaAutoConfiguration matched:
      - @ConditionalOnClass found required class 'jakarta.transaction.Transaction' (OnClassCondition)
      - @ConditionalOnProperty (spring.jta.enabled) matched (OnPropertyCondition)

   LifecycleAutoConfiguration#defaultLifecycleProcessor matched:
      - @ConditionalOnMissingBean (names: lifecycleProcessor; SearchStrategy: current) did not find any beans (OnBeanCondition)

   MailSenderAutoConfiguration matched:
      - @ConditionalOnClass found required classes 'jakarta.mail.internet.MimeMessage', 'jakarta.activation.MimeType', 'org.springframework.mail.MailSender' (OnClassCondition)
      - AnyNestedCondition 1 matched 1 did not; NestedCondition on MailSenderAutoConfiguration.MailSenderCondition.JndiNameProperty @ConditionalOnProperty (spring.mail.jndi-name) did not find property 'jndi-name'; NestedCondition on MailSenderAutoConfiguration.MailSenderCondition.HostProperty @ConditionalOnProperty (spring.mail.host) matched (MailSenderAutoConfiguration.MailSenderCondition)
      - @ConditionalOnMissingBean (types: org.springframework.mail.MailSender; SearchStrategy: all) did not find any beans (OnBeanCondition)

   MailSenderPropertiesConfiguration matched:
      - @ConditionalOnProperty (spring.mail.host) matched (OnPropertyCondition)

   MailSenderPropertiesConfiguration#mailSender matched:
      - @ConditionalOnMissingBean (types: org.springframework.mail.javamail.JavaMailSender; SearchStrategy: all) did not find any beans (OnBeanCondition)

   MultipartAutoConfiguration matched:
      - @ConditionalOnClass found required classes 'jakarta.servlet.Servlet', 'org.springframework.web.multipart.support.StandardServletMultipartResolver', 'jakarta.servlet.MultipartConfigElement' (OnClassCondition)
      - found 'session' scope (OnWebApplicationCondition)
      - @ConditionalOnProperty (spring.servlet.multipart.enabled) matched (OnPropertyCondition)

   MultipartAutoConfiguration#multipartConfigElement matched:
      - @ConditionalOnMissingBean (types: jakarta.servlet.MultipartConfigElement; SearchStrategy: all) did not find any beans (OnBeanCondition)

   MultipartAutoConfiguration#multipartResolver matched:
      - @ConditionalOnMissingBean (types: org.springframework.web.multipart.MultipartResolver; SearchStrategy: all) did not find any beans (OnBeanCondition)

   NamedParameterJdbcTemplateConfiguration matched:
      - @ConditionalOnSingleCandidate (types: org.springframework.jdbc.core.JdbcTemplate; SearchStrategy: all) found a single bean 'jdbcTemplate'; @ConditionalOnMissingBean (types: org.springframework.jdbc.core.namedparam.NamedParameterJdbcOperations; SearchStrategy: all) did not find any beans (OnBeanCondition)

   NoOpCacheConfiguration matched:
      - Cache org.springframework.boot.autoconfigure.cache.NoOpCacheConfiguration automatic cache type (CacheCondition)

   OAuth2ClientAutoConfiguration matched:
      - @ConditionalOnClass found required classes 'org.springframework.security.config.annotation.web.configuration.EnableWebSecurity', 'org.springframework.security.oauth2.client.registration.ClientRegistration' (OnClassCondition)
      - found 'session' scope (OnWebApplicationCondition)

   OAuth2ClientRegistrationRepositoryConfiguration matched:
      - OAuth2 Clients Configured Condition found registered clients 445857838843-6dr9fp0q4nsgvloai499oblcvamrflpr.apps.googleusercontent.com, Iv23lifbXAgHKTMYabAo (ClientsConfiguredCondition)

   OAuth2ClientRegistrationRepositoryConfiguration#clientRegistrationRepository matched:
      - @ConditionalOnMissingBean (types: org.springframework.security.oauth2.client.registration.ClientRegistrationRepository; SearchStrategy: all) did not find any beans (OnBeanCondition)

   OAuth2WebSecurityConfiguration matched:
      - @ConditionalOnBean (types: org.springframework.security.oauth2.client.registration.ClientRegistrationRepository; SearchStrategy: all) found bean 'clientRegistrationRepository' (OnBeanCondition)

   OAuth2WebSecurityConfiguration#authorizedClientRepository matched:
      - @ConditionalOnMissingBean (types: org.springframework.security.oauth2.client.web.OAuth2AuthorizedClientRepository; SearchStrategy: all) did not find any beans (OnBeanCondition)

   OAuth2WebSecurityConfiguration#authorizedClientService matched:
      - @ConditionalOnMissingBean (types: org.springframework.security.oauth2.client.OAuth2AuthorizedClientService; SearchStrategy: all) did not find any beans (OnBeanCondition)

   PersistenceExceptionTranslationAutoConfiguration matched:
      - @ConditionalOnClass found required class 'org.springframework.dao.annotation.PersistenceExceptionTranslationPostProcessor' (OnClassCondition)

   PersistenceExceptionTranslationAutoConfiguration#persistenceExceptionTranslationPostProcessor matched:
      - @ConditionalOnProperty (spring.dao.exceptiontranslation.enabled) matched (OnPropertyCondition)
      - @ConditionalOnMissingBean (types: org.springframework.dao.annotation.PersistenceExceptionTranslationPostProcessor; SearchStrategy: all) did not find any beans (OnBeanCondition)

   PropertyPlaceholderAutoConfiguration#propertySourcesPlaceholderConfigurer matched:
      - @ConditionalOnMissingBean (types: org.springframework.context.support.PropertySourcesPlaceholderConfigurer; SearchStrategy: current) did not find any beans (OnBeanCondition)

   RestClientAutoConfiguration matched:
      - @ConditionalOnClass found required class 'org.springframework.web.client.RestClient' (OnClassCondition)
      - NoneNestedConditions 0 matched 1 did not; NestedCondition on NotReactiveWebApplicationCondition.ReactiveWebApplication did not find reactive web application classes (NotReactiveWebApplicationCondition)

   RestClientAutoConfiguration#httpMessageConvertersRestClientCustomizer matched:
      - @ConditionalOnMissingBean (types: org.springframework.boot.autoconfigure.web.client.HttpMessageConvertersRestClientCustomizer; SearchStrategy: all) did not find any beans (OnBeanCondition)

   RestClientAutoConfiguration#restClientBuilder matched:
      - @ConditionalOnMissingBean (types: org.springframework.web.client.RestClient$Builder; SearchStrategy: all) did not find any beans (OnBeanCondition)

   RestClientAutoConfiguration#restClientBuilderConfigurer matched:
      - @ConditionalOnMissingBean (types: org.springframework.boot.autoconfigure.web.client.RestClientBuilderConfigurer; SearchStrategy: all) did not find any beans (OnBeanCondition)

   RestClientAutoConfiguration#restClientSsl matched:
      - @ConditionalOnBean (types: org.springframework.boot.ssl.SslBundles; SearchStrategy: all) found bean 'sslBundleRegistry'; @ConditionalOnMissingBean (types: org.springframework.boot.autoconfigure.web.client.RestClientSsl; SearchStrategy: all) did not find any beans (OnBeanCondition)

   RestTemplateAutoConfiguration matched:
      - @ConditionalOnClass found required class 'org.springframework.web.client.RestTemplate' (OnClassCondition)
      - NoneNestedConditions 0 matched 1 did not; NestedCondition on NotReactiveWebApplicationCondition.ReactiveWebApplication did not find reactive web application classes (NotReactiveWebApplicationCondition)

   RestTemplateAutoConfiguration#restTemplateBuilder matched:
      - @ConditionalOnMissingBean (types: org.springframework.boot.web.client.RestTemplateBuilder; SearchStrategy: all) did not find any beans (OnBeanCondition)

   SecurityAutoConfiguration matched:
      - @ConditionalOnClass found required class 'org.springframework.security.authentication.DefaultAuthenticationEventPublisher' (OnClassCondition)

   SecurityAutoConfiguration#authenticationEventPublisher matched:
      - @ConditionalOnMissingBean (types: org.springframework.security.authentication.AuthenticationEventPublisher; SearchStrategy: all) did not find any beans (OnBeanCondition)

   SecurityFilterAutoConfiguration matched:
      - @ConditionalOnClass found required classes 'org.springframework.security.web.context.AbstractSecurityWebApplicationInitializer', 'org.springframework.security.config.http.SessionCreationPolicy' (OnClassCondition)
      - found 'session' scope (OnWebApplicationCondition)

   SecurityFilterAutoConfiguration#securityFilterChainRegistration matched:
      - @ConditionalOnBean (names: springSecurityFilterChain; SearchStrategy: all) found bean 'springSecurityFilterChain' (OnBeanCondition)

   ServletWebServerFactoryAutoConfiguration matched:
      - @ConditionalOnClass found required class 'jakarta.servlet.ServletRequest' (OnClassCondition)
      - found 'session' scope (OnWebApplicationCondition)

   ServletWebServerFactoryAutoConfiguration#tomcatServletWebServerFactoryCustomizer matched:
      - @ConditionalOnClass found required class 'org.apache.catalina.startup.Tomcat' (OnClassCondition)

   ServletWebServerFactoryConfiguration.EmbeddedTomcat matched:
      - @ConditionalOnClass found required classes 'jakarta.servlet.Servlet', 'org.apache.catalina.startup.Tomcat', 'org.apache.coyote.UpgradeProtocol' (OnClassCondition)
      - @ConditionalOnMissingBean (types: org.springframework.boot.web.servlet.server.ServletWebServerFactory; SearchStrategy: current) did not find any beans (OnBeanCondition)

   SimpleCacheConfiguration matched:
      - Cache org.springframework.boot.autoconfigure.cache.SimpleCacheConfiguration automatic cache type (CacheCondition)

   SpringBootWebSecurityConfiguration matched:
      - found 'session' scope (OnWebApplicationCondition)

   SpringDataWebAutoConfiguration matched:
      - @ConditionalOnClass found required classes 'org.springframework.data.web.PageableHandlerMethodArgumentResolver', 'org.springframework.web.servlet.config.annotation.WebMvcConfigurer' (OnClassCondition)
      - found 'session' scope (OnWebApplicationCondition)
      - @ConditionalOnMissingBean (types: org.springframework.data.web.PageableHandlerMethodArgumentResolver; SearchStrategy: all) did not find any beans (OnBeanCondition)

   SpringDataWebAutoConfiguration#pageableCustomizer matched:
      - @ConditionalOnMissingBean (types: org.springframework.data.web.config.PageableHandlerMethodArgumentResolverCustomizer; SearchStrategy: all) did not find any beans (OnBeanCondition)

   SpringDataWebAutoConfiguration#sortCustomizer matched:
      - @ConditionalOnMissingBean (types: org.springframework.data.web.config.SortHandlerMethodArgumentResolverCustomizer; SearchStrategy: all) did not find any beans (OnBeanCondition)

   SqlInitializationAutoConfiguration matched:
      - @ConditionalOnProperty (spring.sql.init.enabled) matched (OnPropertyCondition)
      - NoneNestedConditions 0 matched 1 did not; NestedCondition on SqlInitializationAutoConfiguration.SqlInitializationModeCondition.ModeIsNever @ConditionalOnProperty (spring.sql.init.mode=never) did not find property 'mode' (SqlInitializationAutoConfiguration.SqlInitializationModeCondition)

   SslAutoConfiguration#sslBundleRegistry matched:
      - @ConditionalOnMissingBean (types: org.springframework.boot.ssl.SslBundleRegistry,org.springframework.boot.ssl.SslBundles; SearchStrategy: all) did not find any beans (OnBeanCondition)

   TaskExecutionAutoConfiguration matched:
      - @ConditionalOnClass found required class 'org.springframework.scheduling.concurrent.ThreadPoolTaskExecutor' (OnClassCondition)

   TaskExecutorConfigurations.SimpleAsyncTaskExecutorBuilderConfiguration#simpleAsyncTaskExecutorBuilder matched:
      - @ConditionalOnMissingBean (types: org.springframework.boot.task.SimpleAsyncTaskExecutorBuilder; SearchStrategy: all) did not find any beans (OnBeanCondition)
      - @ConditionalOnThreading found PLATFORM (OnThreadingCondition)

   TaskExecutorConfigurations.TaskExecutorBuilderConfiguration#taskExecutorBuilder matched:
      - @ConditionalOnMissingBean (types: org.springframework.boot.task.TaskExecutorBuilder; SearchStrategy: all) did not find any beans (OnBeanCondition)

   TaskExecutorConfigurations.TaskExecutorConfiguration matched:
      - @ConditionalOnMissingBean (types: java.util.concurrent.Executor; SearchStrategy: all) did not find any beans (OnBeanCondition)

   TaskExecutorConfigurations.TaskExecutorConfiguration#applicationTaskExecutor matched:
      - @ConditionalOnThreading found PLATFORM (OnThreadingCondition)

   TaskExecutorConfigurations.ThreadPoolTaskExecutorBuilderConfiguration#threadPoolTaskExecutorBuilder matched:
      - @ConditionalOnMissingBean (types: org.springframework.boot.task.TaskExecutorBuilder,org.springframework.boot.task.ThreadPoolTaskExecutorBuilder; SearchStrategy: all) did not find any beans (OnBeanCondition)

   TaskSchedulingAutoConfiguration matched:
      - @ConditionalOnClass found required class 'org.springframework.scheduling.concurrent.ThreadPoolTaskScheduler' (OnClassCondition)

   TaskSchedulingConfigurations.SimpleAsyncTaskSchedulerBuilderConfiguration#simpleAsyncTaskSchedulerBuilder matched:
      - @ConditionalOnMissingBean (types: org.springframework.boot.task.SimpleAsyncTaskSchedulerBuilder; SearchStrategy: all) did not find any beans (OnBeanCondition)
      - @ConditionalOnThreading found PLATFORM (OnThreadingCondition)

   TaskSchedulingConfigurations.TaskSchedulerBuilderConfiguration#taskSchedulerBuilder matched:
      - @ConditionalOnMissingBean (types: org.springframework.boot.task.TaskSchedulerBuilder; SearchStrategy: all) did not find any beans (OnBeanCondition)

   TaskSchedulingConfigurations.ThreadPoolTaskSchedulerBuilderConfiguration#threadPoolTaskSchedulerBuilder matched:
      - @ConditionalOnMissingBean (types: org.springframework.boot.task.TaskSchedulerBuilder,org.springframework.boot.task.ThreadPoolTaskSchedulerBuilder; SearchStrategy: all) did not find any beans (OnBeanCondition)

   TransactionAutoConfiguration matched:
      - @ConditionalOnClass found required class 'org.springframework.transaction.PlatformTransactionManager' (OnClassCondition)

   TransactionAutoConfiguration.EnableTransactionManagementConfiguration matched:
      - @ConditionalOnBean (types: org.springframework.transaction.TransactionManager; SearchStrategy: all) found bean 'transactionManager'; @ConditionalOnMissingBean (types: org.springframework.transaction.annotation.AbstractTransactionManagementConfiguration; SearchStrategy: all) did not find any beans (OnBeanCondition)

   TransactionAutoConfiguration.EnableTransactionManagementConfiguration.CglibAutoProxyConfiguration matched:
      - @ConditionalOnProperty (spring.aop.proxy-target-class=true) matched (OnPropertyCondition)

   TransactionAutoConfiguration.TransactionTemplateConfiguration matched:
      - @ConditionalOnSingleCandidate (types: org.springframework.transaction.PlatformTransactionManager; SearchStrategy: all) found a single bean 'transactionManager' (OnBeanCondition)

   TransactionAutoConfiguration.TransactionTemplateConfiguration#transactionTemplate matched:
      - @ConditionalOnMissingBean (types: org.springframework.transaction.support.TransactionOperations; SearchStrategy: all) did not find any beans (OnBeanCondition)

   TransactionManagerCustomizationAutoConfiguration matched:
      - @ConditionalOnClass found required class 'org.springframework.transaction.PlatformTransactionManager' (OnClassCondition)

   TransactionManagerCustomizationAutoConfiguration#platformTransactionManagerCustomizers matched:
      - @ConditionalOnMissingBean (types: org.springframework.boot.autoconfigure.transaction.TransactionManagerCustomizers; SearchStrategy: all) did not find any beans (OnBeanCondition)

   ValidationAutoConfiguration matched:
      - @ConditionalOnClass found required class 'jakarta.validation.executable.ExecutableValidator' (OnClassCondition)
      - @ConditionalOnResource found location classpath:META-INF/services/jakarta.validation.spi.ValidationProvider (OnResourceCondition)

   ValidationAutoConfiguration#defaultValidator matched:
      - @ConditionalOnMissingBean (types: jakarta.validation.Validator; SearchStrategy: all) did not find any beans (OnBeanCondition)

   ValidationAutoConfiguration#methodValidationPostProcessor matched:
      - @ConditionalOnMissingBean (types: org.springframework.validation.beanvalidation.MethodValidationPostProcessor; SearchStrategy: current) did not find any beans (OnBeanCondition)

   WebMvcAutoConfiguration matched:
      - @ConditionalOnClass found required classes 'jakarta.servlet.Servlet', 'org.springframework.web.servlet.DispatcherServlet', 'org.springframework.web.servlet.config.annotation.WebMvcConfigurer' (OnClassCondition)
      - found 'session' scope (OnWebApplicationCondition)
      - @ConditionalOnMissingBean (types: org.springframework.web.servlet.config.annotation.WebMvcConfigurationSupport; SearchStrategy: all) did not find any beans (OnBeanCondition)

   WebMvcAutoConfiguration#formContentFilter matched:
      - @ConditionalOnProperty (spring.mvc.formcontent.filter.enabled) matched (OnPropertyCondition)
      - @ConditionalOnMissingBean (types: org.springframework.web.filter.FormContentFilter; SearchStrategy: all) did not find any beans (OnBeanCondition)

   WebMvcAutoConfiguration.EnableWebMvcConfiguration#flashMapManager matched:
      - @ConditionalOnMissingBean (names: flashMapManager; SearchStrategy: all) did not find any beans (OnBeanCondition)

   WebMvcAutoConfiguration.EnableWebMvcConfiguration#localeResolver matched:
      - @ConditionalOnMissingBean (names: localeResolver; SearchStrategy: all) did not find any beans (OnBeanCondition)

   WebMvcAutoConfiguration.EnableWebMvcConfiguration#themeResolver matched:
      - @ConditionalOnMissingBean (names: themeResolver; SearchStrategy: all) did not find any beans (OnBeanCondition)

   WebMvcAutoConfiguration.WebMvcAutoConfigurationAdapter#defaultViewResolver matched:
      - @ConditionalOnMissingBean (types: org.springframework.web.servlet.view.InternalResourceViewResolver; SearchStrategy: all) did not find any beans (OnBeanCondition)

   WebMvcAutoConfiguration.WebMvcAutoConfigurationAdapter#requestContextFilter matched:
      - @ConditionalOnMissingBean (types: org.springframework.web.context.request.RequestContextListener,org.springframework.web.filter.RequestContextFilter; SearchStrategy: all) did not find any beans (OnBeanCondition)

   WebMvcAutoConfiguration.WebMvcAutoConfigurationAdapter#viewResolver matched:
      - @ConditionalOnBean (types: org.springframework.web.servlet.ViewResolver; SearchStrategy: all) found beans 'defaultViewResolver', 'beanNameViewResolver', 'mvcViewResolver'; @ConditionalOnMissingBean (names: viewResolver types: org.springframework.web.servlet.view.ContentNegotiatingViewResolver; SearchStrategy: all) did not find any beans (OnBeanCondition)

   WebSocketServletAutoConfiguration matched:
      - @ConditionalOnClass found required classes 'jakarta.servlet.Servlet', 'jakarta.websocket.server.ServerContainer' (OnClassCondition)
      - found 'session' scope (OnWebApplicationCondition)

   WebSocketServletAutoConfiguration.TomcatWebSocketConfiguration matched:
      - @ConditionalOnClass found required classes 'org.apache.catalina.startup.Tomcat', 'org.apache.tomcat.websocket.server.WsSci' (OnClassCondition)

   WebSocketServletAutoConfiguration.TomcatWebSocketConfiguration#websocketServletWebServerCustomizer matched:
      - @ConditionalOnMissingBean (names: websocketServletWebServerCustomizer; SearchStrategy: all) did not find any beans (OnBeanCondition)


Negative matches:
-----------------

   ActiveMQAutoConfiguration:
      Did not match:
         - @ConditionalOnClass did not find required class 'jakarta.jms.ConnectionFactory' (OnClassCondition)

   AopAutoConfiguration.AspectJAutoProxyingConfiguration.JdkDynamicAutoProxyConfiguration:
      Did not match:
         - @ConditionalOnProperty (spring.aop.proxy-target-class=false) did not find property 'proxy-target-class' (OnPropertyCondition)

   AopAutoConfiguration.ClassProxyingConfiguration:
      Did not match:
         - @ConditionalOnMissingClass found unwanted class 'org.aspectj.weaver.Advice' (OnClassCondition)

   ArtemisAutoConfiguration:
      Did not match:
         - @ConditionalOnClass did not find required class 'jakarta.jms.ConnectionFactory' (OnClassCondition)

   BatchAutoConfiguration:
      Did not match:
         - @ConditionalOnClass did not find required class 'org.springframework.batch.core.launch.JobLauncher' (OnClassCondition)

   Cache2kCacheConfiguration:
      Did not match:
         - @ConditionalOnClass did not find required class 'org.cache2k.Cache2kBuilder' (OnClassCondition)

   CacheAutoConfiguration:
      Did not match:
         - @ConditionalOnBean (types: org.springframework.cache.interceptor.CacheAspectSupport; SearchStrategy: all) did not find any beans of type org.springframework.cache.interceptor.CacheAspectSupport (OnBeanCondition)
      Matched:
         - @ConditionalOnClass found required class 'org.springframework.cache.CacheManager' (OnClassCondition)

   CacheAutoConfiguration.CacheManagerEntityManagerFactoryDependsOnPostProcessor:
      Did not match:
         - Ancestor org.springframework.boot.autoconfigure.cache.CacheAutoConfiguration did not match (ConditionEvaluationReport.AncestorsMatchedCondition)
      Matched:
         - @ConditionalOnClass found required class 'org.springframework.orm.jpa.LocalContainerEntityManagerFactoryBean' (OnClassCondition)

   CaffeineCacheConfiguration:
      Did not match:
         - @ConditionalOnClass did not find required class 'com.github.benmanes.caffeine.cache.Caffeine' (OnClassCondition)

   CassandraAutoConfiguration:
      Did not match:
         - @ConditionalOnClass did not find required class 'com.datastax.oss.driver.api.core.CqlSession' (OnClassCondition)

   CassandraDataAutoConfiguration:
      Did not match:
         - @ConditionalOnClass did not find required class 'com.datastax.oss.driver.api.core.CqlSession' (OnClassCondition)

   CassandraReactiveDataAutoConfiguration:
      Did not match:
         - @ConditionalOnClass did not find required class 'com.datastax.oss.driver.api.core.CqlSession' (OnClassCondition)

   CassandraReactiveRepositoriesAutoConfiguration:
      Did not match:
         - @ConditionalOnClass did not find required class 'org.springframework.data.cassandra.ReactiveSession' (OnClassCondition)

   CassandraRepositoriesAutoConfiguration:
      Did not match:
         - @ConditionalOnClass did not find required class 'com.datastax.oss.driver.api.core.CqlSession' (OnClassCondition)

   ClientHttpConnectorAutoConfiguration:
      Did not match:
         - @ConditionalOnClass did not find required class 'org.springframework.web.reactive.function.client.WebClient' (OnClassCondition)

   CodecsAutoConfiguration:
      Did not match:
         - @ConditionalOnClass did not find required class 'org.springframework.web.reactive.function.client.WebClient' (OnClassCondition)

   CouchbaseAutoConfiguration:
      Did not match:
         - @ConditionalOnClass did not find required class 'com.couchbase.client.java.Cluster' (OnClassCondition)

   CouchbaseCacheConfiguration:
      Did not match:
         - @ConditionalOnClass did not find required class 'com.couchbase.client.java.Cluster' (OnClassCondition)

   CouchbaseDataAutoConfiguration:
      Did not match:
         - @ConditionalOnClass did not find required class 'com.couchbase.client.java.Bucket' (OnClassCondition)

   CouchbaseReactiveDataAutoConfiguration:
      Did not match:
         - @ConditionalOnClass did not find required class 'com.couchbase.client.java.Cluster' (OnClassCondition)

   CouchbaseReactiveRepositoriesAutoConfiguration:
      Did not match:
         - @ConditionalOnClass did not find required class 'com.couchbase.client.java.Cluster' (OnClassCondition)

   CouchbaseRepositoriesAutoConfiguration:
      Did not match:
         - @ConditionalOnClass did not find required class 'com.couchbase.client.java.Bucket' (OnClassCondition)

   DataSourceAutoConfiguration.EmbeddedDatabaseConfiguration:
      Did not match:
         - EmbeddedDataSource spring.datasource.url is set (DataSourceAutoConfiguration.EmbeddedDatabaseCondition)

   DataSourceCheckpointRestoreConfiguration:
      Did not match:
         - @ConditionalOnClass did not find required class 'org.crac.Resource' (OnClassCondition)

   DataSourceConfiguration.Dbcp2:
      Did not match:
         - @ConditionalOnClass did not find required class 'org.apache.commons.dbcp2.BasicDataSource' (OnClassCondition)

   DataSourceConfiguration.Generic:
      Did not match:
         - @ConditionalOnProperty (spring.datasource.type) did not find property 'spring.datasource.type' (OnPropertyCondition)

   DataSourceConfiguration.OracleUcp:
      Did not match:
         - @ConditionalOnClass did not find required classes 'oracle.ucp.jdbc.PoolDataSourceImpl', 'oracle.jdbc.OracleConnection' (OnClassCondition)

   DataSourceConfiguration.Tomcat:
      Did not match:
         - @ConditionalOnClass did not find required class 'org.apache.tomcat.jdbc.pool.DataSource' (OnClassCondition)

   DataSourceJmxConfiguration.TomcatDataSourceJmxConfiguration:
      Did not match:
         - @ConditionalOnClass did not find required class 'org.apache.tomcat.jdbc.pool.DataSourceProxy' (OnClassCondition)

   DataSourcePoolMetadataProvidersConfiguration.CommonsDbcp2PoolDataSourceMetadataProviderConfiguration:
      Did not match:
         - @ConditionalOnClass did not find required class 'org.apache.commons.dbcp2.BasicDataSource' (OnClassCondition)

   DataSourcePoolMetadataProvidersConfiguration.OracleUcpPoolDataSourceMetadataProviderConfiguration:
      Did not match:
         - @ConditionalOnClass did not find required classes 'oracle.ucp.jdbc.PoolDataSource', 'oracle.jdbc.OracleConnection' (OnClassCondition)

   DataSourcePoolMetadataProvidersConfiguration.TomcatDataSourcePoolMetadataProviderConfiguration:
      Did not match:
         - @ConditionalOnClass did not find required class 'org.apache.tomcat.jdbc.pool.DataSource' (OnClassCondition)

   DataSourceTransactionManagerAutoConfiguration.JdbcTransactionManagerConfiguration#transactionManager:
      Did not match:
         - @ConditionalOnMissingBean (types: org.springframework.transaction.TransactionManager; SearchStrategy: all) found beans of type 'org.springframework.transaction.TransactionManager' transactionManager (OnBeanCondition)

   DispatcherServletAutoConfiguration.DispatcherServletConfiguration#multipartResolver:
      Did not match:
         - @ConditionalOnBean (types: org.springframework.web.multipart.MultipartResolver; SearchStrategy: all) did not find any beans of type org.springframework.web.multipart.MultipartResolver (OnBeanCondition)

   ElasticsearchClientAutoConfiguration:
      Did not match:
         - @ConditionalOnClass did not find required class 'co.elastic.clients.elasticsearch.ElasticsearchClient' (OnClassCondition)

   ElasticsearchDataAutoConfiguration:
      Did not match:
         - @ConditionalOnClass did not find required class 'org.springframework.data.elasticsearch.client.elc.ElasticsearchTemplate' (OnClassCondition)

   ElasticsearchRepositoriesAutoConfiguration:
      Did not match:
         - @ConditionalOnClass did not find required class 'org.springframework.data.elasticsearch.repository.ElasticsearchRepository' (OnClassCondition)

   ElasticsearchRestClientAutoConfiguration:
      Did not match:
         - @ConditionalOnClass did not find required class 'org.elasticsearch.client.RestClientBuilder' (OnClassCondition)

   EmbeddedLdapAutoConfiguration:
      Did not match:
         - @ConditionalOnClass did not find required class 'com.unboundid.ldap.listener.InMemoryDirectoryServer' (OnClassCondition)

   EmbeddedWebServerFactoryCustomizerAutoConfiguration.JettyWebServerFactoryCustomizerConfiguration:
      Did not match:
         - @ConditionalOnClass did not find required classes 'org.eclipse.jetty.server.Server', 'org.eclipse.jetty.util.Loader', 'org.eclipse.jetty.ee10.webapp.WebAppContext' (OnClassCondition)

   EmbeddedWebServerFactoryCustomizerAutoConfiguration.NettyWebServerFactoryCustomizerConfiguration:
      Did not match:
         - @ConditionalOnClass did not find required class 'reactor.netty.http.server.HttpServer' (OnClassCondition)

   EmbeddedWebServerFactoryCustomizerAutoConfiguration.TomcatWebServerFactoryCustomizerConfiguration#tomcatVirtualThreadsProtocolHandlerCustomizer:
      Did not match:
         - @ConditionalOnThreading did not find VIRTUAL (OnThreadingCondition)

   EmbeddedWebServerFactoryCustomizerAutoConfiguration.UndertowWebServerFactoryCustomizerConfiguration:
      Did not match:
         - @ConditionalOnClass did not find required classes 'io.undertow.Undertow', 'org.xnio.SslClientAuthMode' (OnClassCondition)

   ErrorWebFluxAutoConfiguration:
      Did not match:
         - @ConditionalOnClass did not find required class 'org.springframework.web.reactive.config.WebFluxConfigurer' (OnClassCondition)

   FlywayAutoConfiguration:
      Did not match:
         - @ConditionalOnClass did not find required class 'org.flywaydb.core.Flyway' (OnClassCondition)

   FreeMarkerAutoConfiguration:
      Did not match:
         - @ConditionalOnClass did not find required class 'freemarker.template.Configuration' (OnClassCondition)

   GraphQlAutoConfiguration:
      Did not match:
         - @ConditionalOnClass did not find required class 'graphql.GraphQL' (OnClassCondition)

   GraphQlQueryByExampleAutoConfiguration:
      Did not match:
         - @ConditionalOnClass did not find required class 'graphql.GraphQL' (OnClassCondition)

   GraphQlQuerydslAutoConfiguration:
      Did not match:
         - @ConditionalOnClass did not find required class 'com.querydsl.core.Query' (OnClassCondition)

   GraphQlRSocketAutoConfiguration:
      Did not match:
         - @ConditionalOnClass did not find required class 'graphql.GraphQL' (OnClassCondition)

   GraphQlReactiveQueryByExampleAutoConfiguration:
      Did not match:
         - @ConditionalOnClass did not find required class 'graphql.GraphQL' (OnClassCondition)

   GraphQlReactiveQuerydslAutoConfiguration:
      Did not match:
         - @ConditionalOnClass did not find required class 'com.querydsl.core.Query' (OnClassCondition)

   GraphQlWebFluxAutoConfiguration:
      Did not match:
         - @ConditionalOnClass did not find required class 'graphql.GraphQL' (OnClassCondition)

   GraphQlWebFluxSecurityAutoConfiguration:
      Did not match:
         - @ConditionalOnClass did not find required class 'graphql.GraphQL' (OnClassCondition)

   GraphQlWebMvcAutoConfiguration:
      Did not match:
         - @ConditionalOnClass did not find required class 'graphql.GraphQL' (OnClassCondition)

   GraphQlWebMvcSecurityAutoConfiguration:
      Did not match:
         - @ConditionalOnClass did not find required class 'graphql.GraphQL' (OnClassCondition)

   GroovyTemplateAutoConfiguration:
      Did not match:
         - @ConditionalOnClass did not find required class 'groovy.text.markup.MarkupTemplateEngine' (OnClassCondition)

   GsonAutoConfiguration:
      Did not match:
         - @ConditionalOnClass did not find required class 'com.google.gson.Gson' (OnClassCondition)

   GsonHttpMessageConvertersConfiguration:
      Did not match:
         - @ConditionalOnClass did not find required class 'com.google.gson.Gson' (OnClassCondition)

   H2ConsoleAutoConfiguration:
      Did not match:
         - @ConditionalOnClass did not find required class 'org.h2.server.web.JakartaWebServlet' (OnClassCondition)

   HazelcastAutoConfiguration:
      Did not match:
         - @ConditionalOnClass did not find required class 'com.hazelcast.core.HazelcastInstance' (OnClassCondition)

   HazelcastCacheConfiguration:
      Did not match:
         - @ConditionalOnClass did not find required class 'com.hazelcast.core.HazelcastInstance' (OnClassCondition)

   HazelcastJpaDependencyAutoConfiguration:
      Did not match:
         - @ConditionalOnClass did not find required class 'com.hazelcast.core.HazelcastInstance' (OnClassCondition)

   HttpHandlerAutoConfiguration:
      Did not match:
         - @ConditionalOnClass did not find required class 'org.springframework.web.reactive.DispatcherHandler' (OnClassCondition)

   HypermediaAutoConfiguration:
      Did not match:
         - @ConditionalOnClass did not find required class 'org.springframework.hateoas.EntityModel' (OnClassCondition)

   InfinispanCacheConfiguration:
      Did not match:
         - @ConditionalOnClass did not find required class 'org.infinispan.spring.embedded.provider.SpringEmbeddedCacheManager' (OnClassCondition)

   InfluxDbAutoConfiguration:
      Did not match:
         - @ConditionalOnClass did not find required class 'org.influxdb.InfluxDB' (OnClassCondition)

   IntegrationAutoConfiguration:
      Did not match:
         - @ConditionalOnClass did not find required class 'org.springframework.integration.config.EnableIntegration' (OnClassCondition)

   JCacheCacheConfiguration:
      Did not match:
         - @ConditionalOnClass did not find required class 'javax.cache.Caching' (OnClassCondition)

   JacksonHttpMessageConvertersConfiguration.MappingJackson2XmlHttpMessageConverterConfiguration:
      Did not match:
         - @ConditionalOnClass did not find required class 'com.fasterxml.jackson.dataformat.xml.XmlMapper' (OnClassCondition)

   JdbcRepositoriesAutoConfiguration:
      Did not match:
         - @ConditionalOnClass did not find required class 'org.springframework.data.jdbc.repository.config.AbstractJdbcConfiguration' (OnClassCondition)

   JerseyAutoConfiguration:
      Did not match:
         - @ConditionalOnClass did not find required class 'org.glassfish.jersey.server.spring.SpringComponentProvider' (OnClassCondition)

   JmsAutoConfiguration:
      Did not match:
         - @ConditionalOnClass did not find required class 'jakarta.jms.Message' (OnClassCondition)

   JmxAutoConfiguration:
      Did not match:
         - @ConditionalOnProperty (spring.jmx.enabled=true) did not find property 'enabled' (OnPropertyCondition)
      Matched:
         - @ConditionalOnClass found required class 'org.springframework.jmx.export.MBeanExporter' (OnClassCondition)

   JndiConnectionFactoryAutoConfiguration:
      Did not match:
         - @ConditionalOnClass did not find required class 'org.springframework.jms.core.JmsTemplate' (OnClassCondition)

   JndiDataSourceAutoConfiguration:
      Did not match:
         - @ConditionalOnProperty (spring.datasource.jndi-name) did not find property 'jndi-name' (OnPropertyCondition)
      Matched:
         - @ConditionalOnClass found required classes 'javax.sql.DataSource', 'org.springframework.jdbc.datasource.embedded.EmbeddedDatabaseType' (OnClassCondition)

   JndiJtaConfiguration:
      Did not match:
         - @ConditionalOnJndi JNDI environment is not available (OnJndiCondition)
      Matched:
         - @ConditionalOnClass found required class 'org.springframework.transaction.jta.JtaTransactionManager' (OnClassCondition)

   JooqAutoConfiguration:
      Did not match:
         - @ConditionalOnClass did not find required class 'org.jooq.DSLContext' (OnClassCondition)

   JpaRepositoriesAutoConfiguration#entityManagerFactoryBootstrapExecutorCustomizer:
      Did not match:
         - AnyNestedCondition 0 matched 2 did not; NestedCondition on JpaRepositoriesAutoConfiguration.BootstrapExecutorCondition.LazyBootstrapMode @ConditionalOnProperty (spring.data.jpa.repositories.bootstrap-mode=lazy) did not find property 'bootstrap-mode'; NestedCondition on JpaRepositoriesAutoConfiguration.BootstrapExecutorCondition.DeferredBootstrapMode @ConditionalOnProperty (spring.data.jpa.repositories.bootstrap-mode=deferred) did not find property 'bootstrap-mode' (JpaRepositoriesAutoConfiguration.BootstrapExecutorCondition)

   JsonbAutoConfiguration:
      Did not match:
         - @ConditionalOnClass did not find required class 'jakarta.json.bind.Jsonb' (OnClassCondition)

   JsonbHttpMessageConvertersConfiguration:
      Did not match:
         - @ConditionalOnClass did not find required class 'jakarta.json.bind.Jsonb' (OnClassCondition)

   KafkaAutoConfiguration:
      Did not match:
         - @ConditionalOnClass did not find required class 'org.springframework.kafka.core.KafkaTemplate' (OnClassCondition)

   LdapAutoConfiguration:
      Did not match:
         - @ConditionalOnClass did not find required class 'org.springframework.ldap.core.ContextSource' (OnClassCondition)

   LdapRepositoriesAutoConfiguration:
      Did not match:
         - @ConditionalOnClass did not find required class 'org.springframework.data.ldap.repository.LdapRepository' (OnClassCondition)

   LiquibaseAutoConfiguration:
      Did not match:
         - @ConditionalOnClass did not find required class 'liquibase.change.DatabaseChange' (OnClassCondition)

   MailSenderJndiConfiguration:
      Did not match:
         - @ConditionalOnProperty (spring.mail.jndi-name) did not find property 'jndi-name' (OnPropertyCondition)
      Matched:
         - @ConditionalOnClass found required class 'jakarta.mail.Session' (OnClassCondition)

   MailSenderValidatorAutoConfiguration:
      Did not match:
         - @ConditionalOnProperty (spring.mail.test-connection) did not find property 'test-connection' (OnPropertyCondition)

   MessageSourceAutoConfiguration:
      Did not match:
         - ResourceBundle did not find bundle with basename messages (MessageSourceAutoConfiguration.ResourceBundleCondition)

   MongoAutoConfiguration:
      Did not match:
         - @ConditionalOnClass did not find required class 'com.mongodb.client.MongoClient' (OnClassCondition)

   MongoDataAutoConfiguration:
      Did not match:
         - @ConditionalOnClass did not find required class 'com.mongodb.client.MongoClient' (OnClassCondition)

   MongoReactiveAutoConfiguration:
      Did not match:
         - @ConditionalOnClass did not find required class 'com.mongodb.reactivestreams.client.MongoClient' (OnClassCondition)

   MongoReactiveDataAutoConfiguration:
      Did not match:
         - @ConditionalOnClass did not find required class 'com.mongodb.reactivestreams.client.MongoClient' (OnClassCondition)

   MongoReactiveRepositoriesAutoConfiguration:
      Did not match:
         - @ConditionalOnClass did not find required class 'com.mongodb.reactivestreams.client.MongoClient' (OnClassCondition)

   MongoRepositoriesAutoConfiguration:
      Did not match:
         - @ConditionalOnClass did not find required class 'com.mongodb.client.MongoClient' (OnClassCondition)

   MustacheAutoConfiguration:
      Did not match:
         - @ConditionalOnClass did not find required class 'com.samskivert.mustache.Mustache' (OnClassCondition)

   Neo4jAutoConfiguration:
      Did not match:
         - @ConditionalOnClass did not find required class 'org.neo4j.driver.Driver' (OnClassCondition)

   Neo4jDataAutoConfiguration:
      Did not match:
         - @ConditionalOnClass did not find required class 'org.neo4j.driver.Driver' (OnClassCondition)

   Neo4jReactiveDataAutoConfiguration:
      Did not match:
         - @ConditionalOnClass did not find required class 'org.neo4j.driver.Driver' (OnClassCondition)

   Neo4jReactiveRepositoriesAutoConfiguration:
      Did not match:
         - @ConditionalOnClass did not find required class 'org.neo4j.driver.Driver' (OnClassCondition)

   Neo4jRepositoriesAutoConfiguration:
      Did not match:
         - @ConditionalOnClass did not find required class 'org.neo4j.driver.Driver' (OnClassCondition)

   NettyAutoConfiguration:
      Did not match:
         - @ConditionalOnClass did not find required class 'io.netty.util.NettyRuntime' (OnClassCondition)

   OAuth2AuthorizationServerAutoConfiguration:
      Did not match:
         - @ConditionalOnClass did not find required class 'org.springframework.security.oauth2.server.authorization.OAuth2Authorization' (OnClassCondition)

   OAuth2AuthorizationServerJwtAutoConfiguration:
      Did not match:
         - @ConditionalOnClass did not find required class 'org.springframework.security.oauth2.server.authorization.OAuth2Authorization' (OnClassCondition)

   OAuth2ResourceServerAutoConfiguration:
      Did not match:
         - @ConditionalOnClass did not find required class 'org.springframework.security.oauth2.server.resource.authentication.BearerTokenAuthenticationToken' (OnClassCondition)

   OAuth2WebSecurityConfiguration.OAuth2SecurityFilterChainConfiguration:
      Did not match:
         - AllNestedConditions 1 matched 1 did not; NestedCondition on DefaultWebSecurityCondition.Beans @ConditionalOnMissingBean (types: org.springframework.security.web.SecurityFilterChain; SearchStrategy: all) found beans of type 'org.springframework.security.web.SecurityFilterChain' securityFilterChain; NestedCondition on DefaultWebSecurityCondition.Classes @ConditionalOnClass found required classes 'org.springframework.security.web.SecurityFilterChain', 'org.springframework.security.config.annotation.web.builders.HttpSecurity' (DefaultWebSecurityCondition)

   ProjectInfoAutoConfiguration#buildProperties:
      Did not match:
         - @ConditionalOnResource did not find resource '${spring.info.build.location:classpath:META-INF/build-info.properties}' (OnResourceCondition)

   ProjectInfoAutoConfiguration#gitProperties:
      Did not match:
         - GitResource did not find git info at classpath:git.properties (ProjectInfoAutoConfiguration.GitResourceAvailableCondition)

   PulsarAutoConfiguration:
      Did not match:
         - @ConditionalOnClass did not find required class 'org.apache.pulsar.client.api.PulsarClient' (OnClassCondition)

   PulsarReactiveAutoConfiguration:
      Did not match:
         - @ConditionalOnClass did not find required class 'org.apache.pulsar.client.api.PulsarClient' (OnClassCondition)

   QuartzAutoConfiguration:
      Did not match:
         - @ConditionalOnClass did not find required class 'org.quartz.Scheduler' (OnClassCondition)

   R2dbcAutoConfiguration:
      Did not match:
         - @ConditionalOnClass did not find required class 'io.r2dbc.spi.ConnectionFactory' (OnClassCondition)

   R2dbcDataAutoConfiguration:
      Did not match:
         - @ConditionalOnClass did not find required class 'org.springframework.data.r2dbc.core.R2dbcEntityTemplate' (OnClassCondition)

   R2dbcInitializationConfiguration:
      Did not match:
         - @ConditionalOnClass did not find required classes 'io.r2dbc.spi.ConnectionFactory', 'org.springframework.r2dbc.connection.init.DatabasePopulator' (OnClassCondition)

   R2dbcRepositoriesAutoConfiguration:
      Did not match:
         - @ConditionalOnClass did not find required class 'io.r2dbc.spi.ConnectionFactory' (OnClassCondition)

   R2dbcTransactionManagerAutoConfiguration:
      Did not match:
         - @ConditionalOnClass did not find required class 'org.springframework.r2dbc.connection.R2dbcTransactionManager' (OnClassCondition)

   RSocketGraphQlClientAutoConfiguration:
      Did not match:
         - @ConditionalOnClass did not find required class 'graphql.GraphQL' (OnClassCondition)

   RSocketMessagingAutoConfiguration:
      Did not match:
         - @ConditionalOnClass did not find required class 'io.rsocket.RSocket' (OnClassCondition)

   RSocketRequesterAutoConfiguration:
      Did not match:
         - @ConditionalOnClass did not find required class 'io.rsocket.RSocket' (OnClassCondition)

   RSocketSecurityAutoConfiguration:
      Did not match:
         - @ConditionalOnClass did not find required class 'org.springframework.security.rsocket.core.SecuritySocketAcceptorInterceptor' (OnClassCondition)

   RSocketServerAutoConfiguration:
      Did not match:
         - @ConditionalOnClass did not find required class 'io.rsocket.core.RSocketServer' (OnClassCondition)

   RSocketStrategiesAutoConfiguration:
      Did not match:
         - @ConditionalOnClass did not find required class 'io.netty.buffer.PooledByteBufAllocator' (OnClassCondition)

   RabbitAutoConfiguration:
      Did not match:
         - @ConditionalOnClass did not find required class 'com.rabbitmq.client.Channel' (OnClassCondition)

   ReactiveElasticsearchClientAutoConfiguration:
      Did not match:
         - @ConditionalOnClass did not find required class 'co.elastic.clients.transport.ElasticsearchTransport' (OnClassCondition)

   ReactiveElasticsearchRepositoriesAutoConfiguration:
      Did not match:
         - @ConditionalOnClass did not find required class 'reactor.core.publisher.Mono' (OnClassCondition)

   ReactiveMultipartAutoConfiguration:
      Did not match:
         - @ConditionalOnClass did not find required class 'org.springframework.web.reactive.config.WebFluxConfigurer' (OnClassCondition)

   ReactiveOAuth2ClientAutoConfiguration:
      Did not match:
         - @ConditionalOnClass did not find required class 'reactor.core.publisher.Flux' (OnClassCondition)

   ReactiveOAuth2ResourceServerAutoConfiguration:
      Did not match:
         - @ConditionalOnWebApplication did not find reactive web application classes (OnWebApplicationCondition)

   ReactiveSecurityAutoConfiguration:
      Did not match:
         - @ConditionalOnClass did not find required class 'reactor.core.publisher.Flux' (OnClassCondition)

   ReactiveUserDetailsServiceAutoConfiguration:
      Did not match:
         - AnyNestedCondition 0 matched 3 did not; NestedCondition on ReactiveUserDetailsServiceAutoConfiguration.MissingAlternativeOrUserPropertiesConfigured.PasswordConfigured @ConditionalOnProperty (spring.security.user.password) did not find property 'password'; NestedCondition on ReactiveUserDetailsServiceAutoConfiguration.MissingAlternativeOrUserPropertiesConfigured.NameConfigured @ConditionalOnProperty (spring.security.user.name) did not find property 'name'; NestedCondition on ReactiveUserDetailsServiceAutoConfiguration.MissingAlternativeOrUserPropertiesConfigured.MissingAlternative @ConditionalOnMissingClass found unwanted class 'org.springframework.security.oauth2.client.registration.ClientRegistrationRepository' (ReactiveUserDetailsServiceAutoConfiguration.MissingAlternativeOrUserPropertiesConfigured)
      Matched:
         - @ConditionalOnClass found required class 'org.springframework.security.authentication.ReactiveAuthenticationManager' (OnClassCondition)

   ReactiveWebServerFactoryAutoConfiguration:
      Did not match:
         - @ConditionalOnWebApplication did not find reactive web application classes (OnWebApplicationCondition)

   ReactorAutoConfiguration:
      Did not match:
         - @ConditionalOnClass did not find required class 'reactor.core.publisher.Hooks' (OnClassCondition)

   RedisAutoConfiguration:
      Did not match:
         - @ConditionalOnClass did not find required class 'org.springframework.data.redis.core.RedisOperations' (OnClassCondition)

   RedisCacheConfiguration:
      Did not match:
         - @ConditionalOnClass did not find required class 'org.springframework.data.redis.connection.RedisConnectionFactory' (OnClassCondition)

   RedisReactiveAutoConfiguration:
      Did not match:
         - @ConditionalOnClass did not find required class 'reactor.core.publisher.Flux' (OnClassCondition)

   RedisRepositoriesAutoConfiguration:
      Did not match:
         - @ConditionalOnClass did not find required class 'org.springframework.data.redis.repository.configuration.EnableRedisRepositories' (OnClassCondition)

   RepositoryRestMvcAutoConfiguration:
      Did not match:
         - @ConditionalOnClass did not find required class 'org.springframework.data.rest.webmvc.config.RepositoryRestMvcConfiguration' (OnClassCondition)

   Saml2RelyingPartyAutoConfiguration:
      Did not match:
         - @ConditionalOnClass did not find required class 'org.springframework.security.saml2.provider.service.registration.RelyingPartyRegistrationRepository' (OnClassCondition)

   SecurityDataConfiguration:
      Did not match:
         - @ConditionalOnClass did not find required class 'org.springframework.security.data.repository.query.SecurityEvaluationContextExtension' (OnClassCondition)

   SendGridAutoConfiguration:
      Did not match:
         - @ConditionalOnClass did not find required class 'com.sendgrid.SendGrid' (OnClassCondition)

   ServletWebServerFactoryAutoConfiguration.ForwardedHeaderFilterConfiguration:
      Did not match:
         - @ConditionalOnProperty (server.forward-headers-strategy=framework) did not find property 'server.forward-headers-strategy' (OnPropertyCondition)

   ServletWebServerFactoryConfiguration.EmbeddedJetty:
      Did not match:
         - @ConditionalOnClass did not find required classes 'org.eclipse.jetty.server.Server', 'org.eclipse.jetty.util.Loader', 'org.eclipse.jetty.ee10.webapp.WebAppContext' (OnClassCondition)

   ServletWebServerFactoryConfiguration.EmbeddedUndertow:
      Did not match:
         - @ConditionalOnClass did not find required classes 'io.undertow.Undertow', 'org.xnio.SslClientAuthMode' (OnClassCondition)

   SessionAutoConfiguration:
      Did not match:
         - @ConditionalOnClass did not find required class 'org.springframework.session.Session' (OnClassCondition)

   SpringApplicationAdminJmxAutoConfiguration:
      Did not match:
         - @ConditionalOnProperty (spring.application.admin.enabled=true) did not find property 'enabled' (OnPropertyCondition)

   SpringBootWebSecurityConfiguration.SecurityFilterChainConfiguration:
      Did not match:
         - AllNestedConditions 1 matched 1 did not; NestedCondition on DefaultWebSecurityCondition.Beans @ConditionalOnMissingBean (types: org.springframework.security.web.SecurityFilterChain; SearchStrategy: all) found beans of type 'org.springframework.security.web.SecurityFilterChain' securityFilterChain; NestedCondition on DefaultWebSecurityCondition.Classes @ConditionalOnClass found required classes 'org.springframework.security.web.SecurityFilterChain', 'org.springframework.security.config.annotation.web.builders.HttpSecurity' (DefaultWebSecurityCondition)

   SpringBootWebSecurityConfiguration.WebSecurityEnablerConfiguration:
      Did not match:
         - @ConditionalOnMissingBean (names: springSecurityFilterChain; SearchStrategy: all) found beans named springSecurityFilterChain (OnBeanCondition)
      Matched:
         - @ConditionalOnClass found required class 'org.springframework.security.config.annotation.web.configuration.EnableWebSecurity' (OnClassCondition)

   TaskExecutorConfigurations.SimpleAsyncTaskExecutorBuilderConfiguration#simpleAsyncTaskExecutorBuilderVirtualThreads:
      Did not match:
         - @ConditionalOnMissingBean (types: org.springframework.boot.task.SimpleAsyncTaskExecutorBuilder; SearchStrategy: all) found beans of type 'org.springframework.boot.task.SimpleAsyncTaskExecutorBuilder' simpleAsyncTaskExecutorBuilder (OnBeanCondition)

   TaskExecutorConfigurations.TaskExecutorConfiguration#applicationTaskExecutorVirtualThreads:
      Did not match:
         - @ConditionalOnThreading did not find VIRTUAL (OnThreadingCondition)

   TaskSchedulingAutoConfiguration#scheduledBeanLazyInitializationExcludeFilter:
      Did not match:
         - @ConditionalOnBean (names: org.springframework.context.annotation.internalScheduledAnnotationProcessor; SearchStrategy: all) did not find any beans named org.springframework.context.annotation.internalScheduledAnnotationProcessor (OnBeanCondition)

   TaskSchedulingConfigurations.SimpleAsyncTaskSchedulerBuilderConfiguration#simpleAsyncTaskSchedulerBuilderVirtualThreads:
      Did not match:
         - @ConditionalOnMissingBean (types: org.springframework.boot.task.SimpleAsyncTaskSchedulerBuilder; SearchStrategy: all) found beans of type 'org.springframework.boot.task.SimpleAsyncTaskSchedulerBuilder' simpleAsyncTaskSchedulerBuilder (OnBeanCondition)

   TaskSchedulingConfigurations.TaskSchedulerConfiguration:
      Did not match:
         - @ConditionalOnBean (names: org.springframework.context.annotation.internalScheduledAnnotationProcessor; SearchStrategy: all) did not find any beans named org.springframework.context.annotation.internalScheduledAnnotationProcessor (OnBeanCondition)

   ThymeleafAutoConfiguration:
      Did not match:
         - @ConditionalOnClass did not find required class 'org.thymeleaf.spring6.SpringTemplateEngine' (OnClassCondition)

   TransactionAutoConfiguration#transactionalOperator:
      Did not match:
         - @ConditionalOnSingleCandidate (types: org.springframework.transaction.ReactiveTransactionManager; SearchStrategy: all) did not find any beans (OnBeanCondition)

   TransactionAutoConfiguration.AspectJTransactionManagementConfiguration:
      Did not match:
         - @ConditionalOnBean (types: org.springframework.transaction.aspectj.AbstractTransactionAspect; SearchStrategy: all) did not find any beans of type org.springframework.transaction.aspectj.AbstractTransactionAspect (OnBeanCondition)

   TransactionAutoConfiguration.EnableTransactionManagementConfiguration.JdkDynamicAutoProxyConfiguration:
      Did not match:
         - @ConditionalOnProperty (spring.aop.proxy-target-class=false) did not find property 'proxy-target-class' (OnPropertyCondition)

   UserDetailsServiceAutoConfiguration:
      Did not match:
         - AnyNestedCondition 0 matched 3 did not; NestedCondition on UserDetailsServiceAutoConfiguration.MissingAlternativeOrUserPropertiesConfigured.PasswordConfigured @ConditionalOnProperty (spring.security.user.password) did not find property 'password'; NestedCondition on UserDetailsServiceAutoConfiguration.MissingAlternativeOrUserPropertiesConfigured.NameConfigured @ConditionalOnProperty (spring.security.user.name) did not find property 'name'; NestedCondition on UserDetailsServiceAutoConfiguration.MissingAlternativeOrUserPropertiesConfigured.MissingAlternative @ConditionalOnMissingClass found unwanted class 'org.springframework.security.oauth2.client.registration.ClientRegistrationRepository' (UserDetailsServiceAutoConfiguration.MissingAlternativeOrUserPropertiesConfigured)
      Matched:
         - @ConditionalOnClass found required class 'org.springframework.security.authentication.AuthenticationManager' (OnClassCondition)

   WebClientAutoConfiguration:
      Did not match:
         - @ConditionalOnClass did not find required class 'org.springframework.web.reactive.function.client.WebClient' (OnClassCondition)

   WebFluxAutoConfiguration:
      Did not match:
         - @ConditionalOnClass did not find required class 'org.springframework.web.reactive.config.WebFluxConfigurer' (OnClassCondition)

   WebMvcAutoConfiguration#hiddenHttpMethodFilter:
      Did not match:
         - @ConditionalOnProperty (spring.mvc.hiddenmethod.filter.enabled) did not find property 'enabled' (OnPropertyCondition)

   WebMvcAutoConfiguration.ProblemDetailsErrorHandlingConfiguration:
      Did not match:
         - @ConditionalOnProperty (spring.mvc.problemdetails.enabled=true) did not find property 'enabled' (OnPropertyCondition)

   WebMvcAutoConfiguration.ResourceChainCustomizerConfiguration:
      Did not match:
         - @ConditionalOnEnabledResourceChain did not find class org.webjars.WebJarAssetLocator (OnEnabledResourceChainCondition)

   WebMvcAutoConfiguration.WebMvcAutoConfigurationAdapter#beanNameViewResolver:
      Did not match:
         - @ConditionalOnMissingBean (types: org.springframework.web.servlet.view.BeanNameViewResolver; SearchStrategy: all) found beans of type 'org.springframework.web.servlet.view.BeanNameViewResolver' beanNameViewResolver (OnBeanCondition)

   WebServiceTemplateAutoConfiguration:
      Did not match:
         - @ConditionalOnClass did not find required class 'org.springframework.oxm.Marshaller' (OnClassCondition)

   WebServicesAutoConfiguration:
      Did not match:
         - @ConditionalOnClass did not find required class 'org.springframework.ws.transport.http.MessageDispatcherServlet' (OnClassCondition)

   WebSessionIdResolverAutoConfiguration:
      Did not match:
         - @ConditionalOnClass did not find required class 'reactor.core.publisher.Mono' (OnClassCondition)

   WebSocketMessagingAutoConfiguration:
      Did not match:
         - @ConditionalOnClass did not find required class 'org.springframework.web.socket.config.annotation.WebSocketMessageBrokerConfigurer' (OnClassCondition)

   WebSocketReactiveAutoConfiguration:
      Did not match:
         - @ConditionalOnWebApplication did not find reactive web application classes (OnWebApplicationCondition)

   WebSocketServletAutoConfiguration.JettyWebSocketConfiguration:
      Did not match:
         - @ConditionalOnClass did not find required class 'org.eclipse.jetty.ee10.websocket.jakarta.server.config.JakartaWebSocketServletContainerInitializer' (OnClassCondition)

   WebSocketServletAutoConfiguration.UndertowWebSocketConfiguration:
      Did not match:
         - @ConditionalOnClass did not find required class 'io.undertow.websockets.jsr.Bootstrap' (OnClassCondition)

   XADataSourceAutoConfiguration:
      Did not match:
         - @ConditionalOnBean (types: org.springframework.boot.jdbc.XADataSourceWrapper; SearchStrategy: all) did not find any beans of type org.springframework.boot.jdbc.XADataSourceWrapper (OnBeanCondition)
      Matched:
         - @ConditionalOnClass found required classes 'javax.sql.DataSource', 'jakarta.transaction.TransactionManager', 'org.springframework.jdbc.datasource.embedded.EmbeddedDatabaseType' (OnClassCondition)


Exclusions:
-----------

    None


Unconditional classes:
----------------------

    org.springframework.boot.autoconfigure.context.ConfigurationPropertiesAutoConfiguration

    org.springframework.boot.autoconfigure.ssl.SslAutoConfiguration

    org.springframework.boot.autoconfigure.context.LifecycleAutoConfiguration

    org.springframework.boot.autoconfigure.context.PropertyPlaceholderAutoConfiguration

    org.springframework.boot.autoconfigure.availability.ApplicationAvailabilityAutoConfiguration

    org.springframework.boot.autoconfigure.info.ProjectInfoAutoConfiguration



2026-03-30T04:07:56.356+05:30  INFO 25844 --- [           main] c.ecotrack.backend.BackendApplication    : Started BackendApplication in 4.496 seconds (process running for 4.749)
2026-03-30T04:07:56.357+05:30 DEBUG 25844 --- [           main] o.s.b.a.ApplicationAvailabilityBean      : Application availability state LivenessState changed to CORRECT
2026-03-30T04:07:56.433+05:30 DEBUG 25844 --- [           main] org.hibernate.SQL                        : select u1_0.id,u1_0.created_at,u1_0.email,u1_0.enabled,u1_0.name,u1_0.otp,u1_0.otp_expiry,u1_0.password,u1_0.role from users u1_0 where u1_0.email=?
2026-03-30T04:07:56.532+05:30 DEBUG 25844 --- [           main] org.hibernate.SQL                        : select u1_0.id,u1_0.created_at,u1_0.email,u1_0.enabled,u1_0.name,u1_0.otp,u1_0.otp_expiry,u1_0.password,u1_0.role from users u1_0 where u1_0.id=?
2026-03-30T04:07:56.550+05:30 DEBUG 25844 --- [           main] org.hibernate.SQL                        : update users set created_at=?,email=?,enabled=?,name=?,otp=?,otp_expiry=?,password=?,role=? where id=?
2026-03-30T04:07:56.557+05:30 DEBUG 25844 --- [           main] org.hibernate.SQL                        : select u1_0.id,u1_0.created_at,u1_0.email,u1_0.enabled,u1_0.name,u1_0.otp,u1_0.otp_expiry,u1_0.password,u1_0.role from users u1_0 where u1_0.email=?
2026-03-30T04:07:56.623+05:30 DEBUG 25844 --- [           main] org.hibernate.SQL                        : select u1_0.id,u1_0.created_at,u1_0.email,u1_0.enabled,u1_0.name,u1_0.otp,u1_0.otp_expiry,u1_0.password,u1_0.role from users u1_0 where u1_0.id=?
2026-03-30T04:07:56.626+05:30 DEBUG 25844 --- [           main] org.hibernate.SQL                        : update users set created_at=?,email=?,enabled=?,name=?,otp=?,otp_expiry=?,password=?,role=? where id=?
2026-03-30T04:07:56.628+05:30 DEBUG 25844 --- [           main] org.hibernate.SQL                        : select u1_0.id,u1_0.created_at,u1_0.email,u1_0.enabled,u1_0.name,u1_0.otp,u1_0.otp_expiry,u1_0.password,u1_0.role from users u1_0 where u1_0.email=?
2026-03-30T04:07:56.697+05:30 DEBUG 25844 --- [           main] org.hibernate.SQL                        : select u1_0.id,u1_0.created_at,u1_0.email,u1_0.enabled,u1_0.name,u1_0.otp,u1_0.otp_expiry,u1_0.password,u1_0.role from users u1_0 where u1_0.id=?
2026-03-30T04:07:56.701+05:30 DEBUG 25844 --- [           main] org.hibernate.SQL                        : update users set created_at=?,email=?,enabled=?,name=?,otp=?,otp_expiry=?,password=?,role=? where id=?
2026-03-30T04:07:56.706+05:30 DEBUG 25844 --- [           main] org.hibernate.SQL                        : select ls1_0.id,ls1_0.buys_local_food,ls1_0.buys_second_hand,ls1_0.car_type,ls1_0.diet_type,ls1_0.estimated_annual_footprint,ls1_0.has_renewable_energy,ls1_0.home_heating,ls1_0.long_flights_per_year,ls1_0.meat_meals_per_week,ls1_0.monthly_electricity_kwh,ls1_0.primary_transport,ls1_0.shopping_habits,ls1_0.short_flights_per_year,ls1_0.user_id,ls1_0.weekly_driving_km from lifestyle_surveys ls1_0 where ls1_0.user_id=?
2026-03-30T04:07:56.714+05:30 DEBUG 25844 --- [           main] org.hibernate.SQL                        : select ls1_0.id,ls1_0.buys_local_food,ls1_0.buys_second_hand,ls1_0.car_type,ls1_0.diet_type,ls1_0.estimated_annual_footprint,ls1_0.has_renewable_energy,ls1_0.home_heating,ls1_0.long_flights_per_year,ls1_0.meat_meals_per_week,ls1_0.monthly_electricity_kwh,ls1_0.primary_transport,ls1_0.shopping_habits,ls1_0.short_flights_per_year,ls1_0.user_id,ls1_0.weekly_driving_km from lifestyle_surveys ls1_0 where ls1_0.user_id=?
2026-03-30T04:07:56.717+05:30 DEBUG 25844 --- [           main] org.hibernate.SQL                        : select ls1_0.id,ls1_0.buys_local_food,ls1_0.buys_second_hand,ls1_0.car_type,ls1_0.diet_type,ls1_0.estimated_annual_footprint,ls1_0.has_renewable_energy,ls1_0.home_heating,ls1_0.long_flights_per_year,ls1_0.meat_meals_per_week,ls1_0.monthly_electricity_kwh,ls1_0.primary_transport,ls1_0.shopping_habits,ls1_0.short_flights_per_year,ls1_0.user_id,ls1_0.weekly_driving_km from lifestyle_surveys ls1_0 where ls1_0.user_id=?
2026-03-30T04:07:56.720+05:30 DEBUG 25844 --- [           main] org.hibernate.SQL                        : select ce1_0.id,ce1_0.activity,ce1_0.amount,ce1_0.category,ce1_0.created_at,ce1_0.date,ce1_0.notes,ce1_0.unit,ce1_0.user_id from carbon_entries ce1_0 where ce1_0.user_id=? order by ce1_0.date desc,ce1_0.created_at desc
2026-03-30T04:07:56.725+05:30 DEBUG 25844 --- [           main] org.hibernate.SQL                        : select ce1_0.id,ce1_0.activity,ce1_0.amount,ce1_0.category,ce1_0.created_at,ce1_0.date,ce1_0.notes,ce1_0.unit,ce1_0.user_id from carbon_entries ce1_0 where ce1_0.user_id=? order by ce1_0.date desc,ce1_0.created_at desc
2026-03-30T04:07:56.727+05:30 DEBUG 25844 --- [           main] org.hibernate.SQL                        : select ce1_0.id,ce1_0.activity,ce1_0.amount,ce1_0.category,ce1_0.created_at,ce1_0.date,ce1_0.notes,ce1_0.unit,ce1_0.user_id from carbon_entries ce1_0 where ce1_0.user_id=? order by ce1_0.date desc,ce1_0.created_at desc
2026-03-30T04:07:56.729+05:30 DEBUG 25844 --- [           main] org.hibernate.SQL                        : select g1_0.id,g1_0.category,g1_0.created_at,g1_0.current_progress,g1_0.deadline,g1_0.description,g1_0.status,g1_0.target_amount,g1_0.title,g1_0.user_id from goals g1_0 where g1_0.user_id=? order by g1_0.created_at desc
2026-03-30T04:07:56.733+05:30 DEBUG 25844 --- [           main] org.hibernate.SQL                        : select g1_0.id,g1_0.category,g1_0.created_at,g1_0.current_progress,g1_0.deadline,g1_0.description,g1_0.status,g1_0.target_amount,g1_0.title,g1_0.user_id from goals g1_0 where g1_0.user_id=? order by g1_0.created_at desc
2026-03-30T04:07:56.735+05:30 DEBUG 25844 --- [           main] org.hibernate.SQL                        : select g1_0.id,g1_0.category,g1_0.created_at,g1_0.current_progress,g1_0.deadline,g1_0.description,g1_0.status,g1_0.target_amount,g1_0.title,g1_0.user_id from goals g1_0 where g1_0.user_id=? order by g1_0.created_at desc
2026-03-30T04:07:56.737+05:30 DEBUG 25844 --- [           main] org.hibernate.SQL                        : select b1_0.id,b1_0.active,b1_0.bg_color,b1_0.category,b1_0.color,b1_0.created_at,b1_0.created_by,b1_0.description,b1_0.icon,b1_0.name,b1_0.threshold_kg from badges b1_0 where b1_0.active
2026-03-30T04:07:56.744+05:30 DEBUG 25844 --- [           main] org.hibernate.SQL                        : select mi1_0.id,mi1_0.carbon_offset_value,mi1_0.created_at,mi1_0.description,mi1_0.item_name,mi1_0.item_type,mi1_0.price from marketplace mi1_0
2026-03-30T04:07:56.749+05:30 DEBUG 25844 --- [           main] org.hibernate.SQL                        : insert into marketplace (carbon_offset_value,created_at,description,item_name,item_type,price) values (?,?,?,?,?,?) returning id
2026-03-30T04:07:56.757+05:30 DEBUG 25844 --- [           main] org.hibernate.SQL                        : insert into marketplace (carbon_offset_value,created_at,description,item_name,item_type,price) values (?,?,?,?,?,?) returning id
2026-03-30T04:07:56.758+05:30 DEBUG 25844 --- [           main] org.hibernate.SQL                        : insert into marketplace (carbon_offset_value,created_at,description,item_name,item_type,price) values (?,?,?,?,?,?) returning id
2026-03-30T04:07:56.761+05:30 DEBUG 25844 --- [           main] org.hibernate.SQL                        : select pt1_0.id,pt1_0.amount,pt1_0.created_at,pt1_0.marketplace_item_id,pt1_0.status,pt1_0.user_id from transactions pt1_0
2026-03-30T04:07:56.763+05:30 DEBUG 25844 --- [           main] org.hibernate.SQL                        : select mi1_0.id,mi1_0.carbon_offset_value,mi1_0.created_at,mi1_0.description,mi1_0.item_name,mi1_0.item_type,mi1_0.price from marketplace mi1_0
2026-03-30T04:07:56.766+05:30 DEBUG 25844 --- [           main] org.hibernate.SQL                        : select mi1_0.id,mi1_0.carbon_offset_value,mi1_0.created_at,mi1_0.description,mi1_0.item_name,mi1_0.item_type,mi1_0.price from marketplace mi1_0 order by mi1_0.created_at desc
2026-03-30T04:07:56.770+05:30 DEBUG 25844 --- [           main] org.hibernate.SQL                        : insert into transactions (amount,created_at,marketplace_item_id,status,user_id) values (?,?,?,?,?) returning id
2026-03-30T04:07:56.772+05:30 DEBUG 25844 --- [           main] org.hibernate.SQL                        : insert into transactions (amount,created_at,marketplace_item_id,status,user_id) values (?,?,?,?,?) returning id
2026-03-30T04:07:56.775+05:30 DEBUG 25844 --- [           main] org.hibernate.SQL                        : select un1_0.id,un1_0.created_at,un1_0.message,un1_0.is_read,un1_0.title,un1_0.type,un1_0.user_id from notifications un1_0
2026-03-30T04:07:56.777+05:30 DEBUG 25844 --- [           main] org.hibernate.SQL                        : insert into notifications (created_at,message,is_read,title,type,user_id) values (?,?,?,?,?,?) returning id
2026-03-30T04:07:56.779+05:30 DEBUG 25844 --- [           main] org.hibernate.SQL                        : insert into notifications (created_at,message,is_read,title,type,user_id) values (?,?,?,?,?,?) returning id
2026-03-30T04:07:56.780+05:30 DEBUG 25844 --- [           main] org.hibernate.SQL                        : insert into notifications (created_at,message,is_read,title,type,user_id) values (?,?,?,?,?,?) returning id
2026-03-30T04:07:56.781+05:30 DEBUG 25844 --- [           main] org.hibernate.SQL                        : insert into notifications (created_at,message,is_read,title,type,user_id) values (?,?,?,?,?,?) returning id
2026-03-30T04:07:56.783+05:30 DEBUG 25844 --- [           main] o.s.b.a.ApplicationAvailabilityBean      : Application availability state ReadinessState changed to ACCEPTING_TRAFFIC
2026-03-30T04:08:19.595+05:30  INFO 25844 --- [nio-8085-exec-1] o.a.c.c.C.[Tomcat].[localhost].[/]       : Initializing Spring DispatcherServlet 'dispatcherServlet'
2026-03-30T04:08:19.596+05:30  INFO 25844 --- [nio-8085-exec-1] o.s.web.servlet.DispatcherServlet        : Initializing Servlet 'dispatcherServlet'
2026-03-30T04:08:19.597+05:30 DEBUG 25844 --- [nio-8085-exec-1] o.s.web.servlet.DispatcherServlet        : Detected StandardServletMultipartResolver
2026-03-30T04:08:19.597+05:30 DEBUG 25844 --- [nio-8085-exec-1] o.s.web.servlet.DispatcherServlet        : Detected AcceptHeaderLocaleResolver
2026-03-30T04:08:19.598+05:30 DEBUG 25844 --- [nio-8085-exec-1] o.s.web.servlet.DispatcherServlet        : Detected FixedThemeResolver
2026-03-30T04:08:19.599+05:30 DEBUG 25844 --- [nio-8085-exec-1] o.s.web.servlet.DispatcherServlet        : Detected org.springframework.web.servlet.view.DefaultRequestToViewNameTranslator@6a225642
2026-03-30T04:08:19.599+05:30 DEBUG 25844 --- [nio-8085-exec-1] o.s.web.servlet.DispatcherServlet        : Detected org.springframework.web.servlet.support.SessionFlashMapManager@20f1c8ed
2026-03-30T04:08:19.600+05:30 DEBUG 25844 --- [nio-8085-exec-1] o.s.web.servlet.DispatcherServlet        : enableLoggingRequestDetails='false': request parameters and headers will be masked to prevent unsafe logging of potentially sensitive data
2026-03-30T04:08:19.600+05:30  INFO 25844 --- [nio-8085-exec-1] o.s.web.servlet.DispatcherServlet        : Completed initialization in 3 ms
2026-03-30T04:08:19.636+05:30 DEBUG 25844 --- [nio-8085-exec-4] o.s.web.servlet.DispatcherServlet        : POST "/api/auth/login", parameters={}
2026-03-30T04:08:19.636+05:30 DEBUG 25844 --- [nio-8085-exec-1] o.s.web.servlet.DispatcherServlet        : POST "/api/auth/login", parameters={}
2026-03-30T04:08:19.636+05:30 DEBUG 25844 --- [nio-8085-exec-2] o.s.web.servlet.DispatcherServlet        : POST "/api/auth/login", parameters={}
2026-03-30T04:08:19.639+05:30 DEBUG 25844 --- [nio-8085-exec-1] s.w.s.m.m.a.RequestMappingHandlerMapping : Mapped to com.ecotrack.backend.controller.AuthController#login(LoginRequest)
2026-03-30T04:08:19.639+05:30 DEBUG 25844 --- [nio-8085-exec-4] s.w.s.m.m.a.RequestMappingHandlerMapping : Mapped to com.ecotrack.backend.controller.AuthController#login(LoginRequest)
2026-03-30T04:08:19.639+05:30 DEBUG 25844 --- [nio-8085-exec-2] s.w.s.m.m.a.RequestMappingHandlerMapping : Mapped to com.ecotrack.backend.controller.AuthController#login(LoginRequest)
2026-03-30T04:08:19.741+05:30 DEBUG 25844 --- [nio-8085-exec-1] m.m.a.RequestResponseBodyMethodProcessor : Read "application/json;charset=UTF-8" to [LoginRequest(email=admin@carboncalc.com, password=Admin@123)]
2026-03-30T04:08:19.741+05:30 DEBUG 25844 --- [nio-8085-exec-4] m.m.a.RequestResponseBodyMethodProcessor : Read "application/json;charset=UTF-8" to [LoginRequest(email=admin@carboncalc.com, password=Admin@123)]
2026-03-30T04:08:19.741+05:30 DEBUG 25844 --- [nio-8085-exec-2] m.m.a.RequestResponseBodyMethodProcessor : Read "application/json;charset=UTF-8" to [LoginRequest(email=admin@carboncalc.com, password=Admin@123)]
2026-03-30T04:08:19.757+05:30 DEBUG 25844 --- [nio-8085-exec-1] org.hibernate.SQL                        : select u1_0.id,u1_0.created_at,u1_0.email,u1_0.enabled,u1_0.name,u1_0.otp,u1_0.otp_expiry,u1_0.password,u1_0.role from users u1_0 where u1_0.email=?
2026-03-30T04:08:19.757+05:30 DEBUG 25844 --- [nio-8085-exec-2] org.hibernate.SQL                        : select u1_0.id,u1_0.created_at,u1_0.email,u1_0.enabled,u1_0.name,u1_0.otp,u1_0.otp_expiry,u1_0.password,u1_0.role from users u1_0 where u1_0.email=?
2026-03-30T04:08:19.757+05:30 DEBUG 25844 --- [nio-8085-exec-4] org.hibernate.SQL                        : select u1_0.id,u1_0.created_at,u1_0.email,u1_0.enabled,u1_0.name,u1_0.otp,u1_0.otp_expiry,u1_0.password,u1_0.role from users u1_0 where u1_0.email=?
2026-03-30T04:08:19.930+05:30 DEBUG 25844 --- [nio-8085-exec-2] o.s.w.s.m.m.a.HttpEntityMethodProcessor  : Using 'application/json', given [*/*] and supported [application/json, application/*+json]
2026-03-30T04:08:19.930+05:30 DEBUG 25844 --- [nio-8085-exec-4] o.s.w.s.m.m.a.HttpEntityMethodProcessor  : Using 'application/json', given [*/*] and supported [application/json, application/*+json]
2026-03-30T04:08:19.930+05:30 DEBUG 25844 --- [nio-8085-exec-1] o.s.w.s.m.m.a.HttpEntityMethodProcessor  : Using 'application/json', given [*/*] and supported [application/json, application/*+json]
2026-03-30T04:08:19.931+05:30 DEBUG 25844 --- [nio-8085-exec-2] o.s.w.s.m.m.a.HttpEntityMethodProcessor  : Writing [AuthResponse(user=UserResponseDto(id=2, name=CarbonCalc Admin, email=admin@carboncalc.com, role=ADMI (truncated)...]
2026-03-30T04:08:19.931+05:30 DEBUG 25844 --- [nio-8085-exec-1] o.s.w.s.m.m.a.HttpEntityMethodProcessor  : Writing [AuthResponse(user=UserResponseDto(id=2, name=CarbonCalc Admin, email=admin@carboncalc.com, role=ADMI (truncated)...]
2026-03-30T04:08:19.931+05:30 DEBUG 25844 --- [nio-8085-exec-4] o.s.w.s.m.m.a.HttpEntityMethodProcessor  : Writing [AuthResponse(user=UserResponseDto(id=2, name=CarbonCalc Admin, email=admin@carboncalc.com, role=ADMI (truncated)...]
2026-03-30T04:08:19.946+05:30 DEBUG 25844 --- [nio-8085-exec-2] o.s.web.servlet.DispatcherServlet        : Completed 200 OK
2026-03-30T04:08:19.946+05:30 DEBUG 25844 --- [nio-8085-exec-4] o.s.web.servlet.DispatcherServlet        : Completed 200 OK
2026-03-30T04:08:19.946+05:30 DEBUG 25844 --- [nio-8085-exec-1] o.s.web.servlet.DispatcherServlet        : Completed 200 OK
2026-03-30T04:08:20.007+05:30 DEBUG 25844 --- [nio-8085-exec-5] org.hibernate.SQL                        : select u1_0.id,u1_0.created_at,u1_0.email,u1_0.enabled,u1_0.name,u1_0.otp,u1_0.otp_expiry,u1_0.password,u1_0.role from users u1_0 where u1_0.email=?
2026-03-30T04:08:20.007+05:30 DEBUG 25844 --- [nio-8085-exec-3] org.hibernate.SQL                        : select u1_0.id,u1_0.created_at,u1_0.email,u1_0.enabled,u1_0.name,u1_0.otp,u1_0.otp_expiry,u1_0.password,u1_0.role from users u1_0 where u1_0.email=?
2026-03-30T04:08:20.007+05:30 DEBUG 25844 --- [nio-8085-exec-7] org.hibernate.SQL                        : select u1_0.id,u1_0.created_at,u1_0.email,u1_0.enabled,u1_0.name,u1_0.otp,u1_0.otp_expiry,u1_0.password,u1_0.role from users u1_0 where u1_0.email=?
2026-03-30T04:08:20.012+05:30 DEBUG 25844 --- [nio-8085-exec-3] o.s.web.servlet.DispatcherServlet        : GET "/api/marketplace", parameters={}
2026-03-30T04:08:20.012+05:30 DEBUG 25844 --- [nio-8085-exec-7] o.s.web.servlet.DispatcherServlet        : GET "/api/notifications", parameters={}
2026-03-30T04:08:20.012+05:30 DEBUG 25844 --- [nio-8085-exec-5] o.s.web.servlet.DispatcherServlet        : GET "/api/transactions", parameters={}
2026-03-30T04:08:20.012+05:30 DEBUG 25844 --- [nio-8085-exec-3] s.w.s.m.m.a.RequestMappingHandlerMapping : Mapped to com.ecotrack.backend.controller.MarketplaceController#getAll()
2026-03-30T04:08:20.012+05:30 DEBUG 25844 --- [nio-8085-exec-7] s.w.s.m.m.a.RequestMappingHandlerMapping : Mapped to com.ecotrack.backend.controller.NotificationController#getNotifications(User)
2026-03-30T04:08:20.013+05:30 DEBUG 25844 --- [nio-8085-exec-5] s.w.s.m.m.a.RequestMappingHandlerMapping : Mapped to com.ecotrack.backend.controller.TransactionController#getAll(User)
2026-03-30T04:08:20.015+05:30 DEBUG 25844 --- [nio-8085-exec-3] org.hibernate.SQL                        : select mi1_0.id,mi1_0.carbon_offset_value,mi1_0.created_at,mi1_0.description,mi1_0.item_name,mi1_0.item_type,mi1_0.price from marketplace mi1_0 order by mi1_0.created_at desc
2026-03-30T04:08:20.017+05:30 DEBUG 25844 --- [nio-8085-exec-5] org.hibernate.SQL                        : select pt1_0.id,pt1_0.amount,pt1_0.created_at,pt1_0.marketplace_item_id,pt1_0.status,pt1_0.user_id from transactions pt1_0 order by pt1_0.created_at desc
2026-03-30T04:08:20.017+05:30 DEBUG 25844 --- [nio-8085-exec-7] org.hibernate.SQL                        : select un1_0.id,un1_0.created_at,un1_0.message,un1_0.is_read,un1_0.title,un1_0.type,un1_0.user_id from notifications un1_0 where un1_0.user_id=? order by un1_0.created_at desc
2026-03-30T04:08:20.019+05:30 DEBUG 25844 --- [nio-8085-exec-5] org.hibernate.SQL                        : select u1_0.id,u1_0.created_at,u1_0.email,u1_0.enabled,u1_0.name,u1_0.otp,u1_0.otp_expiry,u1_0.password,u1_0.role from users u1_0 where u1_0.id=?
2026-03-30T04:08:20.019+05:30 DEBUG 25844 --- [nio-8085-exec-3] o.s.w.s.m.m.a.HttpEntityMethodProcessor  : Using 'application/json', given [*/*] and supported [application/json, application/*+json]
2026-03-30T04:08:20.020+05:30 DEBUG 25844 --- [nio-8085-exec-7] o.s.w.s.m.m.a.HttpEntityMethodProcessor  : Using 'application/json', given [*/*] and supported [application/json, application/*+json]
2026-03-30T04:08:20.020+05:30 DEBUG 25844 --- [nio-8085-exec-7] o.s.w.s.m.m.a.HttpEntityMethodProcessor  : Writing [[{id=1, title=Badge unlocked: Green Achiever, message=You earned the Green Achiever badge., type=BAD (truncated)...]
2026-03-30T04:08:20.020+05:30 DEBUG 25844 --- [nio-8085-exec-3] o.s.w.s.m.m.a.HttpEntityMethodProcessor  : Writing [[{id=3, itemName=Carbon Credit Bundle, itemType=carbon_credit, price=750.0, description=Purchase a v (truncated)...]
2026-03-30T04:08:20.021+05:30 DEBUG 25844 --- [nio-8085-exec-5] org.hibernate.SQL                        : select mi1_0.id,mi1_0.carbon_offset_value,mi1_0.created_at,mi1_0.description,mi1_0.item_name,mi1_0.item_type,mi1_0.price from marketplace mi1_0 where mi1_0.id=?
2026-03-30T04:08:20.023+05:30 DEBUG 25844 --- [nio-8085-exec-5] org.hibernate.SQL                        : select u1_0.id,u1_0.created_at,u1_0.email,u1_0.enabled,u1_0.name,u1_0.otp,u1_0.otp_expiry,u1_0.password,u1_0.role from users u1_0 where u1_0.id=?
2026-03-30T04:08:20.024+05:30 DEBUG 25844 --- [nio-8085-exec-5] org.hibernate.SQL                        : select mi1_0.id,mi1_0.carbon_offset_value,mi1_0.created_at,mi1_0.description,mi1_0.item_name,mi1_0.item_type,mi1_0.price from marketplace mi1_0 where mi1_0.id=?
2026-03-30T04:08:20.024+05:30 DEBUG 25844 --- [nio-8085-exec-7] o.s.web.servlet.DispatcherServlet        : Completed 200 OK
2026-03-30T04:08:20.025+05:30 DEBUG 25844 --- [nio-8085-exec-3] o.s.web.servlet.DispatcherServlet        : Completed 200 OK
2026-03-30T04:08:20.025+05:30 DEBUG 25844 --- [nio-8085-exec-5] o.s.w.s.m.m.a.HttpEntityMethodProcessor  : Using 'application/json', given [*/*] and supported [application/json, application/*+json]
2026-03-30T04:08:20.026+05:30 DEBUG 25844 --- [nio-8085-exec-5] o.s.w.s.m.m.a.HttpEntityMethodProcessor  : Writing [[{id=2, userId=4, userName=Liam Woods, marketplaceItemId=2, itemName=Solar Energy Support, itemType= (truncated)...]
2026-03-30T04:08:20.027+05:30 DEBUG 25844 --- [nio-8085-exec-5] o.s.web.servlet.DispatcherServlet        : Completed 200 OK
2026-03-30T04:08:34.527+05:30 DEBUG 25844 --- [nio-8085-exec-4] o.s.web.servlet.DispatcherServlet        : POST "/api/auth/login", parameters={}
2026-03-30T04:08:34.527+05:30 DEBUG 25844 --- [io-8085-exec-10] o.s.web.servlet.DispatcherServlet        : POST "/api/auth/login", parameters={}
2026-03-30T04:08:34.529+05:30 DEBUG 25844 --- [nio-8085-exec-4] s.w.s.m.m.a.RequestMappingHandlerMapping : Mapped to com.ecotrack.backend.controller.AuthController#login(LoginRequest)
2026-03-30T04:08:34.530+05:30 DEBUG 25844 --- [io-8085-exec-10] s.w.s.m.m.a.RequestMappingHandlerMapping : Mapped to com.ecotrack.backend.controller.AuthController#login(LoginRequest)
2026-03-30T04:08:34.531+05:30 DEBUG 25844 --- [nio-8085-exec-4] m.m.a.RequestResponseBodyMethodProcessor : Read "application/json;charset=UTF-8" to [LoginRequest(email=admin@carboncalc.com, password=Admin@123)]
2026-03-30T04:08:34.531+05:30 DEBUG 25844 --- [io-8085-exec-10] m.m.a.RequestResponseBodyMethodProcessor : Read "application/json;charset=UTF-8" to [LoginRequest(email=admin@carboncalc.com, password=Admin@123)]
2026-03-30T04:08:34.533+05:30 DEBUG 25844 --- [nio-8085-exec-4] org.hibernate.SQL                        : select u1_0.id,u1_0.created_at,u1_0.email,u1_0.enabled,u1_0.name,u1_0.otp,u1_0.otp_expiry,u1_0.password,u1_0.role from users u1_0 where u1_0.email=?
2026-03-30T04:08:34.533+05:30 DEBUG 25844 --- [io-8085-exec-10] org.hibernate.SQL                        : select u1_0.id,u1_0.created_at,u1_0.email,u1_0.enabled,u1_0.name,u1_0.otp,u1_0.otp_expiry,u1_0.password,u1_0.role from users u1_0 where u1_0.email=?
2026-03-30T04:08:34.610+05:30 DEBUG 25844 --- [io-8085-exec-10] o.s.w.s.m.m.a.HttpEntityMethodProcessor  : Using 'application/json', given [*/*] and supported [application/json, application/*+json]
2026-03-30T04:08:34.610+05:30 DEBUG 25844 --- [nio-8085-exec-4] o.s.w.s.m.m.a.HttpEntityMethodProcessor  : Using 'application/json', given [*/*] and supported [application/json, application/*+json]
2026-03-30T04:08:34.612+05:30 DEBUG 25844 --- [io-8085-exec-10] o.s.w.s.m.m.a.HttpEntityMethodProcessor  : Writing [AuthResponse(user=UserResponseDto(id=2, name=CarbonCalc Admin, email=admin@carboncalc.com, role=ADMI (truncated)...]
2026-03-30T04:08:34.612+05:30 DEBUG 25844 --- [nio-8085-exec-4] o.s.w.s.m.m.a.HttpEntityMethodProcessor  : Writing [AuthResponse(user=UserResponseDto(id=2, name=CarbonCalc Admin, email=admin@carboncalc.com, role=ADMI (truncated)...]
2026-03-30T04:08:34.613+05:30 DEBUG 25844 --- [nio-8085-exec-4] o.s.web.servlet.DispatcherServlet        : Completed 200 OK
2026-03-30T04:08:34.613+05:30 DEBUG 25844 --- [io-8085-exec-10] o.s.web.servlet.DispatcherServlet        : Completed 200 OK
2026-03-30T04:08:34.641+05:30 DEBUG 25844 --- [nio-8085-exec-2] org.hibernate.SQL                        : select u1_0.id,u1_0.created_at,u1_0.email,u1_0.enabled,u1_0.name,u1_0.otp,u1_0.otp_expiry,u1_0.password,u1_0.role from users u1_0 where u1_0.email=?
2026-03-30T04:08:34.641+05:30 DEBUG 25844 --- [nio-8085-exec-1] org.hibernate.SQL                        : select u1_0.id,u1_0.created_at,u1_0.email,u1_0.enabled,u1_0.name,u1_0.otp,u1_0.otp_expiry,u1_0.password,u1_0.role from users u1_0 where u1_0.email=?
2026-03-30T04:08:34.645+05:30 DEBUG 25844 --- [nio-8085-exec-1] o.s.web.servlet.DispatcherServlet        : GET "/api/marketplace", parameters={}
2026-03-30T04:08:34.645+05:30 DEBUG 25844 --- [nio-8085-exec-2] o.s.web.servlet.DispatcherServlet        : POST "/api/marketplace", parameters={}
2026-03-30T04:08:34.646+05:30 DEBUG 25844 --- [nio-8085-exec-2] s.w.s.m.m.a.RequestMappingHandlerMapping : Mapped to com.ecotrack.backend.controller.MarketplaceController#create(User, MarketplaceItemRequest)
2026-03-30T04:08:34.646+05:30 DEBUG 25844 --- [nio-8085-exec-1] s.w.s.m.m.a.RequestMappingHandlerMapping : Mapped to com.ecotrack.backend.controller.MarketplaceController#getAll()
2026-03-30T04:08:34.647+05:30 DEBUG 25844 --- [nio-8085-exec-1] org.hibernate.SQL                        : select mi1_0.id,mi1_0.carbon_offset_value,mi1_0.created_at,mi1_0.description,mi1_0.item_name,mi1_0.item_type,mi1_0.price from marketplace mi1_0 order by mi1_0.created_at desc
2026-03-30T04:08:34.648+05:30 DEBUG 25844 --- [nio-8085-exec-2] m.m.a.RequestResponseBodyMethodProcessor : Read "application/json;charset=UTF-8" to [MarketplaceItemRequest(itemName=tree1, itemType=tree_planting, price=2000.0, description=tree1 tree, (truncated)...]
2026-03-30T04:08:34.648+05:30 DEBUG 25844 --- [nio-8085-exec-1] o.s.w.s.m.m.a.HttpEntityMethodProcessor  : Using 'application/json', given [*/*] and supported [application/json, application/*+json]
2026-03-30T04:08:34.649+05:30 DEBUG 25844 --- [nio-8085-exec-1] o.s.w.s.m.m.a.HttpEntityMethodProcessor  : Writing [[{id=3, itemName=Carbon Credit Bundle, itemType=carbon_credit, price=750.0, description=Purchase a v (truncated)...]
2026-03-30T04:08:34.650+05:30 DEBUG 25844 --- [nio-8085-exec-1] o.s.web.servlet.DispatcherServlet        : Completed 200 OK
2026-03-30T04:08:34.650+05:30 DEBUG 25844 --- [nio-8085-exec-2] org.hibernate.SQL                        : insert into marketplace (carbon_offset_value,created_at,description,item_name,item_type,price) values (?,?,?,?,?,?) returning id
2026-03-30T04:08:34.652+05:30 DEBUG 25844 --- [nio-8085-exec-2] o.s.w.s.m.m.a.HttpEntityMethodProcessor  : Using 'application/json', given [*/*] and supported [application/json, application/*+json]
2026-03-30T04:08:34.653+05:30 DEBUG 25844 --- [nio-8085-exec-2] o.s.w.s.m.m.a.HttpEntityMethodProcessor  : Writing [{id=4, itemName=tree1, itemType=tree_planting, price=2000.0, description=tree1 tree, carbonOffsetVal (truncated)...]
2026-03-30T04:08:34.654+05:30 DEBUG 25844 --- [nio-8085-exec-2] o.s.web.servlet.DispatcherServlet        : Completed 200 OK
2026-03-30T04:08:40.956+05:30 DEBUG 25844 --- [nio-8085-exec-6] org.hibernate.SQL                        : select u1_0.id,u1_0.created_at,u1_0.email,u1_0.enabled,u1_0.name,u1_0.otp,u1_0.otp_expiry,u1_0.password,u1_0.role from users u1_0 where u1_0.email=?
2026-03-30T04:08:40.958+05:30 DEBUG 25844 --- [nio-8085-exec-6] o.s.web.servlet.DispatcherServlet        : GET "/api/notifications", parameters={}
2026-03-30T04:08:40.958+05:30 DEBUG 25844 --- [nio-8085-exec-6] s.w.s.m.m.a.RequestMappingHandlerMapping : Mapped to com.ecotrack.backend.controller.NotificationController#getNotifications(User)
2026-03-30T04:08:40.961+05:30 DEBUG 25844 --- [nio-8085-exec-6] org.hibernate.SQL                        : select un1_0.id,un1_0.created_at,un1_0.message,un1_0.is_read,un1_0.title,un1_0.type,un1_0.user_id from notifications un1_0 where un1_0.user_id=? order by un1_0.created_at desc
2026-03-30T04:08:40.963+05:30 DEBUG 25844 --- [nio-8085-exec-6] o.s.w.s.m.m.a.HttpEntityMethodProcessor  : Using 'application/json', given [*/*] and supported [application/json, application/*+json]
2026-03-30T04:08:40.963+05:30 DEBUG 25844 --- [nio-8085-exec-6] o.s.w.s.m.m.a.HttpEntityMethodProcessor  : Writing [[{id=1, title=Badge unlocked: Green Achiever, message=You earned the Green Achiever badge., type=BAD (truncated)...]
2026-03-30T04:08:40.965+05:30 DEBUG 25844 --- [nio-8085-exec-6] o.s.web.servlet.DispatcherServlet        : Completed 200 OK
2026-03-30T04:08:40.972+05:30 DEBUG 25844 --- [nio-8085-exec-4] org.hibernate.SQL                        : select u1_0.id,u1_0.created_at,u1_0.email,u1_0.enabled,u1_0.name,u1_0.otp,u1_0.otp_expiry,u1_0.password,u1_0.role from users u1_0 where u1_0.email=?
2026-03-30T04:08:40.975+05:30 DEBUG 25844 --- [nio-8085-exec-4] o.s.web.servlet.DispatcherServlet        : GET "/api/notifications", parameters={}
2026-03-30T04:08:40.975+05:30 DEBUG 25844 --- [nio-8085-exec-4] s.w.s.m.m.a.RequestMappingHandlerMapping : Mapped to com.ecotrack.backend.controller.NotificationController#getNotifications(User)
2026-03-30T04:08:40.978+05:30 DEBUG 25844 --- [nio-8085-exec-4] org.hibernate.SQL                        : select un1_0.id,un1_0.created_at,un1_0.message,un1_0.is_read,un1_0.title,un1_0.type,un1_0.user_id from notifications un1_0 where un1_0.user_id=? order by un1_0.created_at desc
2026-03-30T04:08:40.980+05:30 DEBUG 25844 --- [nio-8085-exec-4] o.s.w.s.m.m.a.HttpEntityMethodProcessor  : Using 'application/json', given [*/*] and supported [application/json, application/*+json]
2026-03-30T04:08:40.981+05:30 DEBUG 25844 --- [nio-8085-exec-4] o.s.w.s.m.m.a.HttpEntityMethodProcessor  : Writing [[{id=1, title=Badge unlocked: Green Achiever, message=You earned the Green Achiever badge., type=BAD (truncated)...]
2026-03-30T04:08:40.982+05:30 DEBUG 25844 --- [nio-8085-exec-4] o.s.web.servlet.DispatcherServlet        : Completed 200 OK
2026-03-30T04:08:40.989+05:30 DEBUG 25844 --- [io-8085-exec-10] org.hibernate.SQL                        : select u1_0.id,u1_0.created_at,u1_0.email,u1_0.enabled,u1_0.name,u1_0.otp,u1_0.otp_expiry,u1_0.password,u1_0.role from users u1_0 where u1_0.email=?
2026-03-30T04:08:40.991+05:30 DEBUG 25844 --- [io-8085-exec-10] o.s.web.servlet.DispatcherServlet        : GET "/api/notifications", parameters={}
2026-03-30T04:08:40.991+05:30 DEBUG 25844 --- [io-8085-exec-10] s.w.s.m.m.a.RequestMappingHandlerMapping : Mapped to com.ecotrack.backend.controller.NotificationController#getNotifications(User)
2026-03-30T04:08:40.994+05:30 DEBUG 25844 --- [io-8085-exec-10] org.hibernate.SQL                        : select un1_0.id,un1_0.created_at,un1_0.message,un1_0.is_read,un1_0.title,un1_0.type,un1_0.user_id from notifications un1_0 where un1_0.user_id=? order by un1_0.created_at desc
2026-03-30T04:08:40.996+05:30 DEBUG 25844 --- [io-8085-exec-10] o.s.w.s.m.m.a.HttpEntityMethodProcessor  : Using 'application/json', given [*/*] and supported [application/json, application/*+json]
2026-03-30T04:08:40.997+05:30 DEBUG 25844 --- [io-8085-exec-10] o.s.w.s.m.m.a.HttpEntityMethodProcessor  : Writing [[{id=1, title=Badge unlocked: Green Achiever, message=You earned the Green Achiever badge., type=BAD (truncated)...]
2026-03-30T04:08:40.998+05:30 DEBUG 25844 --- [io-8085-exec-10] o.s.web.servlet.DispatcherServlet        : Completed 200 OK
2026-03-30T04:08:44.820+05:30 DEBUG 25844 --- [nio-8085-exec-1] org.hibernate.SQL                        : select u1_0.id,u1_0.created_at,u1_0.email,u1_0.enabled,u1_0.name,u1_0.otp,u1_0.otp_expiry,u1_0.password,u1_0.role from users u1_0 where u1_0.email=?
2026-03-30T04:08:44.822+05:30 DEBUG 25844 --- [nio-8085-exec-1] o.s.web.servlet.DispatcherServlet        : GET "/api/notifications", parameters={}
2026-03-30T04:08:44.823+05:30 DEBUG 25844 --- [nio-8085-exec-1] s.w.s.m.m.a.RequestMappingHandlerMapping : Mapped to com.ecotrack.backend.controller.NotificationController#getNotifications(User)
2026-03-30T04:08:44.824+05:30 DEBUG 25844 --- [nio-8085-exec-9] org.hibernate.SQL                        : select u1_0.id,u1_0.created_at,u1_0.email,u1_0.enabled,u1_0.name,u1_0.otp,u1_0.otp_expiry,u1_0.password,u1_0.role from users u1_0 where u1_0.email=?
2026-03-30T04:08:44.824+05:30 DEBUG 25844 --- [nio-8085-exec-5] org.hibernate.SQL                        : select u1_0.id,u1_0.created_at,u1_0.email,u1_0.enabled,u1_0.name,u1_0.otp,u1_0.otp_expiry,u1_0.password,u1_0.role from users u1_0 where u1_0.email=?
2026-03-30T04:08:44.826+05:30 DEBUG 25844 --- [nio-8085-exec-1] org.hibernate.SQL                        : select un1_0.id,un1_0.created_at,un1_0.message,un1_0.is_read,un1_0.title,un1_0.type,un1_0.user_id from notifications un1_0 where un1_0.user_id=? order by un1_0.created_at desc
2026-03-30T04:08:44.827+05:30 DEBUG 25844 --- [nio-8085-exec-9] o.s.web.servlet.DispatcherServlet        : GET "/api/transactions/user/2", parameters={}
2026-03-30T04:08:44.827+05:30 DEBUG 25844 --- [nio-8085-exec-5] o.s.web.servlet.DispatcherServlet        : GET "/api/marketplace", parameters={}
2026-03-30T04:08:44.827+05:30 DEBUG 25844 --- [nio-8085-exec-9] s.w.s.m.m.a.RequestMappingHandlerMapping : Mapped to com.ecotrack.backend.controller.TransactionController#getUserTransactions(User, Long)
2026-03-30T04:08:44.827+05:30 DEBUG 25844 --- [nio-8085-exec-5] s.w.s.m.m.a.RequestMappingHandlerMapping : Mapped to com.ecotrack.backend.controller.MarketplaceController#getAll()
2026-03-30T04:08:44.828+05:30 DEBUG 25844 --- [nio-8085-exec-1] o.s.w.s.m.m.a.HttpEntityMethodProcessor  : Using 'application/json', given [*/*] and supported [application/json, application/*+json]
2026-03-30T04:08:44.828+05:30 DEBUG 25844 --- [nio-8085-exec-1] o.s.w.s.m.m.a.HttpEntityMethodProcessor  : Writing [[{id=1, title=Badge unlocked: Green Achiever, message=You earned the Green Achiever badge., type=BAD (truncated)...]
2026-03-30T04:08:44.829+05:30 DEBUG 25844 --- [nio-8085-exec-5] org.hibernate.SQL                        : select mi1_0.id,mi1_0.carbon_offset_value,mi1_0.created_at,mi1_0.description,mi1_0.item_name,mi1_0.item_type,mi1_0.price from marketplace mi1_0 order by mi1_0.created_at desc
2026-03-30T04:08:44.829+05:30 DEBUG 25844 --- [nio-8085-exec-1] o.s.web.servlet.DispatcherServlet        : Completed 200 OK
2026-03-30T04:08:44.831+05:30 DEBUG 25844 --- [nio-8085-exec-5] o.s.w.s.m.m.a.HttpEntityMethodProcessor  : Using 'application/json', given [*/*] and supported [application/json, application/*+json]
2026-03-30T04:08:44.831+05:30 DEBUG 25844 --- [nio-8085-exec-9] org.hibernate.SQL                        : select u1_0.id,u1_0.created_at,u1_0.email,u1_0.enabled,u1_0.name,u1_0.otp,u1_0.otp_expiry,u1_0.password,u1_0.role from users u1_0 where u1_0.id=?
2026-03-30T04:08:44.831+05:30 DEBUG 25844 --- [nio-8085-exec-5] o.s.w.s.m.m.a.HttpEntityMethodProcessor  : Writing [[{id=4, itemName=tree1, itemType=tree_planting, price=2000.0, description=tree1 tree, carbonOffsetVa (truncated)...]
2026-03-30T04:08:44.833+05:30 DEBUG 25844 --- [nio-8085-exec-5] o.s.web.servlet.DispatcherServlet        : Completed 200 OK
2026-03-30T04:08:44.835+05:30 DEBUG 25844 --- [nio-8085-exec-9] org.hibernate.SQL                        : select pt1_0.id,pt1_0.amount,pt1_0.created_at,pt1_0.marketplace_item_id,pt1_0.status,pt1_0.user_id from transactions pt1_0 where pt1_0.user_id=? order by pt1_0.created_at desc
2026-03-30T04:08:44.837+05:30 DEBUG 25844 --- [nio-8085-exec-9] o.s.w.s.m.m.a.HttpEntityMethodProcessor  : Using 'application/json', given [*/*] and supported [application/json, application/*+json]
2026-03-30T04:08:44.838+05:30 DEBUG 25844 --- [nio-8085-exec-9] o.s.w.s.m.m.a.HttpEntityMethodProcessor  : Writing [[]]
2026-03-30T04:08:44.838+05:30 DEBUG 25844 --- [nio-8085-exec-9] o.s.web.servlet.DispatcherServlet        : Completed 200 OK
2026-03-30T04:08:44.838+05:30 DEBUG 25844 --- [nio-8085-exec-6] org.hibernate.SQL                        : select u1_0.id,u1_0.created_at,u1_0.email,u1_0.enabled,u1_0.name,u1_0.otp,u1_0.otp_expiry,u1_0.password,u1_0.role from users u1_0 where u1_0.email=?
2026-03-30T04:08:44.840+05:30 DEBUG 25844 --- [nio-8085-exec-6] o.s.web.servlet.DispatcherServlet        : GET "/api/marketplace", parameters={}
2026-03-30T04:08:44.841+05:30 DEBUG 25844 --- [nio-8085-exec-6] s.w.s.m.m.a.RequestMappingHandlerMapping : Mapped to com.ecotrack.backend.controller.MarketplaceController#getAll()
2026-03-30T04:08:44.843+05:30 DEBUG 25844 --- [nio-8085-exec-6] org.hibernate.SQL                        : select mi1_0.id,mi1_0.carbon_offset_value,mi1_0.created_at,mi1_0.description,mi1_0.item_name,mi1_0.item_type,mi1_0.price from marketplace mi1_0 order by mi1_0.created_at desc
2026-03-30T04:08:44.844+05:30 DEBUG 25844 --- [nio-8085-exec-4] org.hibernate.SQL                        : select u1_0.id,u1_0.created_at,u1_0.email,u1_0.enabled,u1_0.name,u1_0.otp,u1_0.otp_expiry,u1_0.password,u1_0.role from users u1_0 where u1_0.email=?
2026-03-30T04:08:44.844+05:30 DEBUG 25844 --- [nio-8085-exec-6] o.s.w.s.m.m.a.HttpEntityMethodProcessor  : Using 'application/json', given [*/*] and supported [application/json, application/*+json]
2026-03-30T04:08:44.846+05:30 DEBUG 25844 --- [nio-8085-exec-6] o.s.w.s.m.m.a.HttpEntityMethodProcessor  : Writing [[{id=4, itemName=tree1, itemType=tree_planting, price=2000.0, description=tree1 tree, carbonOffsetVa (truncated)...]
2026-03-30T04:08:44.846+05:30 DEBUG 25844 --- [nio-8085-exec-4] o.s.web.servlet.DispatcherServlet        : GET "/api/transactions/user/2", parameters={}
2026-03-30T04:08:44.847+05:30 DEBUG 25844 --- [nio-8085-exec-6] o.s.web.servlet.DispatcherServlet        : Completed 200 OK
2026-03-30T04:08:44.847+05:30 DEBUG 25844 --- [nio-8085-exec-4] s.w.s.m.m.a.RequestMappingHandlerMapping : Mapped to com.ecotrack.backend.controller.TransactionController#getUserTransactions(User, Long)
2026-03-30T04:08:44.848+05:30 DEBUG 25844 --- [nio-8085-exec-4] org.hibernate.SQL                        : select u1_0.id,u1_0.created_at,u1_0.email,u1_0.enabled,u1_0.name,u1_0.otp,u1_0.otp_expiry,u1_0.password,u1_0.role from users u1_0 where u1_0.id=?
2026-03-30T04:08:44.851+05:30 DEBUG 25844 --- [nio-8085-exec-4] org.hibernate.SQL                        : select pt1_0.id,pt1_0.amount,pt1_0.created_at,pt1_0.marketplace_item_id,pt1_0.status,pt1_0.user_id from transactions pt1_0 where pt1_0.user_id=? order by pt1_0.created_at desc
2026-03-30T04:08:44.853+05:30 DEBUG 25844 --- [nio-8085-exec-4] o.s.w.s.m.m.a.HttpEntityMethodProcessor  : Using 'application/json', given [*/*] and supported [application/json, application/*+json]
2026-03-30T04:08:44.853+05:30 DEBUG 25844 --- [nio-8085-exec-4] o.s.w.s.m.m.a.HttpEntityMethodProcessor  : Writing [[]]
2026-03-30T04:08:44.854+05:30 DEBUG 25844 --- [nio-8085-exec-4] o.s.web.servlet.DispatcherServlet        : Completed 200 OK
2026-03-30T04:08:45.907+05:30 DEBUG 25844 --- [io-8085-exec-10] o.s.web.servlet.DispatcherServlet        : POST "/api/auth/login", parameters={}
2026-03-30T04:08:45.907+05:30 DEBUG 25844 --- [io-8085-exec-10] s.w.s.m.m.a.RequestMappingHandlerMapping : Mapped to com.ecotrack.backend.controller.AuthController#login(LoginRequest)
2026-03-30T04:08:45.908+05:30 DEBUG 25844 --- [io-8085-exec-10] m.m.a.RequestResponseBodyMethodProcessor : Read "application/json;charset=UTF-8" to [LoginRequest(email=admin@carboncalc.com, password=Admin@123)]
2026-03-30T04:08:45.910+05:30 DEBUG 25844 --- [io-8085-exec-10] org.hibernate.SQL                        : select u1_0.id,u1_0.created_at,u1_0.email,u1_0.enabled,u1_0.name,u1_0.otp,u1_0.otp_expiry,u1_0.password,u1_0.role from users u1_0 where u1_0.email=?
2026-03-30T04:08:45.995+05:30 DEBUG 25844 --- [io-8085-exec-10] o.s.w.s.m.m.a.HttpEntityMethodProcessor  : Using 'application/json', given [*/*] and supported [application/json, application/*+json]
2026-03-30T04:08:45.997+05:30 DEBUG 25844 --- [io-8085-exec-10] o.s.w.s.m.m.a.HttpEntityMethodProcessor  : Writing [AuthResponse(user=UserResponseDto(id=2, name=CarbonCalc Admin, email=admin@carboncalc.com, role=ADMI (truncated)...]
2026-03-30T04:08:45.998+05:30 DEBUG 25844 --- [io-8085-exec-10] o.s.web.servlet.DispatcherServlet        : Completed 200 OK
2026-03-30T04:08:46.027+05:30 DEBUG 25844 --- [nio-8085-exec-2] org.hibernate.SQL                        : select u1_0.id,u1_0.created_at,u1_0.email,u1_0.enabled,u1_0.name,u1_0.otp,u1_0.otp_expiry,u1_0.password,u1_0.role from users u1_0 where u1_0.email=?
2026-03-30T04:08:46.030+05:30 DEBUG 25844 --- [nio-8085-exec-2] o.s.web.servlet.DispatcherServlet        : GET "/api/marketplace/4", parameters={}
2026-03-30T04:08:46.030+05:30 DEBUG 25844 --- [nio-8085-exec-2] s.w.s.m.m.a.RequestMappingHandlerMapping : Mapped to com.ecotrack.backend.controller.MarketplaceController#getById(Long)
2026-03-30T04:08:46.032+05:30 DEBUG 25844 --- [nio-8085-exec-2] org.hibernate.SQL                        : select mi1_0.id,mi1_0.carbon_offset_value,mi1_0.created_at,mi1_0.description,mi1_0.item_name,mi1_0.item_type,mi1_0.price from marketplace mi1_0 where mi1_0.id=?
2026-03-30T04:08:46.035+05:30 DEBUG 25844 --- [nio-8085-exec-2] o.s.w.s.m.m.a.HttpEntityMethodProcessor  : Using 'application/json', given [*/*] and supported [application/json, application/*+json]
2026-03-30T04:08:46.035+05:30 DEBUG 25844 --- [nio-8085-exec-2] o.s.w.s.m.m.a.HttpEntityMethodProcessor  : Writing [{id=4, itemName=tree1, itemType=tree_planting, price=2000.0, description=tree1 tree, carbonOffsetVal (truncated)...]
2026-03-30T04:08:46.036+05:30 DEBUG 25844 --- [nio-8085-exec-2] o.s.web.servlet.DispatcherServlet        : Completed 200 OK
2026-03-30T04:08:58.104+05:30 DEBUG 25844 --- [nio-8085-exec-7] o.s.web.servlet.DispatcherServlet        : POST "/api/auth/login", parameters={}
2026-03-30T04:08:58.104+05:30 DEBUG 25844 --- [nio-8085-exec-7] s.w.s.m.m.a.RequestMappingHandlerMapping : Mapped to com.ecotrack.backend.controller.AuthController#login(LoginRequest)
2026-03-30T04:08:58.105+05:30 DEBUG 25844 --- [nio-8085-exec-7] m.m.a.RequestResponseBodyMethodProcessor : Read "application/json;charset=UTF-8" to [LoginRequest(email=admin@carboncalc.com, password=Admin@123)]
2026-03-30T04:08:58.107+05:30 DEBUG 25844 --- [nio-8085-exec-7] org.hibernate.SQL                        : select u1_0.id,u1_0.created_at,u1_0.email,u1_0.enabled,u1_0.name,u1_0.otp,u1_0.otp_expiry,u1_0.password,u1_0.role from users u1_0 where u1_0.email=?
2026-03-30T04:08:58.199+05:30 DEBUG 25844 --- [nio-8085-exec-7] o.s.w.s.m.m.a.HttpEntityMethodProcessor  : Using 'application/json', given [*/*] and supported [application/json, application/*+json]
2026-03-30T04:08:58.200+05:30 DEBUG 25844 --- [nio-8085-exec-7] o.s.w.s.m.m.a.HttpEntityMethodProcessor  : Writing [AuthResponse(user=UserResponseDto(id=2, name=CarbonCalc Admin, email=admin@carboncalc.com, role=ADMI (truncated)...]
2026-03-30T04:08:58.202+05:30 DEBUG 25844 --- [nio-8085-exec-7] o.s.web.servlet.DispatcherServlet        : Completed 200 OK
2026-03-30T04:08:58.248+05:30 DEBUG 25844 --- [nio-8085-exec-8] org.hibernate.SQL                        : select u1_0.id,u1_0.created_at,u1_0.email,u1_0.enabled,u1_0.name,u1_0.otp,u1_0.otp_expiry,u1_0.password,u1_0.role from users u1_0 where u1_0.email=?
2026-03-30T04:08:58.252+05:30 DEBUG 25844 --- [nio-8085-exec-8] o.s.web.servlet.DispatcherServlet        : GET "/api/marketplace", parameters={}
2026-03-30T04:08:58.253+05:30 DEBUG 25844 --- [nio-8085-exec-8] s.w.s.m.m.a.RequestMappingHandlerMapping : Mapped to com.ecotrack.backend.controller.MarketplaceController#getAll()
2026-03-30T04:08:58.255+05:30 DEBUG 25844 --- [nio-8085-exec-8] org.hibernate.SQL                        : select mi1_0.id,mi1_0.carbon_offset_value,mi1_0.created_at,mi1_0.description,mi1_0.item_name,mi1_0.item_type,mi1_0.price from marketplace mi1_0 order by mi1_0.created_at desc
2026-03-30T04:08:58.257+05:30 DEBUG 25844 --- [nio-8085-exec-8] o.s.w.s.m.m.a.HttpEntityMethodProcessor  : Using 'application/json', given [*/*] and supported [application/json, application/*+json]
2026-03-30T04:08:58.257+05:30 DEBUG 25844 --- [nio-8085-exec-8] o.s.w.s.m.m.a.HttpEntityMethodProcessor  : Writing [[{id=4, itemName=tree1, itemType=tree_planting, price=2000.0, description=tree1 tree, carbonOffsetVa (truncated)...]
2026-03-30T04:08:58.258+05:30 DEBUG 25844 --- [nio-8085-exec-8] o.s.web.servlet.DispatcherServlet        : Completed 200 OK
2026-03-30T04:09:22.515+05:30 DEBUG 25844 --- [nio-8085-exec-4] org.hibernate.SQL                        : select u1_0.id,u1_0.created_at,u1_0.email,u1_0.enabled,u1_0.name,u1_0.otp,u1_0.otp_expiry,u1_0.password,u1_0.role from users u1_0 where u1_0.email=?
2026-03-30T04:09:22.517+05:30 DEBUG 25844 --- [nio-8085-exec-4] o.s.web.servlet.DispatcherServlet        : GET "/api/notifications", parameters={}
2026-03-30T04:09:22.518+05:30 DEBUG 25844 --- [nio-8085-exec-4] s.w.s.m.m.a.RequestMappingHandlerMapping : Mapped to com.ecotrack.backend.controller.NotificationController#getNotifications(User)
2026-03-30T04:09:22.520+05:30 DEBUG 25844 --- [nio-8085-exec-4] org.hibernate.SQL                        : select un1_0.id,un1_0.created_at,un1_0.message,un1_0.is_read,un1_0.title,un1_0.type,un1_0.user_id from notifications un1_0 where un1_0.user_id=? order by un1_0.created_at desc
2026-03-30T04:09:22.522+05:30 DEBUG 25844 --- [nio-8085-exec-4] o.s.w.s.m.m.a.HttpEntityMethodProcessor  : Using 'application/json', given [*/*] and supported [application/json, application/*+json]
2026-03-30T04:09:22.522+05:30 DEBUG 25844 --- [nio-8085-exec-4] o.s.w.s.m.m.a.HttpEntityMethodProcessor  : Writing [[{id=1, title=Badge unlocked: Green Achiever, message=You earned the Green Achiever badge., type=BAD (truncated)...]
2026-03-30T04:09:22.524+05:30 DEBUG 25844 --- [nio-8085-exec-4] o.s.web.servlet.DispatcherServlet        : Completed 200 OK
2026-03-30T04:09:22.529+05:30 DEBUG 25844 --- [io-8085-exec-10] org.hibernate.SQL                        : select u1_0.id,u1_0.created_at,u1_0.email,u1_0.enabled,u1_0.name,u1_0.otp,u1_0.otp_expiry,u1_0.password,u1_0.role from users u1_0 where u1_0.email=?
2026-03-30T04:09:22.532+05:30 DEBUG 25844 --- [io-8085-exec-10] o.s.web.servlet.DispatcherServlet        : GET "/api/notifications", parameters={}
2026-03-30T04:09:22.533+05:30 DEBUG 25844 --- [io-8085-exec-10] s.w.s.m.m.a.RequestMappingHandlerMapping : Mapped to com.ecotrack.backend.controller.NotificationController#getNotifications(User)
2026-03-30T04:09:22.535+05:30 DEBUG 25844 --- [io-8085-exec-10] org.hibernate.SQL                        : select un1_0.id,un1_0.created_at,un1_0.message,un1_0.is_read,un1_0.title,un1_0.type,un1_0.user_id from notifications un1_0 where un1_0.user_id=? order by un1_0.created_at desc
2026-03-30T04:09:22.537+05:30 DEBUG 25844 --- [io-8085-exec-10] o.s.w.s.m.m.a.HttpEntityMethodProcessor  : Using 'application/json', given [*/*] and supported [application/json, application/*+json]
2026-03-30T04:09:22.537+05:30 DEBUG 25844 --- [io-8085-exec-10] o.s.w.s.m.m.a.HttpEntityMethodProcessor  : Writing [[{id=1, title=Badge unlocked: Green Achiever, message=You earned the Green Achiever badge., type=BAD (truncated)...]
2026-03-30T04:09:22.539+05:30 DEBUG 25844 --- [io-8085-exec-10] o.s.web.servlet.DispatcherServlet        : Completed 200 OK
2026-03-30T04:09:22.544+05:30 DEBUG 25844 --- [nio-8085-exec-2] org.hibernate.SQL                        : select u1_0.id,u1_0.created_at,u1_0.email,u1_0.enabled,u1_0.name,u1_0.otp,u1_0.otp_expiry,u1_0.password,u1_0.role from users u1_0 where u1_0.email=?
2026-03-30T04:09:22.548+05:30 DEBUG 25844 --- [nio-8085-exec-2] o.s.web.servlet.DispatcherServlet        : GET "/api/notifications", parameters={}
2026-03-30T04:09:22.548+05:30 DEBUG 25844 --- [nio-8085-exec-2] s.w.s.m.m.a.RequestMappingHandlerMapping : Mapped to com.ecotrack.backend.controller.NotificationController#getNotifications(User)
2026-03-30T04:09:22.550+05:30 DEBUG 25844 --- [nio-8085-exec-2] org.hibernate.SQL                        : select un1_0.id,un1_0.created_at,un1_0.message,un1_0.is_read,un1_0.title,un1_0.type,un1_0.user_id from notifications un1_0 where un1_0.user_id=? order by un1_0.created_at desc
2026-03-30T04:09:22.554+05:30 DEBUG 25844 --- [nio-8085-exec-2] o.s.w.s.m.m.a.HttpEntityMethodProcessor  : Using 'application/json', given [*/*] and supported [application/json, application/*+json]
2026-03-30T04:09:22.554+05:30 DEBUG 25844 --- [nio-8085-exec-2] o.s.w.s.m.m.a.HttpEntityMethodProcessor  : Writing [[{id=1, title=Badge unlocked: Green Achiever, message=You earned the Green Achiever badge., type=BAD (truncated)...]
2026-03-30T04:09:22.555+05:30 DEBUG 25844 --- [nio-8085-exec-2] o.s.web.servlet.DispatcherServlet        : Completed 200 OK
2026-03-30T04:09:29.024+05:30 DEBUG 25844 --- [nio-8085-exec-6] org.hibernate.SQL                        : select u1_0.id,u1_0.created_at,u1_0.email,u1_0.enabled,u1_0.name,u1_0.otp,u1_0.otp_expiry,u1_0.password,u1_0.role from users u1_0 where u1_0.email=?
2026-03-30T04:09:29.024+05:30 DEBUG 25844 --- [nio-8085-exec-1] org.hibernate.SQL                        : select u1_0.id,u1_0.created_at,u1_0.email,u1_0.enabled,u1_0.name,u1_0.otp,u1_0.otp_expiry,u1_0.password,u1_0.role from users u1_0 where u1_0.email=?
2026-03-30T04:09:29.026+05:30 DEBUG 25844 --- [nio-8085-exec-1] o.s.web.servlet.DispatcherServlet        : GET "/api/notifications", parameters={}
2026-03-30T04:09:29.026+05:30 DEBUG 25844 --- [nio-8085-exec-6] o.s.web.servlet.DispatcherServlet        : GET "/api/admin/analytics", parameters={}
2026-03-30T04:09:29.026+05:30 DEBUG 25844 --- [nio-8085-exec-1] s.w.s.m.m.a.RequestMappingHandlerMapping : Mapped to com.ecotrack.backend.controller.NotificationController#getNotifications(User)
2026-03-30T04:09:29.027+05:30 DEBUG 25844 --- [nio-8085-exec-6] s.w.s.m.m.a.RequestMappingHandlerMapping : Mapped to com.ecotrack.backend.controller.AdminController#getAnalytics(User)
2026-03-30T04:09:29.029+05:30 DEBUG 25844 --- [nio-8085-exec-1] org.hibernate.SQL                        : select un1_0.id,un1_0.created_at,un1_0.message,un1_0.is_read,un1_0.title,un1_0.type,un1_0.user_id from notifications un1_0 where un1_0.user_id=? order by un1_0.created_at desc
2026-03-30T04:09:29.031+05:30 DEBUG 25844 --- [nio-8085-exec-1] o.s.w.s.m.m.a.HttpEntityMethodProcessor  : Using 'application/json', given [*/*] and supported [application/json, application/*+json]
2026-03-30T04:09:29.032+05:30 DEBUG 25844 --- [nio-8085-exec-1] o.s.w.s.m.m.a.HttpEntityMethodProcessor  : Writing [[{id=1, title=Badge unlocked: Green Achiever, message=You earned the Green Achiever badge., type=BAD (truncated)...]
2026-03-30T04:09:29.033+05:30 DEBUG 25844 --- [nio-8085-exec-1] o.s.web.servlet.DispatcherServlet        : Completed 200 OK
2026-03-30T04:09:29.041+05:30 DEBUG 25844 --- [nio-8085-exec-6] org.hibernate.SQL                        : select count(*) from users u1_0
2026-03-30T04:09:29.046+05:30 DEBUG 25844 --- [nio-8085-exec-6] org.hibernate.SQL                        : select count(distinct ce1_0.user_id) from carbon_entries ce1_0
2026-03-30T04:09:29.051+05:30 DEBUG 25844 --- [nio-8085-exec-6] org.hibernate.SQL                        : select sum(ce1_0.amount) from carbon_entries ce1_0
2026-03-30T04:09:29.056+05:30 DEBUG 25844 --- [nio-8085-exec-6] org.hibernate.SQL                        : select count(*) from goals g1_0
2026-03-30T04:09:29.060+05:30 DEBUG 25844 --- [nio-8085-exec-6] org.hibernate.SQL                        : select g1_0.id,g1_0.category,g1_0.created_at,g1_0.current_progress,g1_0.deadline,g1_0.description,g1_0.status,g1_0.target_amount,g1_0.title,g1_0.user_id from goals g1_0
2026-03-30T04:09:29.065+05:30 DEBUG 25844 --- [nio-8085-exec-6] org.hibernate.SQL                        : select ce1_0.category,sum(ce1_0.amount) from carbon_entries ce1_0 group by ce1_0.category
2026-03-30T04:09:29.068+05:30 DEBUG 25844 --- [nio-8085-exec-6] org.hibernate.SQL                        : select u1_0.id,u1_0.created_at,u1_0.email,u1_0.enabled,u1_0.name,u1_0.otp,u1_0.otp_expiry,u1_0.password,u1_0.role from users u1_0
2026-03-30T04:09:29.072+05:30 DEBUG 25844 --- [nio-8085-exec-6] org.hibernate.SQL                        : select sum(ce1_0.amount) from carbon_entries ce1_0 where ce1_0.user_id=?
2026-03-30T04:09:29.074+05:30 DEBUG 25844 --- [nio-8085-exec-6] org.hibernate.SQL                        : select sum(ce1_0.amount) from carbon_entries ce1_0 where ce1_0.user_id=?
2026-03-30T04:09:29.076+05:30 DEBUG 25844 --- [nio-8085-exec-6] org.hibernate.SQL                        : select sum(ce1_0.amount) from carbon_entries ce1_0 where ce1_0.user_id=?
2026-03-30T04:09:29.078+05:30 DEBUG 25844 --- [nio-8085-exec-6] org.hibernate.SQL                        : select sum(ce1_0.amount) from carbon_entries ce1_0 where ce1_0.user_id=?
2026-03-30T04:09:29.083+05:30 DEBUG 25844 --- [nio-8085-exec-6] o.s.w.s.m.m.a.HttpEntityMethodProcessor  : Using 'application/json', given [*/*] and supported [application/json, application/*+json]
2026-03-30T04:09:29.083+05:30 DEBUG 25844 --- [nio-8085-exec-6] o.s.w.s.m.m.a.HttpEntityMethodProcessor  : Writing [{totalUsers=4, activeUsers=3, totalCo2Kg=51.9, totalCarbonKg=51.9, avgCo2PerUser=13.0, avgCarbonPerU (truncated)...]
2026-03-30T04:09:29.084+05:30 DEBUG 25844 --- [nio-8085-exec-6] o.s.web.servlet.DispatcherServlet        : Completed 200 OK
2026-03-30T04:09:29.090+05:30 DEBUG 25844 --- [nio-8085-exec-5] org.hibernate.SQL                        : select u1_0.id,u1_0.created_at,u1_0.email,u1_0.enabled,u1_0.name,u1_0.otp,u1_0.otp_expiry,u1_0.password,u1_0.role from users u1_0 where u1_0.email=?
2026-03-30T04:09:29.091+05:30 DEBUG 25844 --- [nio-8085-exec-5] o.s.web.servlet.DispatcherServlet        : GET "/api/admin/analytics", parameters={}
2026-03-30T04:09:29.091+05:30 DEBUG 25844 --- [nio-8085-exec-5] s.w.s.m.m.a.RequestMappingHandlerMapping : Mapped to com.ecotrack.backend.controller.AdminController#getAnalytics(User)
2026-03-30T04:09:29.093+05:30 DEBUG 25844 --- [nio-8085-exec-5] org.hibernate.SQL                        : select count(*) from users u1_0
2026-03-30T04:09:29.096+05:30 DEBUG 25844 --- [nio-8085-exec-5] org.hibernate.SQL                        : select count(distinct ce1_0.user_id) from carbon_entries ce1_0
2026-03-30T04:09:29.099+05:30 DEBUG 25844 --- [nio-8085-exec-5] org.hibernate.SQL                        : select sum(ce1_0.amount) from carbon_entries ce1_0
2026-03-30T04:09:29.100+05:30 DEBUG 25844 --- [nio-8085-exec-5] org.hibernate.SQL                        : select count(*) from goals g1_0
2026-03-30T04:09:29.104+05:30 DEBUG 25844 --- [nio-8085-exec-5] org.hibernate.SQL                        : select g1_0.id,g1_0.category,g1_0.created_at,g1_0.current_progress,g1_0.deadline,g1_0.description,g1_0.status,g1_0.target_amount,g1_0.title,g1_0.user_id from goals g1_0
2026-03-30T04:09:29.107+05:30 DEBUG 25844 --- [nio-8085-exec-5] org.hibernate.SQL                        : select ce1_0.category,sum(ce1_0.amount) from carbon_entries ce1_0 group by ce1_0.category
2026-03-30T04:09:29.109+05:30 DEBUG 25844 --- [nio-8085-exec-5] org.hibernate.SQL                        : select u1_0.id,u1_0.created_at,u1_0.email,u1_0.enabled,u1_0.name,u1_0.otp,u1_0.otp_expiry,u1_0.password,u1_0.role from users u1_0
2026-03-30T04:09:29.112+05:30 DEBUG 25844 --- [nio-8085-exec-5] org.hibernate.SQL                        : select sum(ce1_0.amount) from carbon_entries ce1_0 where ce1_0.user_id=?
2026-03-30T04:09:29.113+05:30 DEBUG 25844 --- [nio-8085-exec-5] org.hibernate.SQL                        : select sum(ce1_0.amount) from carbon_entries ce1_0 where ce1_0.user_id=?
2026-03-30T04:09:29.115+05:30 DEBUG 25844 --- [nio-8085-exec-5] org.hibernate.SQL                        : select sum(ce1_0.amount) from carbon_entries ce1_0 where ce1_0.user_id=?
2026-03-30T04:09:29.116+05:30 DEBUG 25844 --- [nio-8085-exec-5] org.hibernate.SQL                        : select sum(ce1_0.amount) from carbon_entries ce1_0 where ce1_0.user_id=?
2026-03-30T04:09:29.118+05:30 DEBUG 25844 --- [nio-8085-exec-5] o.s.w.s.m.m.a.HttpEntityMethodProcessor  : Using 'application/json', given [*/*] and supported [application/json, application/*+json]
2026-03-30T04:09:29.119+05:30 DEBUG 25844 --- [nio-8085-exec-5] o.s.w.s.m.m.a.HttpEntityMethodProcessor  : Writing [{totalUsers=4, activeUsers=3, totalCo2Kg=51.9, totalCarbonKg=51.9, avgCo2PerUser=13.0, avgCarbonPerU (truncated)...]
2026-03-30T04:09:29.121+05:30 DEBUG 25844 --- [nio-8085-exec-5] o.s.web.servlet.DispatcherServlet        : Completed 200 OK
2026-03-30T04:09:30.366+05:30 DEBUG 25844 --- [nio-8085-exec-4] org.hibernate.SQL                        : select u1_0.id,u1_0.created_at,u1_0.email,u1_0.enabled,u1_0.name,u1_0.otp,u1_0.otp_expiry,u1_0.password,u1_0.role from users u1_0 where u1_0.email=?
2026-03-30T04:09:30.368+05:30 DEBUG 25844 --- [nio-8085-exec-2] org.hibernate.SQL                        : select u1_0.id,u1_0.created_at,u1_0.email,u1_0.enabled,u1_0.name,u1_0.otp,u1_0.otp_expiry,u1_0.password,u1_0.role from users u1_0 where u1_0.email=?
2026-03-30T04:09:30.372+05:30 DEBUG 25844 --- [nio-8085-exec-4] o.s.web.servlet.DispatcherServlet        : GET "/api/notifications", parameters={}
2026-03-30T04:09:30.372+05:30 DEBUG 25844 --- [nio-8085-exec-2] o.s.web.servlet.DispatcherServlet        : GET "/api/badges/current", parameters={}
2026-03-30T04:09:30.373+05:30 DEBUG 25844 --- [nio-8085-exec-4] s.w.s.m.m.a.RequestMappingHandlerMapping : Mapped to com.ecotrack.backend.controller.NotificationController#getNotifications(User)
2026-03-30T04:09:30.373+05:30 DEBUG 25844 --- [nio-8085-exec-2] s.w.s.m.m.a.RequestMappingHandlerMapping : Mapped to com.ecotrack.backend.controller.BadgeController#getCurrentUserBadges(User)
2026-03-30T04:09:30.374+05:30 DEBUG 25844 --- [nio-8085-exec-2] org.hibernate.SQL                        : select sum(ce1_0.amount) from carbon_entries ce1_0 where ce1_0.user_id=?
2026-03-30T04:09:30.375+05:30 DEBUG 25844 --- [nio-8085-exec-4] org.hibernate.SQL                        : select un1_0.id,un1_0.created_at,un1_0.message,un1_0.is_read,un1_0.title,un1_0.type,un1_0.user_id from notifications un1_0 where un1_0.user_id=? order by un1_0.created_at desc
2026-03-30T04:09:30.377+05:30 DEBUG 25844 --- [nio-8085-exec-4] o.s.w.s.m.m.a.HttpEntityMethodProcessor  : Using 'application/json', given [*/*] and supported [application/json, application/*+json]
2026-03-30T04:09:30.378+05:30 DEBUG 25844 --- [nio-8085-exec-4] o.s.w.s.m.m.a.HttpEntityMethodProcessor  : Writing [[{id=1, title=Badge unlocked: Green Achiever, message=You earned the Green Achiever badge., type=BAD (truncated)...]
2026-03-30T04:09:30.379+05:30 DEBUG 25844 --- [nio-8085-exec-2] org.hibernate.SQL                        : select ce1_0.category,sum(ce1_0.amount) from carbon_entries ce1_0 where ce1_0.user_id=? group by ce1_0.category
2026-03-30T04:09:30.379+05:30 DEBUG 25844 --- [nio-8085-exec-4] o.s.web.servlet.DispatcherServlet        : Completed 200 OK
2026-03-30T04:09:30.381+05:30 DEBUG 25844 --- [nio-8085-exec-2] org.hibernate.SQL                        : select ls1_0.id,ls1_0.buys_local_food,ls1_0.buys_second_hand,ls1_0.car_type,ls1_0.diet_type,ls1_0.estimated_annual_footprint,ls1_0.has_renewable_energy,ls1_0.home_heating,ls1_0.long_flights_per_year,ls1_0.meat_meals_per_week,ls1_0.monthly_electricity_kwh,ls1_0.primary_transport,ls1_0.shopping_habits,ls1_0.short_flights_per_year,ls1_0.user_id,ls1_0.weekly_driving_km from lifestyle_surveys ls1_0 where ls1_0.user_id=?
2026-03-30T04:09:30.390+05:30 DEBUG 25844 --- [nio-8085-exec-2] org.hibernate.SQL                        : select count(g1_0.id) from goals g1_0 where g1_0.user_id=? and g1_0.status=?
2026-03-30T04:09:30.392+05:30 DEBUG 25844 --- [nio-8085-exec-2] org.hibernate.SQL                        : select ce1_0.id,ce1_0.activity,ce1_0.amount,ce1_0.category,ce1_0.created_at,ce1_0.date,ce1_0.notes,ce1_0.unit,ce1_0.user_id from carbon_entries ce1_0 where ce1_0.user_id=? order by ce1_0.date desc,ce1_0.created_at desc
2026-03-30T04:09:30.396+05:30 DEBUG 25844 --- [nio-8085-exec-2] org.hibernate.SQL                        : select sum(ce1_0.amount) from carbon_entries ce1_0 where ce1_0.user_id=? and ce1_0.date>=? and ce1_0.date<=?
2026-03-30T04:09:30.399+05:30 DEBUG 25844 --- [nio-8085-exec-2] org.hibernate.SQL                        : select b1_0.id,b1_0.active,b1_0.bg_color,b1_0.category,b1_0.color,b1_0.created_at,b1_0.created_by,b1_0.description,b1_0.icon,b1_0.name,b1_0.threshold_kg from badges b1_0 where b1_0.active
2026-03-30T04:09:30.401+05:30 DEBUG 25844 --- [nio-8085-exec-2] o.s.w.s.m.m.a.HttpEntityMethodProcessor  : Using 'application/json', given [*/*] and supported [application/json, application/*+json]
2026-03-30T04:09:30.401+05:30 DEBUG 25844 --- [nio-8085-exec-2] o.s.w.s.m.m.a.HttpEntityMethodProcessor  : Writing [[{name=Eco Starter, description=Completed your first lifestyle survey, iconName=Sparkles, bgColor=bg (truncated)...]
2026-03-30T04:09:30.402+05:30 DEBUG 25844 --- [nio-8085-exec-2] o.s.web.servlet.DispatcherServlet        : Completed 200 OK
2026-03-30T04:09:30.408+05:30 DEBUG 25844 --- [nio-8085-exec-3] org.hibernate.SQL                        : select u1_0.id,u1_0.created_at,u1_0.email,u1_0.enabled,u1_0.name,u1_0.otp,u1_0.otp_expiry,u1_0.password,u1_0.role from users u1_0 where u1_0.email=?
2026-03-30T04:09:30.409+05:30 DEBUG 25844 --- [nio-8085-exec-3] o.s.web.servlet.DispatcherServlet        : GET "/api/badges/current", parameters={}
2026-03-30T04:09:30.410+05:30 DEBUG 25844 --- [nio-8085-exec-3] s.w.s.m.m.a.RequestMappingHandlerMapping : Mapped to com.ecotrack.backend.controller.BadgeController#getCurrentUserBadges(User)
2026-03-30T04:09:30.411+05:30 DEBUG 25844 --- [nio-8085-exec-3] org.hibernate.SQL                        : select sum(ce1_0.amount) from carbon_entries ce1_0 where ce1_0.user_id=?
2026-03-30T04:09:30.412+05:30 DEBUG 25844 --- [nio-8085-exec-3] org.hibernate.SQL                        : select ce1_0.category,sum(ce1_0.amount) from carbon_entries ce1_0 where ce1_0.user_id=? group by ce1_0.category
2026-03-30T04:09:30.414+05:30 DEBUG 25844 --- [nio-8085-exec-3] org.hibernate.SQL                        : select ls1_0.id,ls1_0.buys_local_food,ls1_0.buys_second_hand,ls1_0.car_type,ls1_0.diet_type,ls1_0.estimated_annual_footprint,ls1_0.has_renewable_energy,ls1_0.home_heating,ls1_0.long_flights_per_year,ls1_0.meat_meals_per_week,ls1_0.monthly_electricity_kwh,ls1_0.primary_transport,ls1_0.shopping_habits,ls1_0.short_flights_per_year,ls1_0.user_id,ls1_0.weekly_driving_km from lifestyle_surveys ls1_0 where ls1_0.user_id=?
2026-03-30T04:09:30.416+05:30 DEBUG 25844 --- [nio-8085-exec-3] org.hibernate.SQL                        : select count(g1_0.id) from goals g1_0 where g1_0.user_id=? and g1_0.status=?
2026-03-30T04:09:30.417+05:30 DEBUG 25844 --- [nio-8085-exec-3] org.hibernate.SQL                        : select ce1_0.id,ce1_0.activity,ce1_0.amount,ce1_0.category,ce1_0.created_at,ce1_0.date,ce1_0.notes,ce1_0.unit,ce1_0.user_id from carbon_entries ce1_0 where ce1_0.user_id=? order by ce1_0.date desc,ce1_0.created_at desc
2026-03-30T04:09:30.421+05:30 DEBUG 25844 --- [nio-8085-exec-3] org.hibernate.SQL                        : select sum(ce1_0.amount) from carbon_entries ce1_0 where ce1_0.user_id=? and ce1_0.date>=? and ce1_0.date<=?
2026-03-30T04:09:30.422+05:30 DEBUG 25844 --- [nio-8085-exec-3] org.hibernate.SQL                        : select b1_0.id,b1_0.active,b1_0.bg_color,b1_0.category,b1_0.color,b1_0.created_at,b1_0.created_by,b1_0.description,b1_0.icon,b1_0.name,b1_0.threshold_kg from badges b1_0 where b1_0.active
2026-03-30T04:09:30.424+05:30 DEBUG 25844 --- [nio-8085-exec-3] o.s.w.s.m.m.a.HttpEntityMethodProcessor  : Using 'application/json', given [*/*] and supported [application/json, application/*+json]
2026-03-30T04:09:30.425+05:30 DEBUG 25844 --- [nio-8085-exec-3] o.s.w.s.m.m.a.HttpEntityMethodProcessor  : Writing [[{name=Eco Starter, description=Completed your first lifestyle survey, iconName=Sparkles, bgColor=bg (truncated)...]
2026-03-30T04:09:30.427+05:30 DEBUG 25844 --- [nio-8085-exec-3] o.s.web.servlet.DispatcherServlet        : Completed 200 OK
2026-03-30T04:09:37.439+05:30 DEBUG 25844 --- [nio-8085-exec-6] org.hibernate.SQL                        : select u1_0.id,u1_0.created_at,u1_0.email,u1_0.enabled,u1_0.name,u1_0.otp,u1_0.otp_expiry,u1_0.password,u1_0.role from users u1_0 where u1_0.email=?
2026-03-30T04:09:37.439+05:30 DEBUG 25844 --- [nio-8085-exec-5] org.hibernate.SQL                        : select u1_0.id,u1_0.created_at,u1_0.email,u1_0.enabled,u1_0.name,u1_0.otp,u1_0.otp_expiry,u1_0.password,u1_0.role from users u1_0 where u1_0.email=?
2026-03-30T04:09:37.443+05:30 DEBUG 25844 --- [nio-8085-exec-5] o.s.web.servlet.DispatcherServlet        : GET "/api/notifications", parameters={}
2026-03-30T04:09:37.443+05:30 DEBUG 25844 --- [nio-8085-exec-6] o.s.web.servlet.DispatcherServlet        : GET "/api/leaderboard", parameters={}
2026-03-30T04:09:37.443+05:30 DEBUG 25844 --- [nio-8085-exec-5] s.w.s.m.m.a.RequestMappingHandlerMapping : Mapped to com.ecotrack.backend.controller.NotificationController#getNotifications(User)
2026-03-30T04:09:37.444+05:30 DEBUG 25844 --- [nio-8085-exec-6] s.w.s.m.m.a.RequestMappingHandlerMapping : Mapped to com.ecotrack.backend.controller.LeaderboardController#get(User)
2026-03-30T04:09:37.445+05:30 DEBUG 25844 --- [nio-8085-exec-5] org.hibernate.SQL                        : select un1_0.id,un1_0.created_at,un1_0.message,un1_0.is_read,un1_0.title,un1_0.type,un1_0.user_id from notifications un1_0 where un1_0.user_id=? order by un1_0.created_at desc
2026-03-30T04:09:37.447+05:30 DEBUG 25844 --- [nio-8085-exec-5] o.s.w.s.m.m.a.HttpEntityMethodProcessor  : Using 'application/json', given [*/*] and supported [application/json, application/*+json]
2026-03-30T04:09:37.447+05:30 DEBUG 25844 --- [nio-8085-exec-5] o.s.w.s.m.m.a.HttpEntityMethodProcessor  : Writing [[{id=1, title=Badge unlocked: Green Achiever, message=You earned the Green Achiever badge., type=BAD (truncated)...]
2026-03-30T04:09:37.448+05:30 DEBUG 25844 --- [nio-8085-exec-6] org.hibernate.SQL                        : select ce1_0.id from carbon_entries ce1_0 where ce1_0.user_id=? fetch first ? rows only
2026-03-30T04:09:37.448+05:30 DEBUG 25844 --- [nio-8085-exec-5] o.s.web.servlet.DispatcherServlet        : Completed 200 OK
2026-03-30T04:09:37.452+05:30 DEBUG 25844 --- [nio-8085-exec-6] org.hibernate.SQL                        : select u1_0.id,u1_0.created_at,u1_0.email,u1_0.enabled,u1_0.name,u1_0.otp,u1_0.otp_expiry,u1_0.password,u1_0.role from users u1_0
2026-03-30T04:09:37.454+05:30 DEBUG 25844 --- [nio-8085-exec-6] org.hibernate.SQL                        : select ce1_0.id from carbon_entries ce1_0 where ce1_0.user_id=? fetch first ? rows only
2026-03-30T04:09:37.457+05:30 DEBUG 25844 --- [nio-8085-exec-6] org.hibernate.SQL                        : select ce1_0.id from carbon_entries ce1_0 where ce1_0.user_id=? fetch first ? rows only
2026-03-30T04:09:37.459+05:30 DEBUG 25844 --- [nio-8085-exec-6] org.hibernate.SQL                        : select sum(ce1_0.amount) from carbon_entries ce1_0 where ce1_0.user_id=?
2026-03-30T04:09:37.461+05:30 DEBUG 25844 --- [nio-8085-exec-6] org.hibernate.SQL                        : select sum(ce1_0.amount) from carbon_entries ce1_0 where ce1_0.user_id=?
2026-03-30T04:09:37.462+05:30 DEBUG 25844 --- [nio-8085-exec-6] org.hibernate.SQL                        : select ce1_0.category,sum(ce1_0.amount) from carbon_entries ce1_0 where ce1_0.user_id=? group by ce1_0.category
2026-03-30T04:09:37.464+05:30 DEBUG 25844 --- [nio-8085-exec-6] org.hibernate.SQL                        : select ls1_0.id,ls1_0.buys_local_food,ls1_0.buys_second_hand,ls1_0.car_type,ls1_0.diet_type,ls1_0.estimated_annual_footprint,ls1_0.has_renewable_energy,ls1_0.home_heating,ls1_0.long_flights_per_year,ls1_0.meat_meals_per_week,ls1_0.monthly_electricity_kwh,ls1_0.primary_transport,ls1_0.shopping_habits,ls1_0.short_flights_per_year,ls1_0.user_id,ls1_0.weekly_driving_km from lifestyle_surveys ls1_0 where ls1_0.user_id=?
2026-03-30T04:09:37.466+05:30 DEBUG 25844 --- [nio-8085-exec-6] org.hibernate.SQL                        : select count(g1_0.id) from goals g1_0 where g1_0.user_id=? and g1_0.status=?
2026-03-30T04:09:37.468+05:30 DEBUG 25844 --- [nio-8085-exec-6] org.hibernate.SQL                        : select ce1_0.id,ce1_0.activity,ce1_0.amount,ce1_0.category,ce1_0.created_at,ce1_0.date,ce1_0.notes,ce1_0.unit,ce1_0.user_id from carbon_entries ce1_0 where ce1_0.user_id=? order by ce1_0.date desc,ce1_0.created_at desc
2026-03-30T04:09:37.470+05:30 DEBUG 25844 --- [nio-8085-exec-6] org.hibernate.SQL                        : select sum(ce1_0.amount) from carbon_entries ce1_0 where ce1_0.user_id=? and ce1_0.date>=? and ce1_0.date<=?
2026-03-30T04:09:37.472+05:30 DEBUG 25844 --- [nio-8085-exec-6] org.hibernate.SQL                        : select b1_0.id,b1_0.active,b1_0.bg_color,b1_0.category,b1_0.color,b1_0.created_at,b1_0.created_by,b1_0.description,b1_0.icon,b1_0.name,b1_0.threshold_kg from badges b1_0 where b1_0.active
2026-03-30T04:09:37.475+05:30 DEBUG 25844 --- [nio-8085-exec-6] org.hibernate.SQL                        : select ce1_0.id from carbon_entries ce1_0 where ce1_0.user_id=? fetch first ? rows only
2026-03-30T04:09:37.477+05:30 DEBUG 25844 --- [nio-8085-exec-6] org.hibernate.SQL                        : select sum(ce1_0.amount) from carbon_entries ce1_0 where ce1_0.user_id=?
2026-03-30T04:09:37.478+05:30 DEBUG 25844 --- [nio-8085-exec-6] org.hibernate.SQL                        : select sum(ce1_0.amount) from carbon_entries ce1_0 where ce1_0.user_id=?
2026-03-30T04:09:37.480+05:30 DEBUG 25844 --- [nio-8085-exec-6] org.hibernate.SQL                        : select ce1_0.category,sum(ce1_0.amount) from carbon_entries ce1_0 where ce1_0.user_id=? group by ce1_0.category
2026-03-30T04:09:37.481+05:30 DEBUG 25844 --- [nio-8085-exec-6] org.hibernate.SQL                        : select ls1_0.id,ls1_0.buys_local_food,ls1_0.buys_second_hand,ls1_0.car_type,ls1_0.diet_type,ls1_0.estimated_annual_footprint,ls1_0.has_renewable_energy,ls1_0.home_heating,ls1_0.long_flights_per_year,ls1_0.meat_meals_per_week,ls1_0.monthly_electricity_kwh,ls1_0.primary_transport,ls1_0.shopping_habits,ls1_0.short_flights_per_year,ls1_0.user_id,ls1_0.weekly_driving_km from lifestyle_surveys ls1_0 where ls1_0.user_id=?
2026-03-30T04:09:37.484+05:30 DEBUG 25844 --- [nio-8085-exec-6] org.hibernate.SQL                        : select count(g1_0.id) from goals g1_0 where g1_0.user_id=? and g1_0.status=?
2026-03-30T04:09:37.486+05:30 DEBUG 25844 --- [nio-8085-exec-6] org.hibernate.SQL                        : select ce1_0.id,ce1_0.activity,ce1_0.amount,ce1_0.category,ce1_0.created_at,ce1_0.date,ce1_0.notes,ce1_0.unit,ce1_0.user_id from carbon_entries ce1_0 where ce1_0.user_id=? order by ce1_0.date desc,ce1_0.created_at desc
2026-03-30T04:09:37.488+05:30 DEBUG 25844 --- [nio-8085-exec-6] org.hibernate.SQL                        : select sum(ce1_0.amount) from carbon_entries ce1_0 where ce1_0.user_id=? and ce1_0.date>=? and ce1_0.date<=?
2026-03-30T04:09:37.491+05:30 DEBUG 25844 --- [nio-8085-exec-6] org.hibernate.SQL                        : select b1_0.id,b1_0.active,b1_0.bg_color,b1_0.category,b1_0.color,b1_0.created_at,b1_0.created_by,b1_0.description,b1_0.icon,b1_0.name,b1_0.threshold_kg from badges b1_0 where b1_0.active
2026-03-30T04:09:37.494+05:30 DEBUG 25844 --- [nio-8085-exec-6] org.hibernate.SQL                        : select ce1_0.id from carbon_entries ce1_0 where ce1_0.user_id=? fetch first ? rows only
2026-03-30T04:09:37.495+05:30 DEBUG 25844 --- [nio-8085-exec-6] org.hibernate.SQL                        : select sum(ce1_0.amount) from carbon_entries ce1_0 where ce1_0.user_id=?
2026-03-30T04:09:37.497+05:30 DEBUG 25844 --- [nio-8085-exec-6] org.hibernate.SQL                        : select sum(ce1_0.amount) from carbon_entries ce1_0 where ce1_0.user_id=?
2026-03-30T04:09:37.498+05:30 DEBUG 25844 --- [nio-8085-exec-6] org.hibernate.SQL                        : select ce1_0.category,sum(ce1_0.amount) from carbon_entries ce1_0 where ce1_0.user_id=? group by ce1_0.category
2026-03-30T04:09:37.501+05:30 DEBUG 25844 --- [nio-8085-exec-6] org.hibernate.SQL                        : select ls1_0.id,ls1_0.buys_local_food,ls1_0.buys_second_hand,ls1_0.car_type,ls1_0.diet_type,ls1_0.estimated_annual_footprint,ls1_0.has_renewable_energy,ls1_0.home_heating,ls1_0.long_flights_per_year,ls1_0.meat_meals_per_week,ls1_0.monthly_electricity_kwh,ls1_0.primary_transport,ls1_0.shopping_habits,ls1_0.short_flights_per_year,ls1_0.user_id,ls1_0.weekly_driving_km from lifestyle_surveys ls1_0 where ls1_0.user_id=?
2026-03-30T04:09:37.503+05:30 DEBUG 25844 --- [nio-8085-exec-6] org.hibernate.SQL                        : select count(g1_0.id) from goals g1_0 where g1_0.user_id=? and g1_0.status=?
2026-03-30T04:09:37.505+05:30 DEBUG 25844 --- [nio-8085-exec-6] org.hibernate.SQL                        : select ce1_0.id,ce1_0.activity,ce1_0.amount,ce1_0.category,ce1_0.created_at,ce1_0.date,ce1_0.notes,ce1_0.unit,ce1_0.user_id from carbon_entries ce1_0 where ce1_0.user_id=? order by ce1_0.date desc,ce1_0.created_at desc
2026-03-30T04:09:37.507+05:30 DEBUG 25844 --- [nio-8085-exec-6] org.hibernate.SQL                        : select sum(ce1_0.amount) from carbon_entries ce1_0 where ce1_0.user_id=? and ce1_0.date>=? and ce1_0.date<=?
2026-03-30T04:09:37.510+05:30 DEBUG 25844 --- [nio-8085-exec-6] org.hibernate.SQL                        : select b1_0.id,b1_0.active,b1_0.bg_color,b1_0.category,b1_0.color,b1_0.created_at,b1_0.created_by,b1_0.description,b1_0.icon,b1_0.name,b1_0.threshold_kg from badges b1_0 where b1_0.active
2026-03-30T04:09:37.513+05:30 DEBUG 25844 --- [nio-8085-exec-6] org.hibernate.SQL                        : select sum(ce1_0.amount) from carbon_entries ce1_0 where ce1_0.user_id=?
2026-03-30T04:09:37.514+05:30 DEBUG 25844 --- [nio-8085-exec-6] o.s.w.s.m.m.a.HttpEntityMethodProcessor  : Using 'application/json', given [*/*] and supported [application/json, application/*+json]
2026-03-30T04:09:37.514+05:30 DEBUG 25844 --- [nio-8085-exec-6] o.s.w.s.m.m.a.HttpEntityMethodProcessor  : Writing [{entries=[{userId=3, userName=Ava Green, totalCarbonKg=4.3, score=495.7, badgeCount=5, isCurrentUser (truncated)...]
2026-03-30T04:09:37.515+05:30 DEBUG 25844 --- [nio-8085-exec-6] o.s.web.servlet.DispatcherServlet        : Completed 200 OK
2026-03-30T04:09:37.521+05:30 DEBUG 25844 --- [io-8085-exec-10] org.hibernate.SQL                        : select u1_0.id,u1_0.created_at,u1_0.email,u1_0.enabled,u1_0.name,u1_0.otp,u1_0.otp_expiry,u1_0.password,u1_0.role from users u1_0 where u1_0.email=?
2026-03-30T04:09:37.522+05:30 DEBUG 25844 --- [io-8085-exec-10] o.s.web.servlet.DispatcherServlet        : GET "/api/leaderboard", parameters={}
2026-03-30T04:09:37.523+05:30 DEBUG 25844 --- [io-8085-exec-10] s.w.s.m.m.a.RequestMappingHandlerMapping : Mapped to com.ecotrack.backend.controller.LeaderboardController#get(User)
2026-03-30T04:09:37.525+05:30 DEBUG 25844 --- [io-8085-exec-10] org.hibernate.SQL                        : select ce1_0.id from carbon_entries ce1_0 where ce1_0.user_id=? fetch first ? rows only
2026-03-30T04:09:37.527+05:30 DEBUG 25844 --- [io-8085-exec-10] org.hibernate.SQL                        : select u1_0.id,u1_0.created_at,u1_0.email,u1_0.enabled,u1_0.name,u1_0.otp,u1_0.otp_expiry,u1_0.password,u1_0.role from users u1_0
2026-03-30T04:09:37.529+05:30 DEBUG 25844 --- [io-8085-exec-10] org.hibernate.SQL                        : select ce1_0.id from carbon_entries ce1_0 where ce1_0.user_id=? fetch first ? rows only
2026-03-30T04:09:37.531+05:30 DEBUG 25844 --- [io-8085-exec-10] org.hibernate.SQL                        : select ce1_0.id from carbon_entries ce1_0 where ce1_0.user_id=? fetch first ? rows only
2026-03-30T04:09:37.533+05:30 DEBUG 25844 --- [io-8085-exec-10] org.hibernate.SQL                        : select sum(ce1_0.amount) from carbon_entries ce1_0 where ce1_0.user_id=?
2026-03-30T04:09:37.535+05:30 DEBUG 25844 --- [io-8085-exec-10] org.hibernate.SQL                        : select sum(ce1_0.amount) from carbon_entries ce1_0 where ce1_0.user_id=?
2026-03-30T04:09:37.536+05:30 DEBUG 25844 --- [io-8085-exec-10] org.hibernate.SQL                        : select ce1_0.category,sum(ce1_0.amount) from carbon_entries ce1_0 where ce1_0.user_id=? group by ce1_0.category
2026-03-30T04:09:37.538+05:30 DEBUG 25844 --- [io-8085-exec-10] org.hibernate.SQL                        : select ls1_0.id,ls1_0.buys_local_food,ls1_0.buys_second_hand,ls1_0.car_type,ls1_0.diet_type,ls1_0.estimated_annual_footprint,ls1_0.has_renewable_energy,ls1_0.home_heating,ls1_0.long_flights_per_year,ls1_0.meat_meals_per_week,ls1_0.monthly_electricity_kwh,ls1_0.primary_transport,ls1_0.shopping_habits,ls1_0.short_flights_per_year,ls1_0.user_id,ls1_0.weekly_driving_km from lifestyle_surveys ls1_0 where ls1_0.user_id=?
2026-03-30T04:09:37.540+05:30 DEBUG 25844 --- [io-8085-exec-10] org.hibernate.SQL                        : select count(g1_0.id) from goals g1_0 where g1_0.user_id=? and g1_0.status=?
2026-03-30T04:09:37.544+05:30 DEBUG 25844 --- [io-8085-exec-10] org.hibernate.SQL                        : select ce1_0.id,ce1_0.activity,ce1_0.amount,ce1_0.category,ce1_0.created_at,ce1_0.date,ce1_0.notes,ce1_0.unit,ce1_0.user_id from carbon_entries ce1_0 where ce1_0.user_id=? order by ce1_0.date desc,ce1_0.created_at desc
2026-03-30T04:09:37.546+05:30 DEBUG 25844 --- [io-8085-exec-10] org.hibernate.SQL                        : select sum(ce1_0.amount) from carbon_entries ce1_0 where ce1_0.user_id=? and ce1_0.date>=? and ce1_0.date<=?
2026-03-30T04:09:37.548+05:30 DEBUG 25844 --- [io-8085-exec-10] org.hibernate.SQL                        : select b1_0.id,b1_0.active,b1_0.bg_color,b1_0.category,b1_0.color,b1_0.created_at,b1_0.created_by,b1_0.description,b1_0.icon,b1_0.name,b1_0.threshold_kg from badges b1_0 where b1_0.active
2026-03-30T04:09:37.551+05:30 DEBUG 25844 --- [io-8085-exec-10] org.hibernate.SQL                        : select ce1_0.id from carbon_entries ce1_0 where ce1_0.user_id=? fetch first ? rows only
2026-03-30T04:09:37.553+05:30 DEBUG 25844 --- [io-8085-exec-10] org.hibernate.SQL                        : select sum(ce1_0.amount) from carbon_entries ce1_0 where ce1_0.user_id=?
2026-03-30T04:09:37.555+05:30 DEBUG 25844 --- [io-8085-exec-10] org.hibernate.SQL                        : select sum(ce1_0.amount) from carbon_entries ce1_0 where ce1_0.user_id=?
2026-03-30T04:09:37.556+05:30 DEBUG 25844 --- [io-8085-exec-10] org.hibernate.SQL                        : select ce1_0.category,sum(ce1_0.amount) from carbon_entries ce1_0 where ce1_0.user_id=? group by ce1_0.category
2026-03-30T04:09:37.559+05:30 DEBUG 25844 --- [io-8085-exec-10] org.hibernate.SQL                        : select ls1_0.id,ls1_0.buys_local_food,ls1_0.buys_second_hand,ls1_0.car_type,ls1_0.diet_type,ls1_0.estimated_annual_footprint,ls1_0.has_renewable_energy,ls1_0.home_heating,ls1_0.long_flights_per_year,ls1_0.meat_meals_per_week,ls1_0.monthly_electricity_kwh,ls1_0.primary_transport,ls1_0.shopping_habits,ls1_0.short_flights_per_year,ls1_0.user_id,ls1_0.weekly_driving_km from lifestyle_surveys ls1_0 where ls1_0.user_id=?
2026-03-30T04:09:37.561+05:30 DEBUG 25844 --- [io-8085-exec-10] org.hibernate.SQL                        : select count(g1_0.id) from goals g1_0 where g1_0.user_id=? and g1_0.status=?
2026-03-30T04:09:37.563+05:30 DEBUG 25844 --- [io-8085-exec-10] org.hibernate.SQL                        : select ce1_0.id,ce1_0.activity,ce1_0.amount,ce1_0.category,ce1_0.created_at,ce1_0.date,ce1_0.notes,ce1_0.unit,ce1_0.user_id from carbon_entries ce1_0 where ce1_0.user_id=? order by ce1_0.date desc,ce1_0.created_at desc
2026-03-30T04:09:37.566+05:30 DEBUG 25844 --- [io-8085-exec-10] org.hibernate.SQL                        : select sum(ce1_0.amount) from carbon_entries ce1_0 where ce1_0.user_id=? and ce1_0.date>=? and ce1_0.date<=?
2026-03-30T04:09:37.570+05:30 DEBUG 25844 --- [io-8085-exec-10] org.hibernate.SQL                        : select b1_0.id,b1_0.active,b1_0.bg_color,b1_0.category,b1_0.color,b1_0.created_at,b1_0.created_by,b1_0.description,b1_0.icon,b1_0.name,b1_0.threshold_kg from badges b1_0 where b1_0.active
2026-03-30T04:09:37.572+05:30 DEBUG 25844 --- [io-8085-exec-10] org.hibernate.SQL                        : select ce1_0.id from carbon_entries ce1_0 where ce1_0.user_id=? fetch first ? rows only
2026-03-30T04:09:37.573+05:30 DEBUG 25844 --- [io-8085-exec-10] org.hibernate.SQL                        : select sum(ce1_0.amount) from carbon_entries ce1_0 where ce1_0.user_id=?
2026-03-30T04:09:37.575+05:30 DEBUG 25844 --- [io-8085-exec-10] org.hibernate.SQL                        : select sum(ce1_0.amount) from carbon_entries ce1_0 where ce1_0.user_id=?
2026-03-30T04:09:37.576+05:30 DEBUG 25844 --- [io-8085-exec-10] org.hibernate.SQL                        : select ce1_0.category,sum(ce1_0.amount) from carbon_entries ce1_0 where ce1_0.user_id=? group by ce1_0.category
2026-03-30T04:09:37.578+05:30 DEBUG 25844 --- [io-8085-exec-10] org.hibernate.SQL                        : select ls1_0.id,ls1_0.buys_local_food,ls1_0.buys_second_hand,ls1_0.car_type,ls1_0.diet_type,ls1_0.estimated_annual_footprint,ls1_0.has_renewable_energy,ls1_0.home_heating,ls1_0.long_flights_per_year,ls1_0.meat_meals_per_week,ls1_0.monthly_electricity_kwh,ls1_0.primary_transport,ls1_0.shopping_habits,ls1_0.short_flights_per_year,ls1_0.user_id,ls1_0.weekly_driving_km from lifestyle_surveys ls1_0 where ls1_0.user_id=?
2026-03-30T04:09:37.580+05:30 DEBUG 25844 --- [io-8085-exec-10] org.hibernate.SQL                        : select count(g1_0.id) from goals g1_0 where g1_0.user_id=? and g1_0.status=?
2026-03-30T04:09:37.582+05:30 DEBUG 25844 --- [io-8085-exec-10] org.hibernate.SQL                        : select ce1_0.id,ce1_0.activity,ce1_0.amount,ce1_0.category,ce1_0.created_at,ce1_0.date,ce1_0.notes,ce1_0.unit,ce1_0.user_id from carbon_entries ce1_0 where ce1_0.user_id=? order by ce1_0.date desc,ce1_0.created_at desc
2026-03-30T04:09:37.585+05:30 DEBUG 25844 --- [io-8085-exec-10] org.hibernate.SQL                        : select sum(ce1_0.amount) from carbon_entries ce1_0 where ce1_0.user_id=? and ce1_0.date>=? and ce1_0.date<=?
2026-03-30T04:09:37.587+05:30 DEBUG 25844 --- [io-8085-exec-10] org.hibernate.SQL                        : select b1_0.id,b1_0.active,b1_0.bg_color,b1_0.category,b1_0.color,b1_0.created_at,b1_0.created_by,b1_0.description,b1_0.icon,b1_0.name,b1_0.threshold_kg from badges b1_0 where b1_0.active
2026-03-30T04:09:37.588+05:30 DEBUG 25844 --- [io-8085-exec-10] org.hibernate.SQL                        : select sum(ce1_0.amount) from carbon_entries ce1_0 where ce1_0.user_id=?
2026-03-30T04:09:37.588+05:30 DEBUG 25844 --- [io-8085-exec-10] o.s.w.s.m.m.a.HttpEntityMethodProcessor  : Using 'application/json', given [*/*] and supported [application/json, application/*+json]
2026-03-30T04:09:37.590+05:30 DEBUG 25844 --- [io-8085-exec-10] o.s.w.s.m.m.a.HttpEntityMethodProcessor  : Writing [{entries=[{userId=3, userName=Ava Green, totalCarbonKg=4.3, score=495.7, badgeCount=5, isCurrentUser (truncated)...]
2026-03-30T04:09:37.591+05:30 DEBUG 25844 --- [io-8085-exec-10] o.s.web.servlet.DispatcherServlet        : Completed 200 OK
2026-03-30T04:09:42.123+05:30 DEBUG 25844 --- [nio-8085-exec-9] org.hibernate.SQL                        : select u1_0.id,u1_0.created_at,u1_0.email,u1_0.enabled,u1_0.name,u1_0.otp,u1_0.otp_expiry,u1_0.password,u1_0.role from users u1_0 where u1_0.email=?
2026-03-30T04:09:42.125+05:30 DEBUG 25844 --- [nio-8085-exec-7] org.hibernate.SQL                        : select u1_0.id,u1_0.created_at,u1_0.email,u1_0.enabled,u1_0.name,u1_0.otp,u1_0.otp_expiry,u1_0.password,u1_0.role from users u1_0 where u1_0.email=?
2026-03-30T04:09:42.125+05:30 DEBUG 25844 --- [nio-8085-exec-8] org.hibernate.SQL                        : select u1_0.id,u1_0.created_at,u1_0.email,u1_0.enabled,u1_0.name,u1_0.otp,u1_0.otp_expiry,u1_0.password,u1_0.role from users u1_0 where u1_0.email=?
2026-03-30T04:09:42.126+05:30 DEBUG 25844 --- [nio-8085-exec-9] o.s.web.servlet.DispatcherServlet        : GET "/api/notifications", parameters={}
2026-03-30T04:09:42.126+05:30 DEBUG 25844 --- [nio-8085-exec-8] o.s.web.servlet.DispatcherServlet        : GET "/api/marketplace", parameters={}
2026-03-30T04:09:42.126+05:30 DEBUG 25844 --- [nio-8085-exec-7] o.s.web.servlet.DispatcherServlet        : GET "/api/transactions/user/2", parameters={}
2026-03-30T04:09:42.126+05:30 DEBUG 25844 --- [nio-8085-exec-9] s.w.s.m.m.a.RequestMappingHandlerMapping : Mapped to com.ecotrack.backend.controller.NotificationController#getNotifications(User)
2026-03-30T04:09:42.127+05:30 DEBUG 25844 --- [nio-8085-exec-7] s.w.s.m.m.a.RequestMappingHandlerMapping : Mapped to com.ecotrack.backend.controller.TransactionController#getUserTransactions(User, Long)
2026-03-30T04:09:42.126+05:30 DEBUG 25844 --- [nio-8085-exec-8] s.w.s.m.m.a.RequestMappingHandlerMapping : Mapped to com.ecotrack.backend.controller.MarketplaceController#getAll()
2026-03-30T04:09:42.128+05:30 DEBUG 25844 --- [nio-8085-exec-7] org.hibernate.SQL                        : select u1_0.id,u1_0.created_at,u1_0.email,u1_0.enabled,u1_0.name,u1_0.otp,u1_0.otp_expiry,u1_0.password,u1_0.role from users u1_0 where u1_0.id=?
2026-03-30T04:09:42.128+05:30 DEBUG 25844 --- [nio-8085-exec-8] org.hibernate.SQL                        : select mi1_0.id,mi1_0.carbon_offset_value,mi1_0.created_at,mi1_0.description,mi1_0.item_name,mi1_0.item_type,mi1_0.price from marketplace mi1_0 order by mi1_0.created_at desc
2026-03-30T04:09:42.128+05:30 DEBUG 25844 --- [nio-8085-exec-9] org.hibernate.SQL                        : select un1_0.id,un1_0.created_at,un1_0.message,un1_0.is_read,un1_0.title,un1_0.type,un1_0.user_id from notifications un1_0 where un1_0.user_id=? order by un1_0.created_at desc
2026-03-30T04:09:42.130+05:30 DEBUG 25844 --- [nio-8085-exec-9] o.s.w.s.m.m.a.HttpEntityMethodProcessor  : Using 'application/json', given [*/*] and supported [application/json, application/*+json]
2026-03-30T04:09:42.131+05:30 DEBUG 25844 --- [nio-8085-exec-8] o.s.w.s.m.m.a.HttpEntityMethodProcessor  : Using 'application/json', given [*/*] and supported [application/json, application/*+json]
2026-03-30T04:09:42.131+05:30 DEBUG 25844 --- [nio-8085-exec-9] o.s.w.s.m.m.a.HttpEntityMethodProcessor  : Writing [[{id=1, title=Badge unlocked: Green Achiever, message=You earned the Green Achiever badge., type=BAD (truncated)...]
2026-03-30T04:09:42.132+05:30 DEBUG 25844 --- [nio-8085-exec-8] o.s.w.s.m.m.a.HttpEntityMethodProcessor  : Writing [[{id=4, itemName=tree1, itemType=tree_planting, price=2000.0, description=tree1 tree, carbonOffsetVa (truncated)...]
2026-03-30T04:09:42.132+05:30 DEBUG 25844 --- [nio-8085-exec-7] org.hibernate.SQL                        : select pt1_0.id,pt1_0.amount,pt1_0.created_at,pt1_0.marketplace_item_id,pt1_0.status,pt1_0.user_id from transactions pt1_0 where pt1_0.user_id=? order by pt1_0.created_at desc
2026-03-30T04:09:42.132+05:30 DEBUG 25844 --- [nio-8085-exec-8] o.s.web.servlet.DispatcherServlet        : Completed 200 OK
2026-03-30T04:09:42.132+05:30 DEBUG 25844 --- [nio-8085-exec-9] o.s.web.servlet.DispatcherServlet        : Completed 200 OK
2026-03-30T04:09:42.133+05:30 DEBUG 25844 --- [nio-8085-exec-7] o.s.w.s.m.m.a.HttpEntityMethodProcessor  : Using 'application/json', given [*/*] and supported [application/json, application/*+json]
2026-03-30T04:09:42.133+05:30 DEBUG 25844 --- [nio-8085-exec-7] o.s.w.s.m.m.a.HttpEntityMethodProcessor  : Writing [[]]
2026-03-30T04:09:42.134+05:30 DEBUG 25844 --- [nio-8085-exec-7] o.s.web.servlet.DispatcherServlet        : Completed 200 OK
2026-03-30T04:09:42.138+05:30 DEBUG 25844 --- [nio-8085-exec-5] org.hibernate.SQL                        : select u1_0.id,u1_0.created_at,u1_0.email,u1_0.enabled,u1_0.name,u1_0.otp,u1_0.otp_expiry,u1_0.password,u1_0.role from users u1_0 where u1_0.email=?
2026-03-30T04:09:42.139+05:30 DEBUG 25844 --- [nio-8085-exec-6] org.hibernate.SQL                        : select u1_0.id,u1_0.created_at,u1_0.email,u1_0.enabled,u1_0.name,u1_0.otp,u1_0.otp_expiry,u1_0.password,u1_0.role from users u1_0 where u1_0.email=?
2026-03-30T04:09:42.140+05:30 DEBUG 25844 --- [nio-8085-exec-5] o.s.web.servlet.DispatcherServlet        : GET "/api/marketplace", parameters={}
2026-03-30T04:09:42.140+05:30 DEBUG 25844 --- [nio-8085-exec-5] s.w.s.m.m.a.RequestMappingHandlerMapping : Mapped to com.ecotrack.backend.controller.MarketplaceController#getAll()
2026-03-30T04:09:42.140+05:30 DEBUG 25844 --- [nio-8085-exec-6] o.s.web.servlet.DispatcherServlet        : GET "/api/transactions/user/2", parameters={}
2026-03-30T04:09:42.141+05:30 DEBUG 25844 --- [nio-8085-exec-6] s.w.s.m.m.a.RequestMappingHandlerMapping : Mapped to com.ecotrack.backend.controller.TransactionController#getUserTransactions(User, Long)
2026-03-30T04:09:42.141+05:30 DEBUG 25844 --- [nio-8085-exec-5] org.hibernate.SQL                        : select mi1_0.id,mi1_0.carbon_offset_value,mi1_0.created_at,mi1_0.description,mi1_0.item_name,mi1_0.item_type,mi1_0.price from marketplace mi1_0 order by mi1_0.created_at desc
2026-03-30T04:09:42.143+05:30 DEBUG 25844 --- [nio-8085-exec-6] org.hibernate.SQL                        : select u1_0.id,u1_0.created_at,u1_0.email,u1_0.enabled,u1_0.name,u1_0.otp,u1_0.otp_expiry,u1_0.password,u1_0.role from users u1_0 where u1_0.id=?
2026-03-30T04:09:42.143+05:30 DEBUG 25844 --- [nio-8085-exec-5] o.s.w.s.m.m.a.HttpEntityMethodProcessor  : Using 'application/json', given [*/*] and supported [application/json, application/*+json]
2026-03-30T04:09:42.144+05:30 DEBUG 25844 --- [nio-8085-exec-5] o.s.w.s.m.m.a.HttpEntityMethodProcessor  : Writing [[{id=4, itemName=tree1, itemType=tree_planting, price=2000.0, description=tree1 tree, carbonOffsetVa (truncated)...]
2026-03-30T04:09:42.144+05:30 DEBUG 25844 --- [nio-8085-exec-5] o.s.web.servlet.DispatcherServlet        : Completed 200 OK
2026-03-30T04:09:42.144+05:30 DEBUG 25844 --- [nio-8085-exec-6] org.hibernate.SQL                        : select pt1_0.id,pt1_0.amount,pt1_0.created_at,pt1_0.marketplace_item_id,pt1_0.status,pt1_0.user_id from transactions pt1_0 where pt1_0.user_id=? order by pt1_0.created_at desc
2026-03-30T04:09:42.146+05:30 DEBUG 25844 --- [nio-8085-exec-6] o.s.w.s.m.m.a.HttpEntityMethodProcessor  : Using 'application/json', given [*/*] and supported [application/json, application/*+json]
2026-03-30T04:09:42.146+05:30 DEBUG 25844 --- [nio-8085-exec-6] o.s.w.s.m.m.a.HttpEntityMethodProcessor  : Writing [[]]
2026-03-30T04:09:42.147+05:30 DEBUG 25844 --- [nio-8085-exec-6] o.s.web.servlet.DispatcherServlet        : Completed 200 OK
2026-03-30T04:09:45.835+05:30 DEBUG 25844 --- [nio-8085-exec-1] org.hibernate.SQL                        : select u1_0.id,u1_0.created_at,u1_0.email,u1_0.enabled,u1_0.name,u1_0.otp,u1_0.otp_expiry,u1_0.password,u1_0.role from users u1_0 where u1_0.email=?
2026-03-30T04:09:45.840+05:30 DEBUG 25844 --- [nio-8085-exec-1] o.s.web.servlet.DispatcherServlet        : GET "/api/notifications", parameters={}
2026-03-30T04:09:45.841+05:30 DEBUG 25844 --- [nio-8085-exec-1] s.w.s.m.m.a.RequestMappingHandlerMapping : Mapped to com.ecotrack.backend.controller.NotificationController#getNotifications(User)
2026-03-30T04:09:45.843+05:30 DEBUG 25844 --- [nio-8085-exec-1] org.hibernate.SQL                        : select un1_0.id,un1_0.created_at,un1_0.message,un1_0.is_read,un1_0.title,un1_0.type,un1_0.user_id from notifications un1_0 where un1_0.user_id=? order by un1_0.created_at desc
2026-03-30T04:09:45.845+05:30 DEBUG 25844 --- [nio-8085-exec-1] o.s.w.s.m.m.a.HttpEntityMethodProcessor  : Using 'application/json', given [*/*] and supported [application/json, application/*+json]
2026-03-30T04:09:45.845+05:30 DEBUG 25844 --- [nio-8085-exec-1] o.s.w.s.m.m.a.HttpEntityMethodProcessor  : Writing [[{id=1, title=Badge unlocked: Green Achiever, message=You earned the Green Achiever badge., type=BAD (truncated)...]
2026-03-30T04:09:45.846+05:30 DEBUG 25844 --- [nio-8085-exec-1] o.s.web.servlet.DispatcherServlet        : Completed 200 OK
2026-03-30T04:09:45.853+05:30 DEBUG 25844 --- [nio-8085-exec-3] org.hibernate.SQL                        : select u1_0.id,u1_0.created_at,u1_0.email,u1_0.enabled,u1_0.name,u1_0.otp,u1_0.otp_expiry,u1_0.password,u1_0.role from users u1_0 where u1_0.email=?
2026-03-30T04:09:45.855+05:30 DEBUG 25844 --- [nio-8085-exec-3] o.s.web.servlet.DispatcherServlet        : GET "/api/notifications", parameters={}
2026-03-30T04:09:45.855+05:30 DEBUG 25844 --- [nio-8085-exec-3] s.w.s.m.m.a.RequestMappingHandlerMapping : Mapped to com.ecotrack.backend.controller.NotificationController#getNotifications(User)
2026-03-30T04:09:45.857+05:30 DEBUG 25844 --- [nio-8085-exec-3] org.hibernate.SQL                        : select un1_0.id,un1_0.created_at,un1_0.message,un1_0.is_read,un1_0.title,un1_0.type,un1_0.user_id from notifications un1_0 where un1_0.user_id=? order by un1_0.created_at desc
2026-03-30T04:09:45.859+05:30 DEBUG 25844 --- [nio-8085-exec-3] o.s.w.s.m.m.a.HttpEntityMethodProcessor  : Using 'application/json', given [*/*] and supported [application/json, application/*+json]
2026-03-30T04:09:45.860+05:30 DEBUG 25844 --- [nio-8085-exec-3] o.s.w.s.m.m.a.HttpEntityMethodProcessor  : Writing [[{id=1, title=Badge unlocked: Green Achiever, message=You earned the Green Achiever badge., type=BAD (truncated)...]
2026-03-30T04:09:45.861+05:30 DEBUG 25844 --- [nio-8085-exec-3] o.s.web.servlet.DispatcherServlet        : Completed 200 OK
2026-03-30T04:09:45.866+05:30 DEBUG 25844 --- [nio-8085-exec-8] org.hibernate.SQL                        : select u1_0.id,u1_0.created_at,u1_0.email,u1_0.enabled,u1_0.name,u1_0.otp,u1_0.otp_expiry,u1_0.password,u1_0.role from users u1_0 where u1_0.email=?
2026-03-30T04:09:45.868+05:30 DEBUG 25844 --- [nio-8085-exec-8] o.s.web.servlet.DispatcherServlet        : GET "/api/notifications", parameters={}
2026-03-30T04:09:45.869+05:30 DEBUG 25844 --- [nio-8085-exec-8] s.w.s.m.m.a.RequestMappingHandlerMapping : Mapped to com.ecotrack.backend.controller.NotificationController#getNotifications(User)
2026-03-30T04:09:45.871+05:30 DEBUG 25844 --- [nio-8085-exec-8] org.hibernate.SQL                        : select un1_0.id,un1_0.created_at,un1_0.message,un1_0.is_read,un1_0.title,un1_0.type,un1_0.user_id from notifications un1_0 where un1_0.user_id=? order by un1_0.created_at desc
2026-03-30T04:09:45.873+05:30 DEBUG 25844 --- [nio-8085-exec-8] o.s.w.s.m.m.a.HttpEntityMethodProcessor  : Using 'application/json', given [*/*] and supported [application/json, application/*+json]
2026-03-30T04:09:45.874+05:30 DEBUG 25844 --- [nio-8085-exec-8] o.s.w.s.m.m.a.HttpEntityMethodProcessor  : Writing [[{id=1, title=Badge unlocked: Green Achiever, message=You earned the Green Achiever badge., type=BAD (truncated)...]
2026-03-30T04:09:45.875+05:30 DEBUG 25844 --- [nio-8085-exec-8] o.s.web.servlet.DispatcherServlet        : Completed 200 OK
2026-03-30T04:09:47.334+05:30 DEBUG 25844 --- [nio-8085-exec-7] org.hibernate.SQL                        : select u1_0.id,u1_0.created_at,u1_0.email,u1_0.enabled,u1_0.name,u1_0.otp,u1_0.otp_expiry,u1_0.password,u1_0.role from users u1_0 where u1_0.email=?
2026-03-30T04:09:47.337+05:30 DEBUG 25844 --- [nio-8085-exec-6] org.hibernate.SQL                        : select u1_0.id,u1_0.created_at,u1_0.email,u1_0.enabled,u1_0.name,u1_0.otp,u1_0.otp_expiry,u1_0.password,u1_0.role from users u1_0 where u1_0.email=?
2026-03-30T04:09:47.339+05:30 DEBUG 25844 --- [nio-8085-exec-6] o.s.web.servlet.DispatcherServlet        : GET "/api/admin/analytics", parameters={}
2026-03-30T04:09:47.339+05:30 DEBUG 25844 --- [nio-8085-exec-7] o.s.web.servlet.DispatcherServlet        : GET "/api/notifications", parameters={}
2026-03-30T04:09:47.340+05:30 DEBUG 25844 --- [nio-8085-exec-6] s.w.s.m.m.a.RequestMappingHandlerMapping : Mapped to com.ecotrack.backend.controller.AdminController#getAnalytics(User)
2026-03-30T04:09:47.341+05:30 DEBUG 25844 --- [nio-8085-exec-7] s.w.s.m.m.a.RequestMappingHandlerMapping : Mapped to com.ecotrack.backend.controller.NotificationController#getNotifications(User)
2026-03-30T04:09:47.343+05:30 DEBUG 25844 --- [nio-8085-exec-6] org.hibernate.SQL                        : select count(*) from users u1_0
2026-03-30T04:09:47.344+05:30 DEBUG 25844 --- [nio-8085-exec-7] org.hibernate.SQL                        : select un1_0.id,un1_0.created_at,un1_0.message,un1_0.is_read,un1_0.title,un1_0.type,un1_0.user_id from notifications un1_0 where un1_0.user_id=? order by un1_0.created_at desc
2026-03-30T04:09:47.345+05:30 DEBUG 25844 --- [nio-8085-exec-6] org.hibernate.SQL                        : select count(distinct ce1_0.user_id) from carbon_entries ce1_0
2026-03-30T04:09:47.346+05:30 DEBUG 25844 --- [nio-8085-exec-7] o.s.w.s.m.m.a.HttpEntityMethodProcessor  : Using 'application/json', given [*/*] and supported [application/json, application/*+json]
2026-03-30T04:09:47.346+05:30 DEBUG 25844 --- [nio-8085-exec-6] org.hibernate.SQL                        : select sum(ce1_0.amount) from carbon_entries ce1_0
2026-03-30T04:09:47.346+05:30 DEBUG 25844 --- [nio-8085-exec-7] o.s.w.s.m.m.a.HttpEntityMethodProcessor  : Writing [[{id=1, title=Badge unlocked: Green Achiever, message=You earned the Green Achiever badge., type=BAD (truncated)...]
2026-03-30T04:09:47.346+05:30 DEBUG 25844 --- [nio-8085-exec-7] o.s.web.servlet.DispatcherServlet        : Completed 200 OK
2026-03-30T04:09:47.346+05:30 DEBUG 25844 --- [nio-8085-exec-6] org.hibernate.SQL                        : select count(*) from goals g1_0
2026-03-30T04:09:47.348+05:30 DEBUG 25844 --- [nio-8085-exec-6] org.hibernate.SQL                        : select g1_0.id,g1_0.category,g1_0.created_at,g1_0.current_progress,g1_0.deadline,g1_0.description,g1_0.status,g1_0.target_amount,g1_0.title,g1_0.user_id from goals g1_0
2026-03-30T04:09:47.350+05:30 DEBUG 25844 --- [nio-8085-exec-6] org.hibernate.SQL                        : select ce1_0.category,sum(ce1_0.amount) from carbon_entries ce1_0 group by ce1_0.category
2026-03-30T04:09:47.352+05:30 DEBUG 25844 --- [nio-8085-exec-6] org.hibernate.SQL                        : select u1_0.id,u1_0.created_at,u1_0.email,u1_0.enabled,u1_0.name,u1_0.otp,u1_0.otp_expiry,u1_0.password,u1_0.role from users u1_0
2026-03-30T04:09:47.355+05:30 DEBUG 25844 --- [nio-8085-exec-6] org.hibernate.SQL                        : select sum(ce1_0.amount) from carbon_entries ce1_0 where ce1_0.user_id=?
2026-03-30T04:09:47.356+05:30 DEBUG 25844 --- [nio-8085-exec-6] org.hibernate.SQL                        : select sum(ce1_0.amount) from carbon_entries ce1_0 where ce1_0.user_id=?
2026-03-30T04:09:47.357+05:30 DEBUG 25844 --- [nio-8085-exec-6] org.hibernate.SQL                        : select sum(ce1_0.amount) from carbon_entries ce1_0 where ce1_0.user_id=?
2026-03-30T04:09:47.358+05:30 DEBUG 25844 --- [nio-8085-exec-6] org.hibernate.SQL                        : select sum(ce1_0.amount) from carbon_entries ce1_0 where ce1_0.user_id=?
2026-03-30T04:09:47.360+05:30 DEBUG 25844 --- [nio-8085-exec-6] o.s.w.s.m.m.a.HttpEntityMethodProcessor  : Using 'application/json', given [*/*] and supported [application/json, application/*+json]
2026-03-30T04:09:47.360+05:30 DEBUG 25844 --- [nio-8085-exec-6] o.s.w.s.m.m.a.HttpEntityMethodProcessor  : Writing [{totalUsers=4, activeUsers=3, totalCo2Kg=51.9, totalCarbonKg=51.9, avgCo2PerUser=13.0, avgCarbonPerU (truncated)...]
2026-03-30T04:09:47.362+05:30 DEBUG 25844 --- [nio-8085-exec-6] o.s.web.servlet.DispatcherServlet        : Completed 200 OK
2026-03-30T04:09:47.365+05:30 DEBUG 25844 --- [io-8085-exec-10] org.hibernate.SQL                        : select u1_0.id,u1_0.created_at,u1_0.email,u1_0.enabled,u1_0.name,u1_0.otp,u1_0.otp_expiry,u1_0.password,u1_0.role from users u1_0 where u1_0.email=?
2026-03-30T04:09:47.367+05:30 DEBUG 25844 --- [io-8085-exec-10] o.s.web.servlet.DispatcherServlet        : GET "/api/admin/analytics", parameters={}
2026-03-30T04:09:47.368+05:30 DEBUG 25844 --- [io-8085-exec-10] s.w.s.m.m.a.RequestMappingHandlerMapping : Mapped to com.ecotrack.backend.controller.AdminController#getAnalytics(User)
2026-03-30T04:09:47.369+05:30 DEBUG 25844 --- [io-8085-exec-10] org.hibernate.SQL                        : select count(*) from users u1_0
2026-03-30T04:09:47.370+05:30 DEBUG 25844 --- [io-8085-exec-10] org.hibernate.SQL                        : select count(distinct ce1_0.user_id) from carbon_entries ce1_0
2026-03-30T04:09:47.371+05:30 DEBUG 25844 --- [io-8085-exec-10] org.hibernate.SQL                        : select sum(ce1_0.amount) from carbon_entries ce1_0
2026-03-30T04:09:47.372+05:30 DEBUG 25844 --- [io-8085-exec-10] org.hibernate.SQL                        : select count(*) from goals g1_0
2026-03-30T04:09:47.374+05:30 DEBUG 25844 --- [io-8085-exec-10] org.hibernate.SQL                        : select g1_0.id,g1_0.category,g1_0.created_at,g1_0.current_progress,g1_0.deadline,g1_0.description,g1_0.status,g1_0.target_amount,g1_0.title,g1_0.user_id from goals g1_0
2026-03-30T04:09:47.377+05:30 DEBUG 25844 --- [io-8085-exec-10] org.hibernate.SQL                        : select ce1_0.category,sum(ce1_0.amount) from carbon_entries ce1_0 group by ce1_0.category
2026-03-30T04:09:47.379+05:30 DEBUG 25844 --- [io-8085-exec-10] org.hibernate.SQL                        : select u1_0.id,u1_0.created_at,u1_0.email,u1_0.enabled,u1_0.name,u1_0.otp,u1_0.otp_expiry,u1_0.password,u1_0.role from users u1_0
2026-03-30T04:09:47.381+05:30 DEBUG 25844 --- [io-8085-exec-10] org.hibernate.SQL                        : select sum(ce1_0.amount) from carbon_entries ce1_0 where ce1_0.user_id=?
2026-03-30T04:09:47.382+05:30 DEBUG 25844 --- [io-8085-exec-10] org.hibernate.SQL                        : select sum(ce1_0.amount) from carbon_entries ce1_0 where ce1_0.user_id=?
2026-03-30T04:09:47.383+05:30 DEBUG 25844 --- [io-8085-exec-10] org.hibernate.SQL                        : select sum(ce1_0.amount) from carbon_entries ce1_0 where ce1_0.user_id=?
2026-03-30T04:09:47.384+05:30 DEBUG 25844 --- [io-8085-exec-10] org.hibernate.SQL                        : select sum(ce1_0.amount) from carbon_entries ce1_0 where ce1_0.user_id=?
2026-03-30T04:09:47.385+05:30 DEBUG 25844 --- [io-8085-exec-10] o.s.w.s.m.m.a.HttpEntityMethodProcessor  : Using 'application/json', given [*/*] and supported [application/json, application/*+json]
2026-03-30T04:09:47.386+05:30 DEBUG 25844 --- [io-8085-exec-10] o.s.w.s.m.m.a.HttpEntityMethodProcessor  : Writing [{totalUsers=4, activeUsers=3, totalCo2Kg=51.9, totalCarbonKg=51.9, avgCo2PerUser=13.0, avgCarbonPerU (truncated)...]
2026-03-30T04:09:47.387+05:30 DEBUG 25844 --- [io-8085-exec-10] o.s.web.servlet.DispatcherServlet        : Completed 200 OK
2026-03-30T04:09:48.894+05:30 DEBUG 25844 --- [nio-8085-exec-2] org.hibernate.SQL                        : select u1_0.id,u1_0.created_at,u1_0.email,u1_0.enabled,u1_0.name,u1_0.otp,u1_0.otp_expiry,u1_0.password,u1_0.role from users u1_0 where u1_0.email=?
2026-03-30T04:09:48.900+05:30 DEBUG 25844 --- [nio-8085-exec-2] o.s.web.servlet.DispatcherServlet        : GET "/api/transactions", parameters={}
2026-03-30T04:09:48.900+05:30 DEBUG 25844 --- [nio-8085-exec-2] s.w.s.m.m.a.RequestMappingHandlerMapping : Mapped to com.ecotrack.backend.controller.TransactionController#getAll(User)
2026-03-30T04:09:48.902+05:30 DEBUG 25844 --- [nio-8085-exec-2] org.hibernate.SQL                        : select pt1_0.id,pt1_0.amount,pt1_0.created_at,pt1_0.marketplace_item_id,pt1_0.status,pt1_0.user_id from transactions pt1_0 order by pt1_0.created_at desc
2026-03-30T04:09:48.905+05:30 DEBUG 25844 --- [nio-8085-exec-2] org.hibernate.SQL                        : select u1_0.id,u1_0.created_at,u1_0.email,u1_0.enabled,u1_0.name,u1_0.otp,u1_0.otp_expiry,u1_0.password,u1_0.role from users u1_0 where u1_0.id=?
2026-03-30T04:09:48.906+05:30 DEBUG 25844 --- [nio-8085-exec-2] org.hibernate.SQL                        : select mi1_0.id,mi1_0.carbon_offset_value,mi1_0.created_at,mi1_0.description,mi1_0.item_name,mi1_0.item_type,mi1_0.price from marketplace mi1_0 where mi1_0.id=?
2026-03-30T04:09:48.908+05:30 DEBUG 25844 --- [nio-8085-exec-2] org.hibernate.SQL                        : select u1_0.id,u1_0.created_at,u1_0.email,u1_0.enabled,u1_0.name,u1_0.otp,u1_0.otp_expiry,u1_0.password,u1_0.role from users u1_0 where u1_0.id=?
2026-03-30T04:09:48.909+05:30 DEBUG 25844 --- [nio-8085-exec-2] org.hibernate.SQL                        : select mi1_0.id,mi1_0.carbon_offset_value,mi1_0.created_at,mi1_0.description,mi1_0.item_name,mi1_0.item_type,mi1_0.price from marketplace mi1_0 where mi1_0.id=?
2026-03-30T04:09:48.910+05:30 DEBUG 25844 --- [nio-8085-exec-2] o.s.w.s.m.m.a.HttpEntityMethodProcessor  : Using 'application/json', given [*/*] and supported [application/json, application/*+json]
2026-03-30T04:09:48.910+05:30 DEBUG 25844 --- [nio-8085-exec-2] o.s.w.s.m.m.a.HttpEntityMethodProcessor  : Writing [[{id=2, userId=4, userName=Liam Woods, marketplaceItemId=2, itemName=Solar Energy Support, itemType= (truncated)...]
2026-03-30T04:09:48.912+05:30 DEBUG 25844 --- [nio-8085-exec-2] o.s.web.servlet.DispatcherServlet        : Completed 200 OK
2026-03-30T04:09:57.771+05:30 DEBUG 25844 --- [nio-8085-exec-3] org.hibernate.SQL                        : select u1_0.id,u1_0.created_at,u1_0.email,u1_0.enabled,u1_0.name,u1_0.otp,u1_0.otp_expiry,u1_0.password,u1_0.role from users u1_0 where u1_0.email=?
2026-03-30T04:09:57.776+05:30 DEBUG 25844 --- [nio-8085-exec-3] o.s.web.servlet.DispatcherServlet        : GET "/api/admin/badges", parameters={}
2026-03-30T04:09:57.778+05:30 DEBUG 25844 --- [nio-8085-exec-3] s.w.s.m.m.a.RequestMappingHandlerMapping : Mapped to com.ecotrack.backend.controller.AdminController#getBadges(User)
2026-03-30T04:09:57.781+05:30 DEBUG 25844 --- [nio-8085-exec-3] org.hibernate.SQL                        : select b1_0.id,b1_0.active,b1_0.bg_color,b1_0.category,b1_0.color,b1_0.created_at,b1_0.created_by,b1_0.description,b1_0.icon,b1_0.name,b1_0.threshold_kg from badges b1_0
2026-03-30T04:09:57.783+05:30 DEBUG 25844 --- [nio-8085-exec-3] o.s.w.s.m.m.a.HttpEntityMethodProcessor  : Using 'application/json', given [*/*] and supported [application/json, application/*+json]
2026-03-30T04:09:57.784+05:30 DEBUG 25844 --- [nio-8085-exec-3] o.s.w.s.m.m.a.HttpEntityMethodProcessor  : Writing [[{id=1, name=Climate Champion, description=Track at least 75 kg CO2 across your activities., icon=Tr (truncated)...]
2026-03-30T04:09:57.785+05:30 DEBUG 25844 --- [nio-8085-exec-3] o.s.web.servlet.DispatcherServlet        : Completed 200 OK
2026-03-30T04:09:59.481+05:30 DEBUG 25844 --- [nio-8085-exec-5] org.hibernate.SQL                        : select u1_0.id,u1_0.created_at,u1_0.email,u1_0.enabled,u1_0.name,u1_0.otp,u1_0.otp_expiry,u1_0.password,u1_0.role from users u1_0 where u1_0.email=?
2026-03-30T04:09:59.483+05:30 DEBUG 25844 --- [nio-8085-exec-5] o.s.web.servlet.DispatcherServlet        : GET "/api/admin/users", parameters={}
2026-03-30T04:09:59.484+05:30 DEBUG 25844 --- [nio-8085-exec-5] s.w.s.m.m.a.RequestMappingHandlerMapping : Mapped to com.ecotrack.backend.controller.AdminController#getAllUsers(User)
2026-03-30T04:09:59.487+05:30 DEBUG 25844 --- [nio-8085-exec-5] org.hibernate.SQL                        : select u1_0.id,u1_0.created_at,u1_0.email,u1_0.enabled,u1_0.name,u1_0.otp,u1_0.otp_expiry,u1_0.password,u1_0.role from users u1_0
2026-03-30T04:09:59.489+05:30 DEBUG 25844 --- [nio-8085-exec-5] org.hibernate.SQL                        : select sum(ce1_0.amount) from carbon_entries ce1_0 where ce1_0.user_id=?
2026-03-30T04:09:59.490+05:30 DEBUG 25844 --- [nio-8085-exec-5] org.hibernate.SQL                        : select sum(ce1_0.amount) from carbon_entries ce1_0 where ce1_0.user_id=?
2026-03-30T04:09:59.492+05:30 DEBUG 25844 --- [nio-8085-exec-5] org.hibernate.SQL                        : select sum(ce1_0.amount) from carbon_entries ce1_0 where ce1_0.user_id=?
2026-03-30T04:09:59.493+05:30 DEBUG 25844 --- [nio-8085-exec-5] org.hibernate.SQL                        : select sum(ce1_0.amount) from carbon_entries ce1_0 where ce1_0.user_id=?
2026-03-30T04:09:59.493+05:30 DEBUG 25844 --- [nio-8085-exec-5] o.s.w.s.m.m.a.HttpEntityMethodProcessor  : Using 'application/json', given [*/*] and supported [application/json, application/*+json]
2026-03-30T04:09:59.494+05:30 DEBUG 25844 --- [nio-8085-exec-5] o.s.w.s.m.m.a.HttpEntityMethodProcessor  : Writing [[{id=1, name=Shridhar, email=shridharhavinal@gmail.com, role=USER, enabled=true, totalKg=0.0, create (truncated)...]
2026-03-30T04:09:59.495+05:30 DEBUG 25844 --- [nio-8085-exec-5] o.s.web.servlet.DispatcherServlet        : Completed 200 OK
2026-03-30T04:10:00.365+05:30 DEBUG 25844 --- [nio-8085-exec-7] org.hibernate.SQL                        : select u1_0.id,u1_0.created_at,u1_0.email,u1_0.enabled,u1_0.name,u1_0.otp,u1_0.otp_expiry,u1_0.password,u1_0.role from users u1_0 where u1_0.email=?
2026-03-30T04:10:00.371+05:30 DEBUG 25844 --- [nio-8085-exec-7] o.s.web.servlet.DispatcherServlet        : GET "/api/admin/analytics", parameters={}
2026-03-30T04:10:00.371+05:30 DEBUG 25844 --- [nio-8085-exec-7] s.w.s.m.m.a.RequestMappingHandlerMapping : Mapped to com.ecotrack.backend.controller.AdminController#getAnalytics(User)
2026-03-30T04:10:00.373+05:30 DEBUG 25844 --- [nio-8085-exec-7] org.hibernate.SQL                        : select count(*) from users u1_0
2026-03-30T04:10:00.375+05:30 DEBUG 25844 --- [nio-8085-exec-7] org.hibernate.SQL                        : select count(distinct ce1_0.user_id) from carbon_entries ce1_0
2026-03-30T04:10:00.378+05:30 DEBUG 25844 --- [nio-8085-exec-7] org.hibernate.SQL                        : select sum(ce1_0.amount) from carbon_entries ce1_0
2026-03-30T04:10:00.380+05:30 DEBUG 25844 --- [nio-8085-exec-7] org.hibernate.SQL                        : select count(*) from goals g1_0
2026-03-30T04:10:00.384+05:30 DEBUG 25844 --- [nio-8085-exec-7] org.hibernate.SQL                        : select g1_0.id,g1_0.category,g1_0.created_at,g1_0.current_progress,g1_0.deadline,g1_0.description,g1_0.status,g1_0.target_amount,g1_0.title,g1_0.user_id from goals g1_0
2026-03-30T04:10:00.387+05:30 DEBUG 25844 --- [nio-8085-exec-7] org.hibernate.SQL                        : select ce1_0.category,sum(ce1_0.amount) from carbon_entries ce1_0 group by ce1_0.category
2026-03-30T04:10:00.389+05:30 DEBUG 25844 --- [nio-8085-exec-7] org.hibernate.SQL                        : select u1_0.id,u1_0.created_at,u1_0.email,u1_0.enabled,u1_0.name,u1_0.otp,u1_0.otp_expiry,u1_0.password,u1_0.role from users u1_0
2026-03-30T04:10:00.391+05:30 DEBUG 25844 --- [nio-8085-exec-7] org.hibernate.SQL                        : select sum(ce1_0.amount) from carbon_entries ce1_0 where ce1_0.user_id=?
2026-03-30T04:10:00.392+05:30 DEBUG 25844 --- [nio-8085-exec-7] org.hibernate.SQL                        : select sum(ce1_0.amount) from carbon_entries ce1_0 where ce1_0.user_id=?
2026-03-30T04:10:00.393+05:30 DEBUG 25844 --- [nio-8085-exec-7] org.hibernate.SQL                        : select sum(ce1_0.amount) from carbon_entries ce1_0 where ce1_0.user_id=?
2026-03-30T04:10:00.394+05:30 DEBUG 25844 --- [nio-8085-exec-7] org.hibernate.SQL                        : select sum(ce1_0.amount) from carbon_entries ce1_0 where ce1_0.user_id=?
2026-03-30T04:10:00.396+05:30 DEBUG 25844 --- [nio-8085-exec-7] o.s.w.s.m.m.a.HttpEntityMethodProcessor  : Using 'application/json', given [*/*] and supported [application/json, application/*+json]
2026-03-30T04:10:00.396+05:30 DEBUG 25844 --- [nio-8085-exec-7] o.s.w.s.m.m.a.HttpEntityMethodProcessor  : Writing [{totalUsers=4, activeUsers=3, totalCo2Kg=51.9, totalCarbonKg=51.9, avgCo2PerUser=13.0, avgCarbonPerU (truncated)...]
2026-03-30T04:10:00.397+05:30 DEBUG 25844 --- [nio-8085-exec-7] o.s.web.servlet.DispatcherServlet        : Completed 200 OK
2026-03-30T04:10:01.924+05:30 DEBUG 25844 --- [io-8085-exec-10] org.hibernate.SQL                        : select u1_0.id,u1_0.created_at,u1_0.email,u1_0.enabled,u1_0.name,u1_0.otp,u1_0.otp_expiry,u1_0.password,u1_0.role from users u1_0 where u1_0.email=?
2026-03-30T04:10:01.927+05:30 DEBUG 25844 --- [io-8085-exec-10] o.s.web.servlet.DispatcherServlet        : GET "/api/transactions", parameters={}
2026-03-30T04:10:01.927+05:30 DEBUG 25844 --- [io-8085-exec-10] s.w.s.m.m.a.RequestMappingHandlerMapping : Mapped to com.ecotrack.backend.controller.TransactionController#getAll(User)
2026-03-30T04:10:01.929+05:30 DEBUG 25844 --- [io-8085-exec-10] org.hibernate.SQL                        : select pt1_0.id,pt1_0.amount,pt1_0.created_at,pt1_0.marketplace_item_id,pt1_0.status,pt1_0.user_id from transactions pt1_0 order by pt1_0.created_at desc
2026-03-30T04:10:01.932+05:30 DEBUG 25844 --- [io-8085-exec-10] org.hibernate.SQL                        : select u1_0.id,u1_0.created_at,u1_0.email,u1_0.enabled,u1_0.name,u1_0.otp,u1_0.otp_expiry,u1_0.password,u1_0.role from users u1_0 where u1_0.id=?
2026-03-30T04:10:01.933+05:30 DEBUG 25844 --- [io-8085-exec-10] org.hibernate.SQL                        : select mi1_0.id,mi1_0.carbon_offset_value,mi1_0.created_at,mi1_0.description,mi1_0.item_name,mi1_0.item_type,mi1_0.price from marketplace mi1_0 where mi1_0.id=?
2026-03-30T04:10:01.935+05:30 DEBUG 25844 --- [io-8085-exec-10] org.hibernate.SQL                        : select u1_0.id,u1_0.created_at,u1_0.email,u1_0.enabled,u1_0.name,u1_0.otp,u1_0.otp_expiry,u1_0.password,u1_0.role from users u1_0 where u1_0.id=?
2026-03-30T04:10:01.937+05:30 DEBUG 25844 --- [io-8085-exec-10] org.hibernate.SQL                        : select mi1_0.id,mi1_0.carbon_offset_value,mi1_0.created_at,mi1_0.description,mi1_0.item_name,mi1_0.item_type,mi1_0.price from marketplace mi1_0 where mi1_0.id=?
2026-03-30T04:10:01.938+05:30 DEBUG 25844 --- [io-8085-exec-10] o.s.w.s.m.m.a.HttpEntityMethodProcessor  : Using 'application/json', given [*/*] and supported [application/json, application/*+json]
2026-03-30T04:10:01.938+05:30 DEBUG 25844 --- [io-8085-exec-10] o.s.w.s.m.m.a.HttpEntityMethodProcessor  : Writing [[{id=2, userId=4, userName=Liam Woods, marketplaceItemId=2, itemName=Solar Energy Support, itemType= (truncated)...]
2026-03-30T04:10:01.940+05:30 DEBUG 25844 --- [io-8085-exec-10] o.s.web.servlet.DispatcherServlet        : Completed 200 OK
2026-03-30T04:10:02.700+05:30 DEBUG 25844 --- [nio-8085-exec-2] org.hibernate.SQL                        : select u1_0.id,u1_0.created_at,u1_0.email,u1_0.enabled,u1_0.name,u1_0.otp,u1_0.otp_expiry,u1_0.password,u1_0.role from users u1_0 where u1_0.email=?
2026-03-30T04:10:02.703+05:30 DEBUG 25844 --- [nio-8085-exec-2] o.s.web.servlet.DispatcherServlet        : GET "/api/marketplace", parameters={}
2026-03-30T04:10:02.704+05:30 DEBUG 25844 --- [nio-8085-exec-2] s.w.s.m.m.a.RequestMappingHandlerMapping : Mapped to com.ecotrack.backend.controller.MarketplaceController#getAll()
2026-03-30T04:10:02.705+05:30 DEBUG 25844 --- [nio-8085-exec-2] org.hibernate.SQL                        : select mi1_0.id,mi1_0.carbon_offset_value,mi1_0.created_at,mi1_0.description,mi1_0.item_name,mi1_0.item_type,mi1_0.price from marketplace mi1_0 order by mi1_0.created_at desc
2026-03-30T04:10:02.707+05:30 DEBUG 25844 --- [nio-8085-exec-2] o.s.w.s.m.m.a.HttpEntityMethodProcessor  : Using 'application/json', given [*/*] and supported [application/json, application/*+json]
2026-03-30T04:10:02.707+05:30 DEBUG 25844 --- [nio-8085-exec-2] o.s.w.s.m.m.a.HttpEntityMethodProcessor  : Writing [[{id=4, itemName=tree1, itemType=tree_planting, price=2000.0, description=tree1 tree, carbonOffsetVa (truncated)...]
2026-03-30T04:10:02.708+05:30 DEBUG 25844 --- [nio-8085-exec-2] o.s.web.servlet.DispatcherServlet        : Completed 200 OK
2026-03-30T04:10:03.590+05:30 DEBUG 25844 --- [nio-8085-exec-3] org.hibernate.SQL                        : select u1_0.id,u1_0.created_at,u1_0.email,u1_0.enabled,u1_0.name,u1_0.otp,u1_0.otp_expiry,u1_0.password,u1_0.role from users u1_0 where u1_0.email=?
2026-03-30T04:10:03.596+05:30 DEBUG 25844 --- [nio-8085-exec-3] o.s.web.servlet.DispatcherServlet        : GET "/api/admin/badges", parameters={}
2026-03-30T04:10:03.597+05:30 DEBUG 25844 --- [nio-8085-exec-3] s.w.s.m.m.a.RequestMappingHandlerMapping : Mapped to com.ecotrack.backend.controller.AdminController#getBadges(User)
2026-03-30T04:10:03.598+05:30 DEBUG 25844 --- [nio-8085-exec-3] org.hibernate.SQL                        : select b1_0.id,b1_0.active,b1_0.bg_color,b1_0.category,b1_0.color,b1_0.created_at,b1_0.created_by,b1_0.description,b1_0.icon,b1_0.name,b1_0.threshold_kg from badges b1_0
2026-03-30T04:10:03.601+05:30 DEBUG 25844 --- [nio-8085-exec-3] o.s.w.s.m.m.a.HttpEntityMethodProcessor  : Using 'application/json', given [*/*] and supported [application/json, application/*+json]
2026-03-30T04:10:03.601+05:30 DEBUG 25844 --- [nio-8085-exec-3] o.s.w.s.m.m.a.HttpEntityMethodProcessor  : Writing [[{id=1, name=Climate Champion, description=Track at least 75 kg CO2 across your activities., icon=Tr (truncated)...]
2026-03-30T04:10:03.602+05:30 DEBUG 25844 --- [nio-8085-exec-3] o.s.web.servlet.DispatcherServlet        : Completed 200 OK
2026-03-30T04:10:04.194+05:30 DEBUG 25844 --- [nio-8085-exec-8] org.hibernate.SQL                        : select u1_0.id,u1_0.created_at,u1_0.email,u1_0.enabled,u1_0.name,u1_0.otp,u1_0.otp_expiry,u1_0.password,u1_0.role from users u1_0 where u1_0.email=?
2026-03-30T04:10:04.198+05:30 DEBUG 25844 --- [nio-8085-exec-8] o.s.web.servlet.DispatcherServlet        : GET "/api/admin/users", parameters={}
2026-03-30T04:10:04.199+05:30 DEBUG 25844 --- [nio-8085-exec-8] s.w.s.m.m.a.RequestMappingHandlerMapping : Mapped to com.ecotrack.backend.controller.AdminController#getAllUsers(User)
2026-03-30T04:10:04.201+05:30 DEBUG 25844 --- [nio-8085-exec-8] org.hibernate.SQL                        : select u1_0.id,u1_0.created_at,u1_0.email,u1_0.enabled,u1_0.name,u1_0.otp,u1_0.otp_expiry,u1_0.password,u1_0.role from users u1_0
2026-03-30T04:10:04.204+05:30 DEBUG 25844 --- [nio-8085-exec-8] org.hibernate.SQL                        : select sum(ce1_0.amount) from carbon_entries ce1_0 where ce1_0.user_id=?
2026-03-30T04:10:04.205+05:30 DEBUG 25844 --- [nio-8085-exec-8] org.hibernate.SQL                        : select sum(ce1_0.amount) from carbon_entries ce1_0 where ce1_0.user_id=?
2026-03-30T04:10:04.206+05:30 DEBUG 25844 --- [nio-8085-exec-8] org.hibernate.SQL                        : select sum(ce1_0.amount) from carbon_entries ce1_0 where ce1_0.user_id=?
2026-03-30T04:10:04.207+05:30 DEBUG 25844 --- [nio-8085-exec-8] org.hibernate.SQL                        : select sum(ce1_0.amount) from carbon_entries ce1_0 where ce1_0.user_id=?
2026-03-30T04:10:04.209+05:30 DEBUG 25844 --- [nio-8085-exec-8] o.s.w.s.m.m.a.HttpEntityMethodProcessor  : Using 'application/json', given [*/*] and supported [application/json, application/*+json]
2026-03-30T04:10:04.209+05:30 DEBUG 25844 --- [nio-8085-exec-8] o.s.w.s.m.m.a.HttpEntityMethodProcessor  : Writing [[{id=1, name=Shridhar, email=shridharhavinal@gmail.com, role=USER, enabled=true, totalKg=0.0, create (truncated)...]
2026-03-30T04:10:04.210+05:30 DEBUG 25844 --- [nio-8085-exec-8] o.s.web.servlet.DispatcherServlet        : Completed 200 OK
2026-03-30T04:10:04.791+05:30 DEBUG 25844 --- [nio-8085-exec-5] org.hibernate.SQL                        : select u1_0.id,u1_0.created_at,u1_0.email,u1_0.enabled,u1_0.name,u1_0.otp,u1_0.otp_expiry,u1_0.password,u1_0.role from users u1_0 where u1_0.email=?
2026-03-30T04:10:04.793+05:30 DEBUG 25844 --- [nio-8085-exec-5] o.s.web.servlet.DispatcherServlet        : GET "/api/admin/analytics", parameters={}
2026-03-30T04:10:04.795+05:30 DEBUG 25844 --- [nio-8085-exec-5] s.w.s.m.m.a.RequestMappingHandlerMapping : Mapped to com.ecotrack.backend.controller.AdminController#getAnalytics(User)
2026-03-30T04:10:04.796+05:30 DEBUG 25844 --- [nio-8085-exec-5] org.hibernate.SQL                        : select count(*) from users u1_0
2026-03-30T04:10:04.798+05:30 DEBUG 25844 --- [nio-8085-exec-5] org.hibernate.SQL                        : select count(distinct ce1_0.user_id) from carbon_entries ce1_0
2026-03-30T04:10:04.799+05:30 DEBUG 25844 --- [nio-8085-exec-5] org.hibernate.SQL                        : select sum(ce1_0.amount) from carbon_entries ce1_0
2026-03-30T04:10:04.800+05:30 DEBUG 25844 --- [nio-8085-exec-5] org.hibernate.SQL                        : select count(*) from goals g1_0
2026-03-30T04:10:04.802+05:30 DEBUG 25844 --- [nio-8085-exec-5] org.hibernate.SQL                        : select g1_0.id,g1_0.category,g1_0.created_at,g1_0.current_progress,g1_0.deadline,g1_0.description,g1_0.status,g1_0.target_amount,g1_0.title,g1_0.user_id from goals g1_0
2026-03-30T04:10:04.805+05:30 DEBUG 25844 --- [nio-8085-exec-5] org.hibernate.SQL                        : select ce1_0.category,sum(ce1_0.amount) from carbon_entries ce1_0 group by ce1_0.category
2026-03-30T04:10:04.806+05:30 DEBUG 25844 --- [nio-8085-exec-5] org.hibernate.SQL                        : select u1_0.id,u1_0.created_at,u1_0.email,u1_0.enabled,u1_0.name,u1_0.otp,u1_0.otp_expiry,u1_0.password,u1_0.role from users u1_0
2026-03-30T04:10:04.808+05:30 DEBUG 25844 --- [nio-8085-exec-5] org.hibernate.SQL                        : select sum(ce1_0.amount) from carbon_entries ce1_0 where ce1_0.user_id=?
2026-03-30T04:10:04.809+05:30 DEBUG 25844 --- [nio-8085-exec-5] org.hibernate.SQL                        : select sum(ce1_0.amount) from carbon_entries ce1_0 where ce1_0.user_id=?
2026-03-30T04:10:04.809+05:30 DEBUG 25844 --- [nio-8085-exec-5] org.hibernate.SQL                        : select sum(ce1_0.amount) from carbon_entries ce1_0 where ce1_0.user_id=?
2026-03-30T04:10:04.810+05:30 DEBUG 25844 --- [nio-8085-exec-5] org.hibernate.SQL                        : select sum(ce1_0.amount) from carbon_entries ce1_0 where ce1_0.user_id=?
2026-03-30T04:10:04.811+05:30 DEBUG 25844 --- [nio-8085-exec-5] o.s.w.s.m.m.a.HttpEntityMethodProcessor  : Using 'application/json', given [*/*] and supported [application/json, application/*+json]
2026-03-30T04:10:04.812+05:30 DEBUG 25844 --- [nio-8085-exec-5] o.s.w.s.m.m.a.HttpEntityMethodProcessor  : Writing [{totalUsers=4, activeUsers=3, totalCo2Kg=51.9, totalCarbonKg=51.9, avgCo2PerUser=13.0, avgCarbonPerU (truncated)...]
2026-03-30T04:10:04.813+05:30 DEBUG 25844 --- [nio-8085-exec-5] o.s.web.servlet.DispatcherServlet        : Completed 200 OK
2026-03-30T04:10:05.967+05:30 DEBUG 25844 --- [nio-8085-exec-4] org.hibernate.SQL                        : select u1_0.id,u1_0.created_at,u1_0.email,u1_0.enabled,u1_0.name,u1_0.otp,u1_0.otp_expiry,u1_0.password,u1_0.role from users u1_0 where u1_0.email=?
2026-03-30T04:10:05.967+05:30 DEBUG 25844 --- [io-8085-exec-10] org.hibernate.SQL                        : select u1_0.id,u1_0.created_at,u1_0.email,u1_0.enabled,u1_0.name,u1_0.otp,u1_0.otp_expiry,u1_0.password,u1_0.role from users u1_0 where u1_0.email=?
2026-03-30T04:10:05.970+05:30 DEBUG 25844 --- [nio-8085-exec-4] o.s.web.servlet.DispatcherServlet        : GET "/api/notifications", parameters={}
2026-03-30T04:10:05.971+05:30 DEBUG 25844 --- [io-8085-exec-10] o.s.web.servlet.DispatcherServlet        : GET "/api/dashboard?period=weekly", parameters={masked}
2026-03-30T04:10:05.971+05:30 DEBUG 25844 --- [nio-8085-exec-4] s.w.s.m.m.a.RequestMappingHandlerMapping : Mapped to com.ecotrack.backend.controller.NotificationController#getNotifications(User)
2026-03-30T04:10:05.971+05:30 DEBUG 25844 --- [io-8085-exec-10] s.w.s.m.m.a.RequestMappingHandlerMapping : Mapped to com.ecotrack.backend.controller.DashboardController#get(User, String)
2026-03-30T04:10:05.973+05:30 DEBUG 25844 --- [nio-8085-exec-4] org.hibernate.SQL                        : select un1_0.id,un1_0.created_at,un1_0.message,un1_0.is_read,un1_0.title,un1_0.type,un1_0.user_id from notifications un1_0 where un1_0.user_id=? order by un1_0.created_at desc
2026-03-30T04:10:05.974+05:30 DEBUG 25844 --- [nio-8085-exec-4] o.s.w.s.m.m.a.HttpEntityMethodProcessor  : Using 'application/json', given [*/*] and supported [application/json, application/*+json]
2026-03-30T04:10:05.974+05:30 DEBUG 25844 --- [nio-8085-exec-4] o.s.w.s.m.m.a.HttpEntityMethodProcessor  : Writing [[{id=1, title=Badge unlocked: Green Achiever, message=You earned the Green Achiever badge., type=BAD (truncated)...]
2026-03-30T04:10:05.975+05:30 DEBUG 25844 --- [nio-8085-exec-4] o.s.web.servlet.DispatcherServlet        : Completed 200 OK
2026-03-30T04:10:05.978+05:30 DEBUG 25844 --- [io-8085-exec-10] org.hibernate.SQL                        : select sum(ce1_0.amount) from carbon_entries ce1_0 where ce1_0.user_id=?
2026-03-30T04:10:05.979+05:30 DEBUG 25844 --- [io-8085-exec-10] org.hibernate.SQL                        : select sum(ce1_0.amount) from carbon_entries ce1_0 where ce1_0.user_id=? and ce1_0.date>=? and ce1_0.date<=?
2026-03-30T04:10:05.980+05:30 DEBUG 25844 --- [io-8085-exec-10] org.hibernate.SQL                        : select sum(ce1_0.amount) from carbon_entries ce1_0 where ce1_0.user_id=? and ce1_0.date>=? and ce1_0.date<=?
2026-03-30T04:10:05.981+05:30 DEBUG 25844 --- [io-8085-exec-10] org.hibernate.SQL                        : select sum(ce1_0.amount) from carbon_entries ce1_0 where ce1_0.user_id=? and ce1_0.date>=? and ce1_0.date<=?
2026-03-30T04:10:05.983+05:30 DEBUG 25844 --- [io-8085-exec-10] org.hibernate.SQL                        : select ce1_0.category,sum(ce1_0.amount) from carbon_entries ce1_0 where ce1_0.user_id=? group by ce1_0.category
2026-03-30T04:10:05.985+05:30 DEBUG 25844 --- [io-8085-exec-10] org.hibernate.SQL                        : select ce1_0.date,sum(ce1_0.amount) from carbon_entries ce1_0 where ce1_0.user_id=? and ce1_0.date>=? group by ce1_0.date order by ce1_0.date
2026-03-30T04:10:05.988+05:30 DEBUG 25844 --- [io-8085-exec-10] org.hibernate.SQL                        : select ce1_0.id,ce1_0.activity,ce1_0.amount,ce1_0.category,ce1_0.created_at,ce1_0.date,ce1_0.notes,ce1_0.unit,ce1_0.user_id from carbon_entries ce1_0 where ce1_0.user_id=? order by ce1_0.date desc,ce1_0.created_at desc
2026-03-30T04:10:06.010+05:30 DEBUG 25844 --- [io-8085-exec-10] org.hibernate.SQL                        : select ls1_0.id,ls1_0.buys_local_food,ls1_0.buys_second_hand,ls1_0.car_type,ls1_0.diet_type,ls1_0.estimated_annual_footprint,ls1_0.has_renewable_energy,ls1_0.home_heating,ls1_0.long_flights_per_year,ls1_0.meat_meals_per_week,ls1_0.monthly_electricity_kwh,ls1_0.primary_transport,ls1_0.shopping_habits,ls1_0.short_flights_per_year,ls1_0.user_id,ls1_0.weekly_driving_km from lifestyle_surveys ls1_0 where ls1_0.user_id=?
2026-03-30T04:10:06.013+05:30 DEBUG 25844 --- [io-8085-exec-10] org.hibernate.SQL                        : select ce1_0.id from carbon_entries ce1_0 where ce1_0.user_id=? fetch first ? rows only
2026-03-30T04:10:06.015+05:30 DEBUG 25844 --- [io-8085-exec-10] org.hibernate.SQL                        : select u1_0.id,u1_0.created_at,u1_0.email,u1_0.enabled,u1_0.name,u1_0.otp,u1_0.otp_expiry,u1_0.password,u1_0.role from users u1_0
2026-03-30T04:10:06.035+05:30 DEBUG 25844 --- [io-8085-exec-10] org.hibernate.SQL                        : select ce1_0.id from carbon_entries ce1_0 where ce1_0.user_id=? fetch first ? rows only
2026-03-30T04:10:06.037+05:30 DEBUG 25844 --- [io-8085-exec-10] org.hibernate.SQL                        : select ce1_0.id from carbon_entries ce1_0 where ce1_0.user_id=? fetch first ? rows only
2026-03-30T04:10:06.038+05:30 DEBUG 25844 --- [io-8085-exec-10] org.hibernate.SQL                        : select sum(ce1_0.amount) from carbon_entries ce1_0 where ce1_0.user_id=?
2026-03-30T04:10:06.040+05:30 DEBUG 25844 --- [io-8085-exec-10] org.hibernate.SQL                        : select sum(ce1_0.amount) from carbon_entries ce1_0 where ce1_0.user_id=?
2026-03-30T04:10:06.041+05:30 DEBUG 25844 --- [io-8085-exec-10] org.hibernate.SQL                        : select ce1_0.category,sum(ce1_0.amount) from carbon_entries ce1_0 where ce1_0.user_id=? group by ce1_0.category
2026-03-30T04:10:06.043+05:30 DEBUG 25844 --- [io-8085-exec-10] org.hibernate.SQL                        : select ls1_0.id,ls1_0.buys_local_food,ls1_0.buys_second_hand,ls1_0.car_type,ls1_0.diet_type,ls1_0.estimated_annual_footprint,ls1_0.has_renewable_energy,ls1_0.home_heating,ls1_0.long_flights_per_year,ls1_0.meat_meals_per_week,ls1_0.monthly_electricity_kwh,ls1_0.primary_transport,ls1_0.shopping_habits,ls1_0.short_flights_per_year,ls1_0.user_id,ls1_0.weekly_driving_km from lifestyle_surveys ls1_0 where ls1_0.user_id=?
2026-03-30T04:10:06.045+05:30 DEBUG 25844 --- [io-8085-exec-10] org.hibernate.SQL                        : select count(g1_0.id) from goals g1_0 where g1_0.user_id=? and g1_0.status=?
2026-03-30T04:10:06.048+05:30 DEBUG 25844 --- [io-8085-exec-10] org.hibernate.SQL                        : select ce1_0.id,ce1_0.activity,ce1_0.amount,ce1_0.category,ce1_0.created_at,ce1_0.date,ce1_0.notes,ce1_0.unit,ce1_0.user_id from carbon_entries ce1_0 where ce1_0.user_id=? order by ce1_0.date desc,ce1_0.created_at desc
2026-03-30T04:10:06.049+05:30 DEBUG 25844 --- [io-8085-exec-10] org.hibernate.SQL                        : select sum(ce1_0.amount) from carbon_entries ce1_0 where ce1_0.user_id=? and ce1_0.date>=? and ce1_0.date<=?
2026-03-30T04:10:06.051+05:30 DEBUG 25844 --- [io-8085-exec-10] org.hibernate.SQL                        : select b1_0.id,b1_0.active,b1_0.bg_color,b1_0.category,b1_0.color,b1_0.created_at,b1_0.created_by,b1_0.description,b1_0.icon,b1_0.name,b1_0.threshold_kg from badges b1_0 where b1_0.active
2026-03-30T04:10:06.053+05:30 DEBUG 25844 --- [io-8085-exec-10] org.hibernate.SQL                        : select ce1_0.id from carbon_entries ce1_0 where ce1_0.user_id=? fetch first ? rows only
2026-03-30T04:10:06.055+05:30 DEBUG 25844 --- [io-8085-exec-10] org.hibernate.SQL                        : select sum(ce1_0.amount) from carbon_entries ce1_0 where ce1_0.user_id=?
2026-03-30T04:10:06.056+05:30 DEBUG 25844 --- [io-8085-exec-10] org.hibernate.SQL                        : select sum(ce1_0.amount) from carbon_entries ce1_0 where ce1_0.user_id=?
2026-03-30T04:10:06.057+05:30 DEBUG 25844 --- [io-8085-exec-10] org.hibernate.SQL                        : select ce1_0.category,sum(ce1_0.amount) from carbon_entries ce1_0 where ce1_0.user_id=? group by ce1_0.category
2026-03-30T04:10:06.058+05:30 DEBUG 25844 --- [io-8085-exec-10] org.hibernate.SQL                        : select ls1_0.id,ls1_0.buys_local_food,ls1_0.buys_second_hand,ls1_0.car_type,ls1_0.diet_type,ls1_0.estimated_annual_footprint,ls1_0.has_renewable_energy,ls1_0.home_heating,ls1_0.long_flights_per_year,ls1_0.meat_meals_per_week,ls1_0.monthly_electricity_kwh,ls1_0.primary_transport,ls1_0.shopping_habits,ls1_0.short_flights_per_year,ls1_0.user_id,ls1_0.weekly_driving_km from lifestyle_surveys ls1_0 where ls1_0.user_id=?
2026-03-30T04:10:06.060+05:30 DEBUG 25844 --- [io-8085-exec-10] org.hibernate.SQL                        : select count(g1_0.id) from goals g1_0 where g1_0.user_id=? and g1_0.status=?
2026-03-30T04:10:06.062+05:30 DEBUG 25844 --- [io-8085-exec-10] org.hibernate.SQL                        : select ce1_0.id,ce1_0.activity,ce1_0.amount,ce1_0.category,ce1_0.created_at,ce1_0.date,ce1_0.notes,ce1_0.unit,ce1_0.user_id from carbon_entries ce1_0 where ce1_0.user_id=? order by ce1_0.date desc,ce1_0.created_at desc
2026-03-30T04:10:06.064+05:30 DEBUG 25844 --- [io-8085-exec-10] org.hibernate.SQL                        : select sum(ce1_0.amount) from carbon_entries ce1_0 where ce1_0.user_id=? and ce1_0.date>=? and ce1_0.date<=?
2026-03-30T04:10:06.065+05:30 DEBUG 25844 --- [io-8085-exec-10] org.hibernate.SQL                        : select b1_0.id,b1_0.active,b1_0.bg_color,b1_0.category,b1_0.color,b1_0.created_at,b1_0.created_by,b1_0.description,b1_0.icon,b1_0.name,b1_0.threshold_kg from badges b1_0 where b1_0.active
2026-03-30T04:10:06.065+05:30 DEBUG 25844 --- [io-8085-exec-10] org.hibernate.SQL                        : select ce1_0.id from carbon_entries ce1_0 where ce1_0.user_id=? fetch first ? rows only
2026-03-30T04:10:06.067+05:30 DEBUG 25844 --- [io-8085-exec-10] org.hibernate.SQL                        : select sum(ce1_0.amount) from carbon_entries ce1_0 where ce1_0.user_id=?
2026-03-30T04:10:06.067+05:30 DEBUG 25844 --- [io-8085-exec-10] org.hibernate.SQL                        : select sum(ce1_0.amount) from carbon_entries ce1_0 where ce1_0.user_id=?
2026-03-30T04:10:06.068+05:30 DEBUG 25844 --- [io-8085-exec-10] org.hibernate.SQL                        : select ce1_0.category,sum(ce1_0.amount) from carbon_entries ce1_0 where ce1_0.user_id=? group by ce1_0.category
2026-03-30T04:10:06.071+05:30 DEBUG 25844 --- [io-8085-exec-10] org.hibernate.SQL                        : select ls1_0.id,ls1_0.buys_local_food,ls1_0.buys_second_hand,ls1_0.car_type,ls1_0.diet_type,ls1_0.estimated_annual_footprint,ls1_0.has_renewable_energy,ls1_0.home_heating,ls1_0.long_flights_per_year,ls1_0.meat_meals_per_week,ls1_0.monthly_electricity_kwh,ls1_0.primary_transport,ls1_0.shopping_habits,ls1_0.short_flights_per_year,ls1_0.user_id,ls1_0.weekly_driving_km from lifestyle_surveys ls1_0 where ls1_0.user_id=?
2026-03-30T04:10:06.072+05:30 DEBUG 25844 --- [io-8085-exec-10] org.hibernate.SQL                        : select count(g1_0.id) from goals g1_0 where g1_0.user_id=? and g1_0.status=?
2026-03-30T04:10:06.074+05:30 DEBUG 25844 --- [io-8085-exec-10] org.hibernate.SQL                        : select ce1_0.id,ce1_0.activity,ce1_0.amount,ce1_0.category,ce1_0.created_at,ce1_0.date,ce1_0.notes,ce1_0.unit,ce1_0.user_id from carbon_entries ce1_0 where ce1_0.user_id=? order by ce1_0.date desc,ce1_0.created_at desc
2026-03-30T04:10:06.076+05:30 DEBUG 25844 --- [io-8085-exec-10] org.hibernate.SQL                        : select sum(ce1_0.amount) from carbon_entries ce1_0 where ce1_0.user_id=? and ce1_0.date>=? and ce1_0.date<=?
2026-03-30T04:10:06.078+05:30 DEBUG 25844 --- [io-8085-exec-10] org.hibernate.SQL                        : select b1_0.id,b1_0.active,b1_0.bg_color,b1_0.category,b1_0.color,b1_0.created_at,b1_0.created_by,b1_0.description,b1_0.icon,b1_0.name,b1_0.threshold_kg from badges b1_0 where b1_0.active
2026-03-30T04:10:06.079+05:30 DEBUG 25844 --- [io-8085-exec-10] org.hibernate.SQL                        : select sum(ce1_0.amount) from carbon_entries ce1_0 where ce1_0.user_id=?
2026-03-30T04:10:06.081+05:30 DEBUG 25844 --- [io-8085-exec-10] org.hibernate.SQL                        : select un1_0.id,un1_0.created_at,un1_0.message,un1_0.is_read,un1_0.title,un1_0.type,un1_0.user_id from notifications un1_0 where un1_0.user_id=? order by un1_0.created_at desc
2026-03-30T04:10:06.084+05:30 DEBUG 25844 --- [io-8085-exec-10] org.hibernate.SQL                        : select count(un1_0.id) from notifications un1_0 where un1_0.user_id=? and not(un1_0.is_read)
2026-03-30T04:10:06.088+05:30 DEBUG 25844 --- [io-8085-exec-10] org.hibernate.SQL                        : select count(g1_0.id) from goals g1_0 where g1_0.user_id=? and g1_0.status=?
2026-03-30T04:10:06.089+05:30 DEBUG 25844 --- [io-8085-exec-10] org.hibernate.SQL                        : select count(g1_0.id) from goals g1_0 where g1_0.user_id=? and g1_0.status=?
2026-03-30T04:10:06.090+05:30 DEBUG 25844 --- [io-8085-exec-10] org.hibernate.SQL                        : select sum(ce1_0.amount) from carbon_entries ce1_0 where ce1_0.user_id=?
2026-03-30T04:10:06.091+05:30 DEBUG 25844 --- [io-8085-exec-10] org.hibernate.SQL                        : select ce1_0.category,sum(ce1_0.amount) from carbon_entries ce1_0 where ce1_0.user_id=? group by ce1_0.category
2026-03-30T04:10:06.092+05:30 DEBUG 25844 --- [io-8085-exec-10] org.hibernate.SQL                        : select ls1_0.id,ls1_0.buys_local_food,ls1_0.buys_second_hand,ls1_0.car_type,ls1_0.diet_type,ls1_0.estimated_annual_footprint,ls1_0.has_renewable_energy,ls1_0.home_heating,ls1_0.long_flights_per_year,ls1_0.meat_meals_per_week,ls1_0.monthly_electricity_kwh,ls1_0.primary_transport,ls1_0.shopping_habits,ls1_0.short_flights_per_year,ls1_0.user_id,ls1_0.weekly_driving_km from lifestyle_surveys ls1_0 where ls1_0.user_id=?
2026-03-30T04:10:06.094+05:30 DEBUG 25844 --- [io-8085-exec-10] org.hibernate.SQL                        : select count(g1_0.id) from goals g1_0 where g1_0.user_id=? and g1_0.status=?
2026-03-30T04:10:06.095+05:30 DEBUG 25844 --- [io-8085-exec-10] org.hibernate.SQL                        : select ce1_0.id,ce1_0.activity,ce1_0.amount,ce1_0.category,ce1_0.created_at,ce1_0.date,ce1_0.notes,ce1_0.unit,ce1_0.user_id from carbon_entries ce1_0 where ce1_0.user_id=? order by ce1_0.date desc,ce1_0.created_at desc
2026-03-30T04:10:06.096+05:30 DEBUG 25844 --- [io-8085-exec-10] org.hibernate.SQL                        : select sum(ce1_0.amount) from carbon_entries ce1_0 where ce1_0.user_id=? and ce1_0.date>=? and ce1_0.date<=?
2026-03-30T04:10:06.098+05:30 DEBUG 25844 --- [io-8085-exec-10] org.hibernate.SQL                        : select b1_0.id,b1_0.active,b1_0.bg_color,b1_0.category,b1_0.color,b1_0.created_at,b1_0.created_by,b1_0.description,b1_0.icon,b1_0.name,b1_0.threshold_kg from badges b1_0 where b1_0.active
2026-03-30T04:10:06.104+05:30 DEBUG 25844 --- [io-8085-exec-10] o.s.w.s.m.m.a.HttpEntityMethodProcessor  : Using 'application/json', given [*/*] and supported [application/json, application/*+json]
2026-03-30T04:10:06.115+05:30 DEBUG 25844 --- [io-8085-exec-10] o.s.w.s.m.m.a.HttpEntityMethodProcessor  : Writing [DashboardResponse(userName=CarbonCalc Admin, memberSince=Sept 30, 2025, totalCarbonKg=15.9, thisMont (truncated)...]
2026-03-30T04:10:06.121+05:30 DEBUG 25844 --- [io-8085-exec-10] o.s.web.servlet.DispatcherServlet        : Completed 200 OK
2026-03-30T04:10:06.126+05:30 DEBUG 25844 --- [nio-8085-exec-2] org.hibernate.SQL                        : select u1_0.id,u1_0.created_at,u1_0.email,u1_0.enabled,u1_0.name,u1_0.otp,u1_0.otp_expiry,u1_0.password,u1_0.role from users u1_0 where u1_0.email=?
2026-03-30T04:10:06.129+05:30 DEBUG 25844 --- [nio-8085-exec-2] o.s.web.servlet.DispatcherServlet        : GET "/api/dashboard?period=weekly", parameters={masked}
2026-03-30T04:10:06.129+05:30 DEBUG 25844 --- [nio-8085-exec-2] s.w.s.m.m.a.RequestMappingHandlerMapping : Mapped to com.ecotrack.backend.controller.DashboardController#get(User, String)
2026-03-30T04:10:06.130+05:30 DEBUG 25844 --- [nio-8085-exec-2] org.hibernate.SQL                        : select sum(ce1_0.amount) from carbon_entries ce1_0 where ce1_0.user_id=?
2026-03-30T04:10:06.131+05:30 DEBUG 25844 --- [nio-8085-exec-2] org.hibernate.SQL                        : select sum(ce1_0.amount) from carbon_entries ce1_0 where ce1_0.user_id=? and ce1_0.date>=? and ce1_0.date<=?
2026-03-30T04:10:06.132+05:30 DEBUG 25844 --- [nio-8085-exec-2] org.hibernate.SQL                        : select sum(ce1_0.amount) from carbon_entries ce1_0 where ce1_0.user_id=? and ce1_0.date>=? and ce1_0.date<=?
2026-03-30T04:10:06.133+05:30 DEBUG 25844 --- [nio-8085-exec-2] org.hibernate.SQL                        : select sum(ce1_0.amount) from carbon_entries ce1_0 where ce1_0.user_id=? and ce1_0.date>=? and ce1_0.date<=?
2026-03-30T04:10:06.134+05:30 DEBUG 25844 --- [nio-8085-exec-2] org.hibernate.SQL                        : select ce1_0.category,sum(ce1_0.amount) from carbon_entries ce1_0 where ce1_0.user_id=? group by ce1_0.category
2026-03-30T04:10:06.135+05:30 DEBUG 25844 --- [nio-8085-exec-2] org.hibernate.SQL                        : select ce1_0.date,sum(ce1_0.amount) from carbon_entries ce1_0 where ce1_0.user_id=? and ce1_0.date>=? group by ce1_0.date order by ce1_0.date
2026-03-30T04:10:06.137+05:30 DEBUG 25844 --- [nio-8085-exec-2] org.hibernate.SQL                        : select ce1_0.id,ce1_0.activity,ce1_0.amount,ce1_0.category,ce1_0.created_at,ce1_0.date,ce1_0.notes,ce1_0.unit,ce1_0.user_id from carbon_entries ce1_0 where ce1_0.user_id=? order by ce1_0.date desc,ce1_0.created_at desc
2026-03-30T04:10:06.138+05:30 DEBUG 25844 --- [nio-8085-exec-2] org.hibernate.SQL                        : select ls1_0.id,ls1_0.buys_local_food,ls1_0.buys_second_hand,ls1_0.car_type,ls1_0.diet_type,ls1_0.estimated_annual_footprint,ls1_0.has_renewable_energy,ls1_0.home_heating,ls1_0.long_flights_per_year,ls1_0.meat_meals_per_week,ls1_0.monthly_electricity_kwh,ls1_0.primary_transport,ls1_0.shopping_habits,ls1_0.short_flights_per_year,ls1_0.user_id,ls1_0.weekly_driving_km from lifestyle_surveys ls1_0 where ls1_0.user_id=?
2026-03-30T04:10:06.139+05:30 DEBUG 25844 --- [nio-8085-exec-2] org.hibernate.SQL                        : select ce1_0.id from carbon_entries ce1_0 where ce1_0.user_id=? fetch first ? rows only
2026-03-30T04:10:06.141+05:30 DEBUG 25844 --- [nio-8085-exec-2] org.hibernate.SQL                        : select u1_0.id,u1_0.created_at,u1_0.email,u1_0.enabled,u1_0.name,u1_0.otp,u1_0.otp_expiry,u1_0.password,u1_0.role from users u1_0
2026-03-30T04:10:06.143+05:30 DEBUG 25844 --- [nio-8085-exec-2] org.hibernate.SQL                        : select ce1_0.id from carbon_entries ce1_0 where ce1_0.user_id=? fetch first ? rows only
2026-03-30T04:10:06.145+05:30 DEBUG 25844 --- [nio-8085-exec-2] org.hibernate.SQL                        : select ce1_0.id from carbon_entries ce1_0 where ce1_0.user_id=? fetch first ? rows only
2026-03-30T04:10:06.146+05:30 DEBUG 25844 --- [nio-8085-exec-2] org.hibernate.SQL                        : select sum(ce1_0.amount) from carbon_entries ce1_0 where ce1_0.user_id=?
2026-03-30T04:10:06.147+05:30 DEBUG 25844 --- [nio-8085-exec-2] org.hibernate.SQL                        : select sum(ce1_0.amount) from carbon_entries ce1_0 where ce1_0.user_id=?
2026-03-30T04:10:06.147+05:30 DEBUG 25844 --- [nio-8085-exec-2] org.hibernate.SQL                        : select ce1_0.category,sum(ce1_0.amount) from carbon_entries ce1_0 where ce1_0.user_id=? group by ce1_0.category
2026-03-30T04:10:06.149+05:30 DEBUG 25844 --- [nio-8085-exec-2] org.hibernate.SQL                        : select ls1_0.id,ls1_0.buys_local_food,ls1_0.buys_second_hand,ls1_0.car_type,ls1_0.diet_type,ls1_0.estimated_annual_footprint,ls1_0.has_renewable_energy,ls1_0.home_heating,ls1_0.long_flights_per_year,ls1_0.meat_meals_per_week,ls1_0.monthly_electricity_kwh,ls1_0.primary_transport,ls1_0.shopping_habits,ls1_0.short_flights_per_year,ls1_0.user_id,ls1_0.weekly_driving_km from lifestyle_surveys ls1_0 where ls1_0.user_id=?
2026-03-30T04:10:06.151+05:30 DEBUG 25844 --- [nio-8085-exec-2] org.hibernate.SQL                        : select count(g1_0.id) from goals g1_0 where g1_0.user_id=? and g1_0.status=?
2026-03-30T04:10:06.152+05:30 DEBUG 25844 --- [nio-8085-exec-2] org.hibernate.SQL                        : select ce1_0.id,ce1_0.activity,ce1_0.amount,ce1_0.category,ce1_0.created_at,ce1_0.date,ce1_0.notes,ce1_0.unit,ce1_0.user_id from carbon_entries ce1_0 where ce1_0.user_id=? order by ce1_0.date desc,ce1_0.created_at desc
2026-03-30T04:10:06.154+05:30 DEBUG 25844 --- [nio-8085-exec-2] org.hibernate.SQL                        : select sum(ce1_0.amount) from carbon_entries ce1_0 where ce1_0.user_id=? and ce1_0.date>=? and ce1_0.date<=?
2026-03-30T04:10:06.155+05:30 DEBUG 25844 --- [nio-8085-exec-2] org.hibernate.SQL                        : select b1_0.id,b1_0.active,b1_0.bg_color,b1_0.category,b1_0.color,b1_0.created_at,b1_0.created_by,b1_0.description,b1_0.icon,b1_0.name,b1_0.threshold_kg from badges b1_0 where b1_0.active
2026-03-30T04:10:06.158+05:30 DEBUG 25844 --- [nio-8085-exec-2] org.hibernate.SQL                        : select ce1_0.id from carbon_entries ce1_0 where ce1_0.user_id=? fetch first ? rows only
2026-03-30T04:10:06.159+05:30 DEBUG 25844 --- [nio-8085-exec-2] org.hibernate.SQL                        : select sum(ce1_0.amount) from carbon_entries ce1_0 where ce1_0.user_id=?
2026-03-30T04:10:06.162+05:30 DEBUG 25844 --- [nio-8085-exec-2] org.hibernate.SQL                        : select sum(ce1_0.amount) from carbon_entries ce1_0 where ce1_0.user_id=?
2026-03-30T04:10:06.164+05:30 DEBUG 25844 --- [nio-8085-exec-2] org.hibernate.SQL                        : select ce1_0.category,sum(ce1_0.amount) from carbon_entries ce1_0 where ce1_0.user_id=? group by ce1_0.category
2026-03-30T04:10:06.166+05:30 DEBUG 25844 --- [nio-8085-exec-2] org.hibernate.SQL                        : select ls1_0.id,ls1_0.buys_local_food,ls1_0.buys_second_hand,ls1_0.car_type,ls1_0.diet_type,ls1_0.estimated_annual_footprint,ls1_0.has_renewable_energy,ls1_0.home_heating,ls1_0.long_flights_per_year,ls1_0.meat_meals_per_week,ls1_0.monthly_electricity_kwh,ls1_0.primary_transport,ls1_0.shopping_habits,ls1_0.short_flights_per_year,ls1_0.user_id,ls1_0.weekly_driving_km from lifestyle_surveys ls1_0 where ls1_0.user_id=?
2026-03-30T04:10:06.169+05:30 DEBUG 25844 --- [nio-8085-exec-2] org.hibernate.SQL                        : select count(g1_0.id) from goals g1_0 where g1_0.user_id=? and g1_0.status=?
2026-03-30T04:10:06.172+05:30 DEBUG 25844 --- [nio-8085-exec-2] org.hibernate.SQL                        : select ce1_0.id,ce1_0.activity,ce1_0.amount,ce1_0.category,ce1_0.created_at,ce1_0.date,ce1_0.notes,ce1_0.unit,ce1_0.user_id from carbon_entries ce1_0 where ce1_0.user_id=? order by ce1_0.date desc,ce1_0.created_at desc
2026-03-30T04:10:06.175+05:30 DEBUG 25844 --- [nio-8085-exec-2] org.hibernate.SQL                        : select sum(ce1_0.amount) from carbon_entries ce1_0 where ce1_0.user_id=? and ce1_0.date>=? and ce1_0.date<=?
2026-03-30T04:10:06.177+05:30 DEBUG 25844 --- [nio-8085-exec-2] org.hibernate.SQL                        : select b1_0.id,b1_0.active,b1_0.bg_color,b1_0.category,b1_0.color,b1_0.created_at,b1_0.created_by,b1_0.description,b1_0.icon,b1_0.name,b1_0.threshold_kg from badges b1_0 where b1_0.active
2026-03-30T04:10:06.179+05:30 DEBUG 25844 --- [nio-8085-exec-2] org.hibernate.SQL                        : select ce1_0.id from carbon_entries ce1_0 where ce1_0.user_id=? fetch first ? rows only
2026-03-30T04:10:06.180+05:30 DEBUG 25844 --- [nio-8085-exec-2] org.hibernate.SQL                        : select sum(ce1_0.amount) from carbon_entries ce1_0 where ce1_0.user_id=?
2026-03-30T04:10:06.184+05:30 DEBUG 25844 --- [nio-8085-exec-2] org.hibernate.SQL                        : select sum(ce1_0.amount) from carbon_entries ce1_0 where ce1_0.user_id=?
2026-03-30T04:10:06.186+05:30 DEBUG 25844 --- [nio-8085-exec-2] org.hibernate.SQL                        : select ce1_0.category,sum(ce1_0.amount) from carbon_entries ce1_0 where ce1_0.user_id=? group by ce1_0.category
2026-03-30T04:10:06.189+05:30 DEBUG 25844 --- [nio-8085-exec-2] org.hibernate.SQL                        : select ls1_0.id,ls1_0.buys_local_food,ls1_0.buys_second_hand,ls1_0.car_type,ls1_0.diet_type,ls1_0.estimated_annual_footprint,ls1_0.has_renewable_energy,ls1_0.home_heating,ls1_0.long_flights_per_year,ls1_0.meat_meals_per_week,ls1_0.monthly_electricity_kwh,ls1_0.primary_transport,ls1_0.shopping_habits,ls1_0.short_flights_per_year,ls1_0.user_id,ls1_0.weekly_driving_km from lifestyle_surveys ls1_0 where ls1_0.user_id=?
2026-03-30T04:10:06.190+05:30 DEBUG 25844 --- [nio-8085-exec-2] org.hibernate.SQL                        : select count(g1_0.id) from goals g1_0 where g1_0.user_id=? and g1_0.status=?
2026-03-30T04:10:06.191+05:30 DEBUG 25844 --- [nio-8085-exec-2] org.hibernate.SQL                        : select ce1_0.id,ce1_0.activity,ce1_0.amount,ce1_0.category,ce1_0.created_at,ce1_0.date,ce1_0.notes,ce1_0.unit,ce1_0.user_id from carbon_entries ce1_0 where ce1_0.user_id=? order by ce1_0.date desc,ce1_0.created_at desc
2026-03-30T04:10:06.193+05:30 DEBUG 25844 --- [nio-8085-exec-2] org.hibernate.SQL                        : select sum(ce1_0.amount) from carbon_entries ce1_0 where ce1_0.user_id=? and ce1_0.date>=? and ce1_0.date<=?
2026-03-30T04:10:06.195+05:30 DEBUG 25844 --- [nio-8085-exec-2] org.hibernate.SQL                        : select b1_0.id,b1_0.active,b1_0.bg_color,b1_0.category,b1_0.color,b1_0.created_at,b1_0.created_by,b1_0.description,b1_0.icon,b1_0.name,b1_0.threshold_kg from badges b1_0 where b1_0.active
2026-03-30T04:10:06.196+05:30 DEBUG 25844 --- [nio-8085-exec-2] org.hibernate.SQL                        : select sum(ce1_0.amount) from carbon_entries ce1_0 where ce1_0.user_id=?
2026-03-30T04:10:06.198+05:30 DEBUG 25844 --- [nio-8085-exec-2] org.hibernate.SQL                        : select un1_0.id,un1_0.created_at,un1_0.message,un1_0.is_read,un1_0.title,un1_0.type,un1_0.user_id from notifications un1_0 where un1_0.user_id=? order by un1_0.created_at desc
2026-03-30T04:10:06.199+05:30 DEBUG 25844 --- [nio-8085-exec-2] org.hibernate.SQL                        : select count(un1_0.id) from notifications un1_0 where un1_0.user_id=? and not(un1_0.is_read)
2026-03-30T04:10:06.200+05:30 DEBUG 25844 --- [nio-8085-exec-2] org.hibernate.SQL                        : select count(g1_0.id) from goals g1_0 where g1_0.user_id=? and g1_0.status=?
2026-03-30T04:10:06.204+05:30 DEBUG 25844 --- [nio-8085-exec-2] org.hibernate.SQL                        : select count(g1_0.id) from goals g1_0 where g1_0.user_id=? and g1_0.status=?
2026-03-30T04:10:06.204+05:30 DEBUG 25844 --- [nio-8085-exec-2] org.hibernate.SQL                        : select sum(ce1_0.amount) from carbon_entries ce1_0 where ce1_0.user_id=?
2026-03-30T04:10:06.205+05:30 DEBUG 25844 --- [nio-8085-exec-2] org.hibernate.SQL                        : select ce1_0.category,sum(ce1_0.amount) from carbon_entries ce1_0 where ce1_0.user_id=? group by ce1_0.category
2026-03-30T04:10:06.207+05:30 DEBUG 25844 --- [nio-8085-exec-2] org.hibernate.SQL                        : select ls1_0.id,ls1_0.buys_local_food,ls1_0.buys_second_hand,ls1_0.car_type,ls1_0.diet_type,ls1_0.estimated_annual_footprint,ls1_0.has_renewable_energy,ls1_0.home_heating,ls1_0.long_flights_per_year,ls1_0.meat_meals_per_week,ls1_0.monthly_electricity_kwh,ls1_0.primary_transport,ls1_0.shopping_habits,ls1_0.short_flights_per_year,ls1_0.user_id,ls1_0.weekly_driving_km from lifestyle_surveys ls1_0 where ls1_0.user_id=?
2026-03-30T04:10:06.208+05:30 DEBUG 25844 --- [nio-8085-exec-2] org.hibernate.SQL                        : select count(g1_0.id) from goals g1_0 where g1_0.user_id=? and g1_0.status=?
2026-03-30T04:10:06.211+05:30 DEBUG 25844 --- [nio-8085-exec-2] org.hibernate.SQL                        : select ce1_0.id,ce1_0.activity,ce1_0.amount,ce1_0.category,ce1_0.created_at,ce1_0.date,ce1_0.notes,ce1_0.unit,ce1_0.user_id from carbon_entries ce1_0 where ce1_0.user_id=? order by ce1_0.date desc,ce1_0.created_at desc
2026-03-30T04:10:06.212+05:30 DEBUG 25844 --- [nio-8085-exec-2] org.hibernate.SQL                        : select sum(ce1_0.amount) from carbon_entries ce1_0 where ce1_0.user_id=? and ce1_0.date>=? and ce1_0.date<=?
2026-03-30T04:10:06.213+05:30 DEBUG 25844 --- [nio-8085-exec-2] org.hibernate.SQL                        : select b1_0.id,b1_0.active,b1_0.bg_color,b1_0.category,b1_0.color,b1_0.created_at,b1_0.created_by,b1_0.description,b1_0.icon,b1_0.name,b1_0.threshold_kg from badges b1_0 where b1_0.active
2026-03-30T04:10:06.214+05:30 DEBUG 25844 --- [nio-8085-exec-2] o.s.w.s.m.m.a.HttpEntityMethodProcessor  : Using 'application/json', given [*/*] and supported [application/json, application/*+json]
2026-03-30T04:10:06.215+05:30 DEBUG 25844 --- [nio-8085-exec-2] o.s.w.s.m.m.a.HttpEntityMethodProcessor  : Writing [DashboardResponse(userName=CarbonCalc Admin, memberSince=Sept 30, 2025, totalCarbonKg=15.9, thisMont (truncated)...]
2026-03-30T04:10:06.216+05:30 DEBUG 25844 --- [nio-8085-exec-2] o.s.web.servlet.DispatcherServlet        : Completed 200 OK
2026-03-30T04:10:07.339+05:30 DEBUG 25844 --- [nio-8085-exec-6] org.hibernate.SQL                        : select u1_0.id,u1_0.created_at,u1_0.email,u1_0.enabled,u1_0.name,u1_0.otp,u1_0.otp_expiry,u1_0.password,u1_0.role from users u1_0 where u1_0.email=?
2026-03-30T04:10:07.339+05:30 DEBUG 25844 --- [nio-8085-exec-8] org.hibernate.SQL                        : select u1_0.id,u1_0.created_at,u1_0.email,u1_0.enabled,u1_0.name,u1_0.otp,u1_0.otp_expiry,u1_0.password,u1_0.role from users u1_0 where u1_0.email=?
2026-03-30T04:10:07.339+05:30 DEBUG 25844 --- [nio-8085-exec-1] org.hibernate.SQL                        : select u1_0.id,u1_0.created_at,u1_0.email,u1_0.enabled,u1_0.name,u1_0.otp,u1_0.otp_expiry,u1_0.password,u1_0.role from users u1_0 where u1_0.email=?
2026-03-30T04:10:07.342+05:30 DEBUG 25844 --- [nio-8085-exec-8] o.s.web.servlet.DispatcherServlet        : GET "/api/marketplace", parameters={}
2026-03-30T04:10:07.342+05:30 DEBUG 25844 --- [nio-8085-exec-1] o.s.web.servlet.DispatcherServlet        : GET "/api/notifications", parameters={}
2026-03-30T04:10:07.342+05:30 DEBUG 25844 --- [nio-8085-exec-6] o.s.web.servlet.DispatcherServlet        : GET "/api/transactions/user/2", parameters={}
2026-03-30T04:10:07.342+05:30 DEBUG 25844 --- [nio-8085-exec-8] s.w.s.m.m.a.RequestMappingHandlerMapping : Mapped to com.ecotrack.backend.controller.MarketplaceController#getAll()
2026-03-30T04:10:07.342+05:30 DEBUG 25844 --- [nio-8085-exec-1] s.w.s.m.m.a.RequestMappingHandlerMapping : Mapped to com.ecotrack.backend.controller.NotificationController#getNotifications(User)
2026-03-30T04:10:07.344+05:30 DEBUG 25844 --- [nio-8085-exec-6] s.w.s.m.m.a.RequestMappingHandlerMapping : Mapped to com.ecotrack.backend.controller.TransactionController#getUserTransactions(User, Long)
2026-03-30T04:10:07.345+05:30 DEBUG 25844 --- [nio-8085-exec-8] org.hibernate.SQL                        : select mi1_0.id,mi1_0.carbon_offset_value,mi1_0.created_at,mi1_0.description,mi1_0.item_name,mi1_0.item_type,mi1_0.price from marketplace mi1_0 order by mi1_0.created_at desc
2026-03-30T04:10:07.346+05:30 DEBUG 25844 --- [nio-8085-exec-6] org.hibernate.SQL                        : select u1_0.id,u1_0.created_at,u1_0.email,u1_0.enabled,u1_0.name,u1_0.otp,u1_0.otp_expiry,u1_0.password,u1_0.role from users u1_0 where u1_0.id=?
2026-03-30T04:10:07.346+05:30 DEBUG 25844 --- [nio-8085-exec-1] org.hibernate.SQL                        : select un1_0.id,un1_0.created_at,un1_0.message,un1_0.is_read,un1_0.title,un1_0.type,un1_0.user_id from notifications un1_0 where un1_0.user_id=? order by un1_0.created_at desc
2026-03-30T04:10:07.347+05:30 DEBUG 25844 --- [nio-8085-exec-8] o.s.w.s.m.m.a.HttpEntityMethodProcessor  : Using 'application/json', given [*/*] and supported [application/json, application/*+json]
2026-03-30T04:10:07.347+05:30 DEBUG 25844 --- [nio-8085-exec-1] o.s.w.s.m.m.a.HttpEntityMethodProcessor  : Using 'application/json', given [*/*] and supported [application/json, application/*+json]
2026-03-30T04:10:07.347+05:30 DEBUG 25844 --- [nio-8085-exec-8] o.s.w.s.m.m.a.HttpEntityMethodProcessor  : Writing [[{id=4, itemName=tree1, itemType=tree_planting, price=2000.0, description=tree1 tree, carbonOffsetVa (truncated)...]
2026-03-30T04:10:07.347+05:30 DEBUG 25844 --- [nio-8085-exec-1] o.s.w.s.m.m.a.HttpEntityMethodProcessor  : Writing [[{id=1, title=Badge unlocked: Green Achiever, message=You earned the Green Achiever badge., type=BAD (truncated)...]
2026-03-30T04:10:07.348+05:30 DEBUG 25844 --- [nio-8085-exec-6] org.hibernate.SQL                        : select pt1_0.id,pt1_0.amount,pt1_0.created_at,pt1_0.marketplace_item_id,pt1_0.status,pt1_0.user_id from transactions pt1_0 where pt1_0.user_id=? order by pt1_0.created_at desc
2026-03-30T04:10:07.349+05:30 DEBUG 25844 --- [nio-8085-exec-8] o.s.web.servlet.DispatcherServlet        : Completed 200 OK
2026-03-30T04:10:07.349+05:30 DEBUG 25844 --- [nio-8085-exec-1] o.s.web.servlet.DispatcherServlet        : Completed 200 OK
2026-03-30T04:10:07.349+05:30 DEBUG 25844 --- [nio-8085-exec-6] o.s.w.s.m.m.a.HttpEntityMethodProcessor  : Using 'application/json', given [*/*] and supported [application/json, application/*+json]
2026-03-30T04:10:07.350+05:30 DEBUG 25844 --- [nio-8085-exec-6] o.s.w.s.m.m.a.HttpEntityMethodProcessor  : Writing [[]]
2026-03-30T04:10:07.351+05:30 DEBUG 25844 --- [nio-8085-exec-6] o.s.web.servlet.DispatcherServlet        : Completed 200 OK
2026-03-30T04:10:07.355+05:30 DEBUG 25844 --- [nio-8085-exec-7] org.hibernate.SQL                        : select u1_0.id,u1_0.created_at,u1_0.email,u1_0.enabled,u1_0.name,u1_0.otp,u1_0.otp_expiry,u1_0.password,u1_0.role from users u1_0 where u1_0.email=?
2026-03-30T04:10:07.356+05:30 DEBUG 25844 --- [nio-8085-exec-9] org.hibernate.SQL                        : select u1_0.id,u1_0.created_at,u1_0.email,u1_0.enabled,u1_0.name,u1_0.otp,u1_0.otp_expiry,u1_0.password,u1_0.role from users u1_0 where u1_0.email=?
2026-03-30T04:10:07.357+05:30 DEBUG 25844 --- [nio-8085-exec-9] o.s.web.servlet.DispatcherServlet        : GET "/api/transactions/user/2", parameters={}
2026-03-30T04:10:07.357+05:30 DEBUG 25844 --- [nio-8085-exec-7] o.s.web.servlet.DispatcherServlet        : GET "/api/marketplace", parameters={}
2026-03-30T04:10:07.357+05:30 DEBUG 25844 --- [nio-8085-exec-9] s.w.s.m.m.a.RequestMappingHandlerMapping : Mapped to com.ecotrack.backend.controller.TransactionController#getUserTransactions(User, Long)
2026-03-30T04:10:07.358+05:30 DEBUG 25844 --- [nio-8085-exec-7] s.w.s.m.m.a.RequestMappingHandlerMapping : Mapped to com.ecotrack.backend.controller.MarketplaceController#getAll()
2026-03-30T04:10:07.359+05:30 DEBUG 25844 --- [nio-8085-exec-9] org.hibernate.SQL                        : select u1_0.id,u1_0.created_at,u1_0.email,u1_0.enabled,u1_0.name,u1_0.otp,u1_0.otp_expiry,u1_0.password,u1_0.role from users u1_0 where u1_0.id=?
2026-03-30T04:10:07.359+05:30 DEBUG 25844 --- [nio-8085-exec-7] org.hibernate.SQL                        : select mi1_0.id,mi1_0.carbon_offset_value,mi1_0.created_at,mi1_0.description,mi1_0.item_name,mi1_0.item_type,mi1_0.price from marketplace mi1_0 order by mi1_0.created_at desc
2026-03-30T04:10:07.361+05:30 DEBUG 25844 --- [nio-8085-exec-7] o.s.w.s.m.m.a.HttpEntityMethodProcessor  : Using 'application/json', given [*/*] and supported [application/json, application/*+json]
2026-03-30T04:10:07.362+05:30 DEBUG 25844 --- [nio-8085-exec-9] org.hibernate.SQL                        : select pt1_0.id,pt1_0.amount,pt1_0.created_at,pt1_0.marketplace_item_id,pt1_0.status,pt1_0.user_id from transactions pt1_0 where pt1_0.user_id=? order by pt1_0.created_at desc
2026-03-30T04:10:07.362+05:30 DEBUG 25844 --- [nio-8085-exec-7] o.s.w.s.m.m.a.HttpEntityMethodProcessor  : Writing [[{id=4, itemName=tree1, itemType=tree_planting, price=2000.0, description=tree1 tree, carbonOffsetVa (truncated)...]
2026-03-30T04:10:07.363+05:30 DEBUG 25844 --- [nio-8085-exec-9] o.s.w.s.m.m.a.HttpEntityMethodProcessor  : Using 'application/json', given [*/*] and supported [application/json, application/*+json]
2026-03-30T04:10:07.363+05:30 DEBUG 25844 --- [nio-8085-exec-7] o.s.web.servlet.DispatcherServlet        : Completed 200 OK
2026-03-30T04:10:07.363+05:30 DEBUG 25844 --- [nio-8085-exec-9] o.s.w.s.m.m.a.HttpEntityMethodProcessor  : Writing [[]]
2026-03-30T04:10:07.364+05:30 DEBUG 25844 --- [nio-8085-exec-9] o.s.web.servlet.DispatcherServlet        : Completed 200 OK
2026-03-30T04:10:08.090+05:30 DEBUG 25844 --- [nio-8085-exec-4] org.hibernate.SQL                        : select u1_0.id,u1_0.created_at,u1_0.email,u1_0.enabled,u1_0.name,u1_0.otp,u1_0.otp_expiry,u1_0.password,u1_0.role from users u1_0 where u1_0.email=?
2026-03-30T04:10:08.093+05:30 DEBUG 25844 --- [nio-8085-exec-4] o.s.web.servlet.DispatcherServlet        : GET "/api/notifications", parameters={}
2026-03-30T04:10:08.094+05:30 DEBUG 25844 --- [nio-8085-exec-4] s.w.s.m.m.a.RequestMappingHandlerMapping : Mapped to com.ecotrack.backend.controller.NotificationController#getNotifications(User)
2026-03-30T04:10:08.095+05:30 DEBUG 25844 --- [nio-8085-exec-4] org.hibernate.SQL                        : select un1_0.id,un1_0.created_at,un1_0.message,un1_0.is_read,un1_0.title,un1_0.type,un1_0.user_id from notifications un1_0 where un1_0.user_id=? order by un1_0.created_at desc
2026-03-30T04:10:08.097+05:30 DEBUG 25844 --- [nio-8085-exec-4] o.s.w.s.m.m.a.HttpEntityMethodProcessor  : Using 'application/json', given [*/*] and supported [application/json, application/*+json]
2026-03-30T04:10:08.098+05:30 DEBUG 25844 --- [nio-8085-exec-4] o.s.w.s.m.m.a.HttpEntityMethodProcessor  : Writing [[{id=1, title=Badge unlocked: Green Achiever, message=You earned the Green Achiever badge., type=BAD (truncated)...]
2026-03-30T04:10:08.099+05:30 DEBUG 25844 --- [nio-8085-exec-4] o.s.web.servlet.DispatcherServlet        : Completed 200 OK
2026-03-30T04:10:08.104+05:30 DEBUG 25844 --- [nio-8085-exec-4] org.hibernate.SQL                        : select u1_0.id,u1_0.created_at,u1_0.email,u1_0.enabled,u1_0.name,u1_0.otp,u1_0.otp_expiry,u1_0.password,u1_0.role from users u1_0 where u1_0.email=?
2026-03-30T04:10:08.105+05:30 DEBUG 25844 --- [nio-8085-exec-4] o.s.web.servlet.DispatcherServlet        : GET "/api/notifications", parameters={}
2026-03-30T04:10:08.106+05:30 DEBUG 25844 --- [nio-8085-exec-4] s.w.s.m.m.a.RequestMappingHandlerMapping : Mapped to com.ecotrack.backend.controller.NotificationController#getNotifications(User)
2026-03-30T04:10:08.108+05:30 DEBUG 25844 --- [nio-8085-exec-4] org.hibernate.SQL                        : select un1_0.id,un1_0.created_at,un1_0.message,un1_0.is_read,un1_0.title,un1_0.type,un1_0.user_id from notifications un1_0 where un1_0.user_id=? order by un1_0.created_at desc
2026-03-30T04:10:08.109+05:30 DEBUG 25844 --- [nio-8085-exec-4] o.s.w.s.m.m.a.HttpEntityMethodProcessor  : Using 'application/json', given [*/*] and supported [application/json, application/*+json]
2026-03-30T04:10:08.110+05:30 DEBUG 25844 --- [nio-8085-exec-4] o.s.w.s.m.m.a.HttpEntityMethodProcessor  : Writing [[{id=1, title=Badge unlocked: Green Achiever, message=You earned the Green Achiever badge., type=BAD (truncated)...]
2026-03-30T04:10:08.111+05:30 DEBUG 25844 --- [nio-8085-exec-4] o.s.web.servlet.DispatcherServlet        : Completed 200 OK
2026-03-30T04:10:08.115+05:30 DEBUG 25844 --- [nio-8085-exec-2] org.hibernate.SQL                        : select u1_0.id,u1_0.created_at,u1_0.email,u1_0.enabled,u1_0.name,u1_0.otp,u1_0.otp_expiry,u1_0.password,u1_0.role from users u1_0 where u1_0.email=?
2026-03-30T04:10:08.115+05:30 DEBUG 25844 --- [nio-8085-exec-2] o.s.web.servlet.DispatcherServlet        : GET "/api/notifications", parameters={}
2026-03-30T04:10:08.116+05:30 DEBUG 25844 --- [nio-8085-exec-2] s.w.s.m.m.a.RequestMappingHandlerMapping : Mapped to com.ecotrack.backend.controller.NotificationController#getNotifications(User)
2026-03-30T04:10:08.118+05:30 DEBUG 25844 --- [nio-8085-exec-2] org.hibernate.SQL                        : select un1_0.id,un1_0.created_at,un1_0.message,un1_0.is_read,un1_0.title,un1_0.type,un1_0.user_id from notifications un1_0 where un1_0.user_id=? order by un1_0.created_at desc
2026-03-30T04:10:08.119+05:30 DEBUG 25844 --- [nio-8085-exec-2] o.s.w.s.m.m.a.HttpEntityMethodProcessor  : Using 'application/json', given [*/*] and supported [application/json, application/*+json]
2026-03-30T04:10:08.119+05:30 DEBUG 25844 --- [nio-8085-exec-2] o.s.w.s.m.m.a.HttpEntityMethodProcessor  : Writing [[{id=1, title=Badge unlocked: Green Achiever, message=You earned the Green Achiever badge., type=BAD (truncated)...]
2026-03-30T04:10:08.120+05:30 DEBUG 25844 --- [nio-8085-exec-2] o.s.web.servlet.DispatcherServlet        : Completed 200 OK
2026-03-30T04:10:08.744+05:30 DEBUG 25844 --- [nio-8085-exec-1] org.hibernate.SQL                        : select u1_0.id,u1_0.created_at,u1_0.email,u1_0.enabled,u1_0.name,u1_0.otp,u1_0.otp_expiry,u1_0.password,u1_0.role from users u1_0 where u1_0.email=?
2026-03-30T04:10:08.744+05:30 DEBUG 25844 --- [nio-8085-exec-5] org.hibernate.SQL                        : select u1_0.id,u1_0.created_at,u1_0.email,u1_0.enabled,u1_0.name,u1_0.otp,u1_0.otp_expiry,u1_0.password,u1_0.role from users u1_0 where u1_0.email=?
2026-03-30T04:10:08.747+05:30 DEBUG 25844 --- [nio-8085-exec-6] org.hibernate.SQL                        : select u1_0.id,u1_0.created_at,u1_0.email,u1_0.enabled,u1_0.name,u1_0.otp,u1_0.otp_expiry,u1_0.password,u1_0.role from users u1_0 where u1_0.email=?
2026-03-30T04:10:08.747+05:30 DEBUG 25844 --- [nio-8085-exec-5] o.s.web.servlet.DispatcherServlet        : GET "/api/notifications", parameters={}
2026-03-30T04:10:08.747+05:30 DEBUG 25844 --- [nio-8085-exec-1] o.s.web.servlet.DispatcherServlet        : GET "/api/transactions/user/2", parameters={}
2026-03-30T04:10:08.748+05:30 DEBUG 25844 --- [nio-8085-exec-5] s.w.s.m.m.a.RequestMappingHandlerMapping : Mapped to com.ecotrack.backend.controller.NotificationController#getNotifications(User)
2026-03-30T04:10:08.748+05:30 DEBUG 25844 --- [nio-8085-exec-6] o.s.web.servlet.DispatcherServlet        : GET "/api/marketplace", parameters={}
2026-03-30T04:10:08.748+05:30 DEBUG 25844 --- [nio-8085-exec-1] s.w.s.m.m.a.RequestMappingHandlerMapping : Mapped to com.ecotrack.backend.controller.TransactionController#getUserTransactions(User, Long)
2026-03-30T04:10:08.749+05:30 DEBUG 25844 --- [nio-8085-exec-6] s.w.s.m.m.a.RequestMappingHandlerMapping : Mapped to com.ecotrack.backend.controller.MarketplaceController#getAll()
2026-03-30T04:10:08.751+05:30 DEBUG 25844 --- [nio-8085-exec-1] org.hibernate.SQL                        : select u1_0.id,u1_0.created_at,u1_0.email,u1_0.enabled,u1_0.name,u1_0.otp,u1_0.otp_expiry,u1_0.password,u1_0.role from users u1_0 where u1_0.id=?
2026-03-30T04:10:08.751+05:30 DEBUG 25844 --- [nio-8085-exec-5] org.hibernate.SQL                        : select un1_0.id,un1_0.created_at,un1_0.message,un1_0.is_read,un1_0.title,un1_0.type,un1_0.user_id from notifications un1_0 where un1_0.user_id=? order by un1_0.created_at desc
2026-03-30T04:10:08.751+05:30 DEBUG 25844 --- [nio-8085-exec-6] org.hibernate.SQL                        : select mi1_0.id,mi1_0.carbon_offset_value,mi1_0.created_at,mi1_0.description,mi1_0.item_name,mi1_0.item_type,mi1_0.price from marketplace mi1_0 order by mi1_0.created_at desc
2026-03-30T04:10:08.752+05:30 DEBUG 25844 --- [nio-8085-exec-5] o.s.w.s.m.m.a.HttpEntityMethodProcessor  : Using 'application/json', given [*/*] and supported [application/json, application/*+json]
2026-03-30T04:10:08.752+05:30 DEBUG 25844 --- [nio-8085-exec-6] o.s.w.s.m.m.a.HttpEntityMethodProcessor  : Using 'application/json', given [*/*] and supported [application/json, application/*+json]
2026-03-30T04:10:08.752+05:30 DEBUG 25844 --- [nio-8085-exec-5] o.s.w.s.m.m.a.HttpEntityMethodProcessor  : Writing [[{id=1, title=Badge unlocked: Green Achiever, message=You earned the Green Achiever badge., type=BAD (truncated)...]
2026-03-30T04:10:08.752+05:30 DEBUG 25844 --- [nio-8085-exec-6] o.s.w.s.m.m.a.HttpEntityMethodProcessor  : Writing [[{id=4, itemName=tree1, itemType=tree_planting, price=2000.0, description=tree1 tree, carbonOffsetVa (truncated)...]
2026-03-30T04:10:08.752+05:30 DEBUG 25844 --- [nio-8085-exec-1] org.hibernate.SQL                        : select pt1_0.id,pt1_0.amount,pt1_0.created_at,pt1_0.marketplace_item_id,pt1_0.status,pt1_0.user_id from transactions pt1_0 where pt1_0.user_id=? order by pt1_0.created_at desc
2026-03-30T04:10:08.752+05:30 DEBUG 25844 --- [nio-8085-exec-5] o.s.web.servlet.DispatcherServlet        : Completed 200 OK
2026-03-30T04:10:08.752+05:30 DEBUG 25844 --- [nio-8085-exec-6] o.s.web.servlet.DispatcherServlet        : Completed 200 OK
2026-03-30T04:10:08.753+05:30 DEBUG 25844 --- [nio-8085-exec-1] o.s.w.s.m.m.a.HttpEntityMethodProcessor  : Using 'application/json', given [*/*] and supported [application/json, application/*+json]
2026-03-30T04:10:08.753+05:30 DEBUG 25844 --- [nio-8085-exec-1] o.s.w.s.m.m.a.HttpEntityMethodProcessor  : Writing [[]]
2026-03-30T04:10:08.754+05:30 DEBUG 25844 --- [nio-8085-exec-1] o.s.web.servlet.DispatcherServlet        : Completed 200 OK
2026-03-30T04:10:08.756+05:30 DEBUG 25844 --- [nio-8085-exec-7] org.hibernate.SQL                        : select u1_0.id,u1_0.created_at,u1_0.email,u1_0.enabled,u1_0.name,u1_0.otp,u1_0.otp_expiry,u1_0.password,u1_0.role from users u1_0 where u1_0.email=?
2026-03-30T04:10:08.757+05:30 DEBUG 25844 --- [nio-8085-exec-9] org.hibernate.SQL                        : select u1_0.id,u1_0.created_at,u1_0.email,u1_0.enabled,u1_0.name,u1_0.otp,u1_0.otp_expiry,u1_0.password,u1_0.role from users u1_0 where u1_0.email=?
2026-03-30T04:10:08.757+05:30 DEBUG 25844 --- [nio-8085-exec-7] o.s.web.servlet.DispatcherServlet        : GET "/api/marketplace", parameters={}
2026-03-30T04:10:08.758+05:30 DEBUG 25844 --- [nio-8085-exec-7] s.w.s.m.m.a.RequestMappingHandlerMapping : Mapped to com.ecotrack.backend.controller.MarketplaceController#getAll()
2026-03-30T04:10:08.758+05:30 DEBUG 25844 --- [nio-8085-exec-9] o.s.web.servlet.DispatcherServlet        : GET "/api/transactions/user/2", parameters={}
2026-03-30T04:10:08.758+05:30 DEBUG 25844 --- [nio-8085-exec-9] s.w.s.m.m.a.RequestMappingHandlerMapping : Mapped to com.ecotrack.backend.controller.TransactionController#getUserTransactions(User, Long)
2026-03-30T04:10:08.759+05:30 DEBUG 25844 --- [nio-8085-exec-7] org.hibernate.SQL                        : select mi1_0.id,mi1_0.carbon_offset_value,mi1_0.created_at,mi1_0.description,mi1_0.item_name,mi1_0.item_type,mi1_0.price from marketplace mi1_0 order by mi1_0.created_at desc
2026-03-30T04:10:08.759+05:30 DEBUG 25844 --- [nio-8085-exec-9] org.hibernate.SQL                        : select u1_0.id,u1_0.created_at,u1_0.email,u1_0.enabled,u1_0.name,u1_0.otp,u1_0.otp_expiry,u1_0.password,u1_0.role from users u1_0 where u1_0.id=?
2026-03-30T04:10:08.760+05:30 DEBUG 25844 --- [nio-8085-exec-7] o.s.w.s.m.m.a.HttpEntityMethodProcessor  : Using 'application/json', given [*/*] and supported [application/json, application/*+json]
2026-03-30T04:10:08.760+05:30 DEBUG 25844 --- [nio-8085-exec-7] o.s.w.s.m.m.a.HttpEntityMethodProcessor  : Writing [[{id=4, itemName=tree1, itemType=tree_planting, price=2000.0, description=tree1 tree, carbonOffsetVa (truncated)...]
2026-03-30T04:10:08.761+05:30 DEBUG 25844 --- [nio-8085-exec-7] o.s.web.servlet.DispatcherServlet        : Completed 200 OK
2026-03-30T04:10:08.762+05:30 DEBUG 25844 --- [nio-8085-exec-9] org.hibernate.SQL                        : select pt1_0.id,pt1_0.amount,pt1_0.created_at,pt1_0.marketplace_item_id,pt1_0.status,pt1_0.user_id from transactions pt1_0 where pt1_0.user_id=? order by pt1_0.created_at desc
2026-03-30T04:10:08.763+05:30 DEBUG 25844 --- [nio-8085-exec-9] o.s.w.s.m.m.a.HttpEntityMethodProcessor  : Using 'application/json', given [*/*] and supported [application/json, application/*+json]
2026-03-30T04:10:08.763+05:30 DEBUG 25844 --- [nio-8085-exec-9] o.s.w.s.m.m.a.HttpEntityMethodProcessor  : Writing [[]]
2026-03-30T04:10:08.764+05:30 DEBUG 25844 --- [nio-8085-exec-9] o.s.web.servlet.DispatcherServlet        : Completed 200 OK
2026-03-30T04:10:11.568+05:30 DEBUG 25844 --- [nio-8085-exec-4] org.hibernate.SQL                        : select u1_0.id,u1_0.created_at,u1_0.email,u1_0.enabled,u1_0.name,u1_0.otp,u1_0.otp_expiry,u1_0.password,u1_0.role from users u1_0 where u1_0.email=?
2026-03-30T04:10:11.570+05:30 DEBUG 25844 --- [nio-8085-exec-4] o.s.web.servlet.DispatcherServlet        : POST "/api/transactions", parameters={}
2026-03-30T04:10:11.570+05:30 DEBUG 25844 --- [nio-8085-exec-4] s.w.s.m.m.a.RequestMappingHandlerMapping : Mapped to com.ecotrack.backend.controller.TransactionController#create(User, TransactionRequest)
2026-03-30T04:10:11.573+05:30 DEBUG 25844 --- [nio-8085-exec-4] m.m.a.RequestResponseBodyMethodProcessor : Read "application/json;charset=UTF-8" to [TransactionRequest(marketplaceItemId=4)]
2026-03-30T04:10:11.575+05:30 DEBUG 25844 --- [nio-8085-exec-4] org.hibernate.SQL                        : select mi1_0.id,mi1_0.carbon_offset_value,mi1_0.created_at,mi1_0.description,mi1_0.item_name,mi1_0.item_type,mi1_0.price from marketplace mi1_0 where mi1_0.id=?
2026-03-30T04:10:11.580+05:30 DEBUG 25844 --- [nio-8085-exec-4] org.hibernate.SQL                        : insert into transactions (amount,created_at,marketplace_item_id,status,user_id) values (?,?,?,?,?) returning id
2026-03-30T04:10:11.588+05:30 DEBUG 25844 --- [nio-8085-exec-4] org.hibernate.SQL                        : insert into notifications (created_at,message,is_read,title,type,user_id) values (?,?,?,?,?,?) returning id
2026-03-30T04:10:11.590+05:30 DEBUG 25844 --- [nio-8085-exec-4] o.s.w.s.m.m.a.HttpEntityMethodProcessor  : Using 'application/json', given [*/*] and supported [application/json, application/*+json]
2026-03-30T04:10:11.590+05:30 DEBUG 25844 --- [nio-8085-exec-4] o.s.w.s.m.m.a.HttpEntityMethodProcessor  : Writing [{id=3, userId=2, userName=CarbonCalc Admin, marketplaceItemId=4, itemName=tree1, itemType=tree_plant (truncated)...]
2026-03-30T04:10:11.591+05:30 DEBUG 25844 --- [nio-8085-exec-4] o.s.web.servlet.DispatcherServlet        : Completed 200 OK
2026-03-30T04:10:11.598+05:30 DEBUG 25844 --- [nio-8085-exec-8] org.hibernate.SQL                        : select u1_0.id,u1_0.created_at,u1_0.email,u1_0.enabled,u1_0.name,u1_0.otp,u1_0.otp_expiry,u1_0.password,u1_0.role from users u1_0 where u1_0.email=?
2026-03-30T04:10:11.599+05:30 DEBUG 25844 --- [nio-8085-exec-2] org.hibernate.SQL                        : select u1_0.id,u1_0.created_at,u1_0.email,u1_0.enabled,u1_0.name,u1_0.otp,u1_0.otp_expiry,u1_0.password,u1_0.role from users u1_0 where u1_0.email=?
2026-03-30T04:10:11.599+05:30 DEBUG 25844 --- [nio-8085-exec-8] o.s.web.servlet.DispatcherServlet        : GET "/api/transactions/user/2", parameters={}
2026-03-30T04:10:11.600+05:30 DEBUG 25844 --- [nio-8085-exec-8] s.w.s.m.m.a.RequestMappingHandlerMapping : Mapped to com.ecotrack.backend.controller.TransactionController#getUserTransactions(User, Long)
2026-03-30T04:10:11.600+05:30 DEBUG 25844 --- [nio-8085-exec-2] o.s.web.servlet.DispatcherServlet        : GET "/api/marketplace", parameters={}
2026-03-30T04:10:11.601+05:30 DEBUG 25844 --- [nio-8085-exec-2] s.w.s.m.m.a.RequestMappingHandlerMapping : Mapped to com.ecotrack.backend.controller.MarketplaceController#getAll()
2026-03-30T04:10:11.601+05:30 DEBUG 25844 --- [nio-8085-exec-8] org.hibernate.SQL                        : select u1_0.id,u1_0.created_at,u1_0.email,u1_0.enabled,u1_0.name,u1_0.otp,u1_0.otp_expiry,u1_0.password,u1_0.role from users u1_0 where u1_0.id=?
2026-03-30T04:10:11.601+05:30 DEBUG 25844 --- [nio-8085-exec-2] org.hibernate.SQL                        : select mi1_0.id,mi1_0.carbon_offset_value,mi1_0.created_at,mi1_0.description,mi1_0.item_name,mi1_0.item_type,mi1_0.price from marketplace mi1_0 order by mi1_0.created_at desc
2026-03-30T04:10:11.602+05:30 DEBUG 25844 --- [nio-8085-exec-2] o.s.w.s.m.m.a.HttpEntityMethodProcessor  : Using 'application/json', given [*/*] and supported [application/json, application/*+json]
2026-03-30T04:10:11.603+05:30 DEBUG 25844 --- [nio-8085-exec-2] o.s.w.s.m.m.a.HttpEntityMethodProcessor  : Writing [[{id=4, itemName=tree1, itemType=tree_planting, price=2000.0, description=tree1 tree, carbonOffsetVa (truncated)...]
2026-03-30T04:10:11.603+05:30 DEBUG 25844 --- [nio-8085-exec-8] org.hibernate.SQL                        : select pt1_0.id,pt1_0.amount,pt1_0.created_at,pt1_0.marketplace_item_id,pt1_0.status,pt1_0.user_id from transactions pt1_0 where pt1_0.user_id=? order by pt1_0.created_at desc
2026-03-30T04:10:11.604+05:30 DEBUG 25844 --- [nio-8085-exec-2] o.s.web.servlet.DispatcherServlet        : Completed 200 OK
2026-03-30T04:10:11.605+05:30 DEBUG 25844 --- [nio-8085-exec-8] org.hibernate.SQL                        : select mi1_0.id,mi1_0.carbon_offset_value,mi1_0.created_at,mi1_0.description,mi1_0.item_name,mi1_0.item_type,mi1_0.price from marketplace mi1_0 where mi1_0.id=?
2026-03-30T04:10:11.607+05:30 DEBUG 25844 --- [nio-8085-exec-8] o.s.w.s.m.m.a.HttpEntityMethodProcessor  : Using 'application/json', given [*/*] and supported [application/json, application/*+json]
2026-03-30T04:10:11.607+05:30 DEBUG 25844 --- [nio-8085-exec-8] o.s.w.s.m.m.a.HttpEntityMethodProcessor  : Writing [[{id=3, userId=2, userName=CarbonCalc Admin, marketplaceItemId=4, itemName=tree1, itemType=tree_plan (truncated)...]
2026-03-30T04:10:11.608+05:30 DEBUG 25844 --- [nio-8085-exec-8] o.s.web.servlet.DispatcherServlet        : Completed 200 OK
2026-03-30T04:10:19.110+05:30 DEBUG 25844 --- [nio-8085-exec-1] org.hibernate.SQL                        : select u1_0.id,u1_0.created_at,u1_0.email,u1_0.enabled,u1_0.name,u1_0.otp,u1_0.otp_expiry,u1_0.password,u1_0.role from users u1_0 where u1_0.email=?
2026-03-30T04:10:19.110+05:30 DEBUG 25844 --- [nio-8085-exec-7] org.hibernate.SQL                        : select u1_0.id,u1_0.created_at,u1_0.email,u1_0.enabled,u1_0.name,u1_0.otp,u1_0.otp_expiry,u1_0.password,u1_0.role from users u1_0 where u1_0.email=?
2026-03-30T04:10:19.112+05:30 DEBUG 25844 --- [nio-8085-exec-1] o.s.web.servlet.DispatcherServlet        : GET "/api/admin/analytics", parameters={}
2026-03-30T04:10:19.112+05:30 DEBUG 25844 --- [nio-8085-exec-7] o.s.web.servlet.DispatcherServlet        : GET "/api/notifications", parameters={}
2026-03-30T04:10:19.112+05:30 DEBUG 25844 --- [nio-8085-exec-1] s.w.s.m.m.a.RequestMappingHandlerMapping : Mapped to com.ecotrack.backend.controller.AdminController#getAnalytics(User)
2026-03-30T04:10:19.113+05:30 DEBUG 25844 --- [nio-8085-exec-7] s.w.s.m.m.a.RequestMappingHandlerMapping : Mapped to com.ecotrack.backend.controller.NotificationController#getNotifications(User)
2026-03-30T04:10:19.114+05:30 DEBUG 25844 --- [nio-8085-exec-1] org.hibernate.SQL                        : select count(*) from users u1_0
2026-03-30T04:10:19.115+05:30 DEBUG 25844 --- [nio-8085-exec-7] org.hibernate.SQL                        : select un1_0.id,un1_0.created_at,un1_0.message,un1_0.is_read,un1_0.title,un1_0.type,un1_0.user_id from notifications un1_0 where un1_0.user_id=? order by un1_0.created_at desc
2026-03-30T04:10:19.116+05:30 DEBUG 25844 --- [nio-8085-exec-1] org.hibernate.SQL                        : select count(distinct ce1_0.user_id) from carbon_entries ce1_0
2026-03-30T04:10:19.116+05:30 DEBUG 25844 --- [nio-8085-exec-7] o.s.w.s.m.m.a.HttpEntityMethodProcessor  : Using 'application/json', given [*/*] and supported [application/json, application/*+json]
2026-03-30T04:10:19.117+05:30 DEBUG 25844 --- [nio-8085-exec-1] org.hibernate.SQL                        : select sum(ce1_0.amount) from carbon_entries ce1_0
2026-03-30T04:10:19.117+05:30 DEBUG 25844 --- [nio-8085-exec-7] o.s.w.s.m.m.a.HttpEntityMethodProcessor  : Writing [[{id=5, title=Purchase confirmed, message=You purchased tree1 for 2000.0 and offset 15.0 kg CO2e., t (truncated)...]
2026-03-30T04:10:19.118+05:30 DEBUG 25844 --- [nio-8085-exec-1] org.hibernate.SQL                        : select count(*) from goals g1_0
2026-03-30T04:10:19.118+05:30 DEBUG 25844 --- [nio-8085-exec-7] o.s.web.servlet.DispatcherServlet        : Completed 200 OK
2026-03-30T04:10:19.121+05:30 DEBUG 25844 --- [nio-8085-exec-1] org.hibernate.SQL                        : select g1_0.id,g1_0.category,g1_0.created_at,g1_0.current_progress,g1_0.deadline,g1_0.description,g1_0.status,g1_0.target_amount,g1_0.title,g1_0.user_id from goals g1_0
2026-03-30T04:10:19.123+05:30 DEBUG 25844 --- [nio-8085-exec-1] org.hibernate.SQL                        : select ce1_0.category,sum(ce1_0.amount) from carbon_entries ce1_0 group by ce1_0.category
2026-03-30T04:10:19.126+05:30 DEBUG 25844 --- [nio-8085-exec-1] org.hibernate.SQL                        : select u1_0.id,u1_0.created_at,u1_0.email,u1_0.enabled,u1_0.name,u1_0.otp,u1_0.otp_expiry,u1_0.password,u1_0.role from users u1_0
2026-03-30T04:10:19.127+05:30 DEBUG 25844 --- [nio-8085-exec-1] org.hibernate.SQL                        : select sum(ce1_0.amount) from carbon_entries ce1_0 where ce1_0.user_id=?
2026-03-30T04:10:19.129+05:30 DEBUG 25844 --- [nio-8085-exec-1] org.hibernate.SQL                        : select sum(ce1_0.amount) from carbon_entries ce1_0 where ce1_0.user_id=?
2026-03-30T04:10:19.130+05:30 DEBUG 25844 --- [nio-8085-exec-1] org.hibernate.SQL                        : select sum(ce1_0.amount) from carbon_entries ce1_0 where ce1_0.user_id=?
2026-03-30T04:10:19.131+05:30 DEBUG 25844 --- [nio-8085-exec-1] org.hibernate.SQL                        : select sum(ce1_0.amount) from carbon_entries ce1_0 where ce1_0.user_id=?
2026-03-30T04:10:19.131+05:30 DEBUG 25844 --- [nio-8085-exec-1] o.s.w.s.m.m.a.HttpEntityMethodProcessor  : Using 'application/json', given [*/*] and supported [application/json, application/*+json]
2026-03-30T04:10:19.132+05:30 DEBUG 25844 --- [nio-8085-exec-1] o.s.w.s.m.m.a.HttpEntityMethodProcessor  : Writing [{totalUsers=4, activeUsers=3, totalCo2Kg=51.9, totalCarbonKg=51.9, avgCo2PerUser=13.0, avgCarbonPerU (truncated)...]
2026-03-30T04:10:19.133+05:30 DEBUG 25844 --- [nio-8085-exec-1] o.s.web.servlet.DispatcherServlet        : Completed 200 OK
2026-03-30T04:10:19.137+05:30 DEBUG 25844 --- [nio-8085-exec-9] org.hibernate.SQL                        : select u1_0.id,u1_0.created_at,u1_0.email,u1_0.enabled,u1_0.name,u1_0.otp,u1_0.otp_expiry,u1_0.password,u1_0.role from users u1_0 where u1_0.email=?
2026-03-30T04:10:19.140+05:30 DEBUG 25844 --- [nio-8085-exec-9] o.s.web.servlet.DispatcherServlet        : GET "/api/admin/analytics", parameters={}
2026-03-30T04:10:19.140+05:30 DEBUG 25844 --- [nio-8085-exec-9] s.w.s.m.m.a.RequestMappingHandlerMapping : Mapped to com.ecotrack.backend.controller.AdminController#getAnalytics(User)
2026-03-30T04:10:19.141+05:30 DEBUG 25844 --- [nio-8085-exec-9] org.hibernate.SQL                        : select count(*) from users u1_0
2026-03-30T04:10:19.142+05:30 DEBUG 25844 --- [nio-8085-exec-9] org.hibernate.SQL                        : select count(distinct ce1_0.user_id) from carbon_entries ce1_0
2026-03-30T04:10:19.143+05:30 DEBUG 25844 --- [nio-8085-exec-9] org.hibernate.SQL                        : select sum(ce1_0.amount) from carbon_entries ce1_0
2026-03-30T04:10:19.144+05:30 DEBUG 25844 --- [nio-8085-exec-9] org.hibernate.SQL                        : select count(*) from goals g1_0
2026-03-30T04:10:19.146+05:30 DEBUG 25844 --- [nio-8085-exec-9] org.hibernate.SQL                        : select g1_0.id,g1_0.category,g1_0.created_at,g1_0.current_progress,g1_0.deadline,g1_0.description,g1_0.status,g1_0.target_amount,g1_0.title,g1_0.user_id from goals g1_0
2026-03-30T04:10:19.148+05:30 DEBUG 25844 --- [nio-8085-exec-9] org.hibernate.SQL                        : select ce1_0.category,sum(ce1_0.amount) from carbon_entries ce1_0 group by ce1_0.category
2026-03-30T04:10:19.150+05:30 DEBUG 25844 --- [nio-8085-exec-9] org.hibernate.SQL                        : select u1_0.id,u1_0.created_at,u1_0.email,u1_0.enabled,u1_0.name,u1_0.otp,u1_0.otp_expiry,u1_0.password,u1_0.role from users u1_0
2026-03-30T04:10:19.152+05:30 DEBUG 25844 --- [nio-8085-exec-9] org.hibernate.SQL                        : select sum(ce1_0.amount) from carbon_entries ce1_0 where ce1_0.user_id=?
2026-03-30T04:10:19.154+05:30 DEBUG 25844 --- [nio-8085-exec-9] org.hibernate.SQL                        : select sum(ce1_0.amount) from carbon_entries ce1_0 where ce1_0.user_id=?
2026-03-30T04:10:19.155+05:30 DEBUG 25844 --- [nio-8085-exec-9] org.hibernate.SQL                        : select sum(ce1_0.amount) from carbon_entries ce1_0 where ce1_0.user_id=?
2026-03-30T04:10:19.156+05:30 DEBUG 25844 --- [nio-8085-exec-9] org.hibernate.SQL                        : select sum(ce1_0.amount) from carbon_entries ce1_0 where ce1_0.user_id=?
2026-03-30T04:10:19.157+05:30 DEBUG 25844 --- [nio-8085-exec-9] o.s.w.s.m.m.a.HttpEntityMethodProcessor  : Using 'application/json', given [*/*] and supported [application/json, application/*+json]
2026-03-30T04:10:19.158+05:30 DEBUG 25844 --- [nio-8085-exec-9] o.s.w.s.m.m.a.HttpEntityMethodProcessor  : Writing [{totalUsers=4, activeUsers=3, totalCo2Kg=51.9, totalCarbonKg=51.9, avgCo2PerUser=13.0, avgCarbonPerU (truncated)...]
2026-03-30T04:10:19.158+05:30 DEBUG 25844 --- [nio-8085-exec-9] o.s.web.servlet.DispatcherServlet        : Completed 200 OK
2026-03-30T04:10:20.048+05:30 DEBUG 25844 --- [io-8085-exec-10] org.hibernate.SQL                        : select u1_0.id,u1_0.created_at,u1_0.email,u1_0.enabled,u1_0.name,u1_0.otp,u1_0.otp_expiry,u1_0.password,u1_0.role from users u1_0 where u1_0.email=?
2026-03-30T04:10:20.053+05:30 DEBUG 25844 --- [io-8085-exec-10] o.s.web.servlet.DispatcherServlet        : GET "/api/notifications", parameters={}
2026-03-30T04:10:20.053+05:30 DEBUG 25844 --- [io-8085-exec-10] s.w.s.m.m.a.RequestMappingHandlerMapping : Mapped to com.ecotrack.backend.controller.NotificationController#getNotifications(User)
2026-03-30T04:10:20.056+05:30 DEBUG 25844 --- [io-8085-exec-10] org.hibernate.SQL                        : select un1_0.id,un1_0.created_at,un1_0.message,un1_0.is_read,un1_0.title,un1_0.type,un1_0.user_id from notifications un1_0 where un1_0.user_id=? order by un1_0.created_at desc
2026-03-30T04:10:20.057+05:30 DEBUG 25844 --- [io-8085-exec-10] o.s.w.s.m.m.a.HttpEntityMethodProcessor  : Using 'application/json', given [*/*] and supported [application/json, application/*+json]
2026-03-30T04:10:20.058+05:30 DEBUG 25844 --- [io-8085-exec-10] o.s.w.s.m.m.a.HttpEntityMethodProcessor  : Writing [[{id=5, title=Purchase confirmed, message=You purchased tree1 for 2000.0 and offset 15.0 kg CO2e., t (truncated)...]
2026-03-30T04:10:20.059+05:30 DEBUG 25844 --- [io-8085-exec-10] o.s.web.servlet.DispatcherServlet        : Completed 200 OK
2026-03-30T04:10:20.065+05:30 DEBUG 25844 --- [nio-8085-exec-4] org.hibernate.SQL                        : select u1_0.id,u1_0.created_at,u1_0.email,u1_0.enabled,u1_0.name,u1_0.otp,u1_0.otp_expiry,u1_0.password,u1_0.role from users u1_0 where u1_0.email=?
2026-03-30T04:10:20.067+05:30 DEBUG 25844 --- [nio-8085-exec-4] o.s.web.servlet.DispatcherServlet        : GET "/api/notifications", parameters={}
2026-03-30T04:10:20.067+05:30 DEBUG 25844 --- [nio-8085-exec-4] s.w.s.m.m.a.RequestMappingHandlerMapping : Mapped to com.ecotrack.backend.controller.NotificationController#getNotifications(User)
2026-03-30T04:10:20.068+05:30 DEBUG 25844 --- [nio-8085-exec-4] org.hibernate.SQL                        : select un1_0.id,un1_0.created_at,un1_0.message,un1_0.is_read,un1_0.title,un1_0.type,un1_0.user_id from notifications un1_0 where un1_0.user_id=? order by un1_0.created_at desc
2026-03-30T04:10:20.070+05:30 DEBUG 25844 --- [nio-8085-exec-4] o.s.w.s.m.m.a.HttpEntityMethodProcessor  : Using 'application/json', given [*/*] and supported [application/json, application/*+json]
2026-03-30T04:10:20.070+05:30 DEBUG 25844 --- [nio-8085-exec-4] o.s.w.s.m.m.a.HttpEntityMethodProcessor  : Writing [[{id=5, title=Purchase confirmed, message=You purchased tree1 for 2000.0 and offset 15.0 kg CO2e., t (truncated)...]
2026-03-30T04:10:20.071+05:30 DEBUG 25844 --- [nio-8085-exec-4] o.s.web.servlet.DispatcherServlet        : Completed 200 OK
2026-03-30T04:10:20.076+05:30 DEBUG 25844 --- [nio-8085-exec-2] org.hibernate.SQL                        : select u1_0.id,u1_0.created_at,u1_0.email,u1_0.enabled,u1_0.name,u1_0.otp,u1_0.otp_expiry,u1_0.password,u1_0.role from users u1_0 where u1_0.email=?
2026-03-30T04:10:20.078+05:30 DEBUG 25844 --- [nio-8085-exec-2] o.s.web.servlet.DispatcherServlet        : GET "/api/notifications", parameters={}
2026-03-30T04:10:20.079+05:30 DEBUG 25844 --- [nio-8085-exec-2] s.w.s.m.m.a.RequestMappingHandlerMapping : Mapped to com.ecotrack.backend.controller.NotificationController#getNotifications(User)
2026-03-30T04:10:20.081+05:30 DEBUG 25844 --- [nio-8085-exec-2] org.hibernate.SQL                        : select un1_0.id,un1_0.created_at,un1_0.message,un1_0.is_read,un1_0.title,un1_0.type,un1_0.user_id from notifications un1_0 where un1_0.user_id=? order by un1_0.created_at desc
2026-03-30T04:10:20.082+05:30 DEBUG 25844 --- [nio-8085-exec-2] o.s.w.s.m.m.a.HttpEntityMethodProcessor  : Using 'application/json', given [*/*] and supported [application/json, application/*+json]
2026-03-30T04:10:20.083+05:30 DEBUG 25844 --- [nio-8085-exec-2] o.s.w.s.m.m.a.HttpEntityMethodProcessor  : Writing [[{id=5, title=Purchase confirmed, message=You purchased tree1 for 2000.0 and offset 15.0 kg CO2e., t (truncated)...]
2026-03-30T04:10:20.084+05:30 DEBUG 25844 --- [nio-8085-exec-2] o.s.web.servlet.DispatcherServlet        : Completed 200 OK
2026-03-30T04:10:26.700+05:30 DEBUG 25844 --- [nio-8085-exec-6] org.hibernate.SQL                        : select u1_0.id,u1_0.created_at,u1_0.email,u1_0.enabled,u1_0.name,u1_0.otp,u1_0.otp_expiry,u1_0.password,u1_0.role from users u1_0 where u1_0.email=?
2026-03-30T04:10:26.700+05:30 DEBUG 25844 --- [nio-8085-exec-7] org.hibernate.SQL                        : select u1_0.id,u1_0.created_at,u1_0.email,u1_0.enabled,u1_0.name,u1_0.otp,u1_0.otp_expiry,u1_0.password,u1_0.role from users u1_0 where u1_0.email=?
2026-03-30T04:10:26.705+05:30 DEBUG 25844 --- [nio-8085-exec-6] o.s.web.servlet.DispatcherServlet        : GET "/api/leaderboard", parameters={}
2026-03-30T04:10:26.705+05:30 DEBUG 25844 --- [nio-8085-exec-7] o.s.web.servlet.DispatcherServlet        : GET "/api/notifications", parameters={}
2026-03-30T04:10:26.706+05:30 DEBUG 25844 --- [nio-8085-exec-6] s.w.s.m.m.a.RequestMappingHandlerMapping : Mapped to com.ecotrack.backend.controller.LeaderboardController#get(User)
2026-03-30T04:10:26.706+05:30 DEBUG 25844 --- [nio-8085-exec-7] s.w.s.m.m.a.RequestMappingHandlerMapping : Mapped to com.ecotrack.backend.controller.NotificationController#getNotifications(User)
2026-03-30T04:10:26.708+05:30 DEBUG 25844 --- [nio-8085-exec-6] org.hibernate.SQL                        : select ce1_0.id from carbon_entries ce1_0 where ce1_0.user_id=? fetch first ? rows only
2026-03-30T04:10:26.708+05:30 DEBUG 25844 --- [nio-8085-exec-7] org.hibernate.SQL                        : select un1_0.id,un1_0.created_at,un1_0.message,un1_0.is_read,un1_0.title,un1_0.type,un1_0.user_id from notifications un1_0 where un1_0.user_id=? order by un1_0.created_at desc
2026-03-30T04:10:26.710+05:30 DEBUG 25844 --- [nio-8085-exec-6] org.hibernate.SQL                        : select u1_0.id,u1_0.created_at,u1_0.email,u1_0.enabled,u1_0.name,u1_0.otp,u1_0.otp_expiry,u1_0.password,u1_0.role from users u1_0
2026-03-30T04:10:26.710+05:30 DEBUG 25844 --- [nio-8085-exec-7] o.s.w.s.m.m.a.HttpEntityMethodProcessor  : Using 'application/json', given [*/*] and supported [application/json, application/*+json]
2026-03-30T04:10:26.710+05:30 DEBUG 25844 --- [nio-8085-exec-7] o.s.w.s.m.m.a.HttpEntityMethodProcessor  : Writing [[{id=5, title=Purchase confirmed, message=You purchased tree1 for 2000.0 and offset 15.0 kg CO2e., t (truncated)...]
2026-03-30T04:10:26.711+05:30 DEBUG 25844 --- [nio-8085-exec-7] o.s.web.servlet.DispatcherServlet        : Completed 200 OK
2026-03-30T04:10:26.711+05:30 DEBUG 25844 --- [nio-8085-exec-6] org.hibernate.SQL                        : select ce1_0.id from carbon_entries ce1_0 where ce1_0.user_id=? fetch first ? rows only
2026-03-30T04:10:26.713+05:30 DEBUG 25844 --- [nio-8085-exec-6] org.hibernate.SQL                        : select ce1_0.id from carbon_entries ce1_0 where ce1_0.user_id=? fetch first ? rows only
2026-03-30T04:10:26.714+05:30 DEBUG 25844 --- [nio-8085-exec-6] org.hibernate.SQL                        : select sum(ce1_0.amount) from carbon_entries ce1_0 where ce1_0.user_id=?
2026-03-30T04:10:26.714+05:30 DEBUG 25844 --- [nio-8085-exec-6] org.hibernate.SQL                        : select sum(ce1_0.amount) from carbon_entries ce1_0 where ce1_0.user_id=?
2026-03-30T04:10:26.715+05:30 DEBUG 25844 --- [nio-8085-exec-6] org.hibernate.SQL                        : select ce1_0.category,sum(ce1_0.amount) from carbon_entries ce1_0 where ce1_0.user_id=? group by ce1_0.category
2026-03-30T04:10:26.716+05:30 DEBUG 25844 --- [nio-8085-exec-6] org.hibernate.SQL                        : select ls1_0.id,ls1_0.buys_local_food,ls1_0.buys_second_hand,ls1_0.car_type,ls1_0.diet_type,ls1_0.estimated_annual_footprint,ls1_0.has_renewable_energy,ls1_0.home_heating,ls1_0.long_flights_per_year,ls1_0.meat_meals_per_week,ls1_0.monthly_electricity_kwh,ls1_0.primary_transport,ls1_0.shopping_habits,ls1_0.short_flights_per_year,ls1_0.user_id,ls1_0.weekly_driving_km from lifestyle_surveys ls1_0 where ls1_0.user_id=?
2026-03-30T04:10:26.718+05:30 DEBUG 25844 --- [nio-8085-exec-6] org.hibernate.SQL                        : select count(g1_0.id) from goals g1_0 where g1_0.user_id=? and g1_0.status=?
2026-03-30T04:10:26.718+05:30 DEBUG 25844 --- [nio-8085-exec-6] org.hibernate.SQL                        : select ce1_0.id,ce1_0.activity,ce1_0.amount,ce1_0.category,ce1_0.created_at,ce1_0.date,ce1_0.notes,ce1_0.unit,ce1_0.user_id from carbon_entries ce1_0 where ce1_0.user_id=? order by ce1_0.date desc,ce1_0.created_at desc
2026-03-30T04:10:26.719+05:30 DEBUG 25844 --- [nio-8085-exec-6] org.hibernate.SQL                        : select sum(ce1_0.amount) from carbon_entries ce1_0 where ce1_0.user_id=? and ce1_0.date>=? and ce1_0.date<=?
2026-03-30T04:10:26.721+05:30 DEBUG 25844 --- [nio-8085-exec-6] org.hibernate.SQL                        : select b1_0.id,b1_0.active,b1_0.bg_color,b1_0.category,b1_0.color,b1_0.created_at,b1_0.created_by,b1_0.description,b1_0.icon,b1_0.name,b1_0.threshold_kg from badges b1_0 where b1_0.active
2026-03-30T04:10:26.722+05:30 DEBUG 25844 --- [nio-8085-exec-6] org.hibernate.SQL                        : select ce1_0.id from carbon_entries ce1_0 where ce1_0.user_id=? fetch first ? rows only
2026-03-30T04:10:26.723+05:30 DEBUG 25844 --- [nio-8085-exec-6] org.hibernate.SQL                        : select sum(ce1_0.amount) from carbon_entries ce1_0 where ce1_0.user_id=?
2026-03-30T04:10:26.724+05:30 DEBUG 25844 --- [nio-8085-exec-6] org.hibernate.SQL                        : select sum(ce1_0.amount) from carbon_entries ce1_0 where ce1_0.user_id=?
2026-03-30T04:10:26.725+05:30 DEBUG 25844 --- [nio-8085-exec-6] org.hibernate.SQL                        : select ce1_0.category,sum(ce1_0.amount) from carbon_entries ce1_0 where ce1_0.user_id=? group by ce1_0.category
2026-03-30T04:10:26.726+05:30 DEBUG 25844 --- [nio-8085-exec-6] org.hibernate.SQL                        : select ls1_0.id,ls1_0.buys_local_food,ls1_0.buys_second_hand,ls1_0.car_type,ls1_0.diet_type,ls1_0.estimated_annual_footprint,ls1_0.has_renewable_energy,ls1_0.home_heating,ls1_0.long_flights_per_year,ls1_0.meat_meals_per_week,ls1_0.monthly_electricity_kwh,ls1_0.primary_transport,ls1_0.shopping_habits,ls1_0.short_flights_per_year,ls1_0.user_id,ls1_0.weekly_driving_km from lifestyle_surveys ls1_0 where ls1_0.user_id=?
2026-03-30T04:10:26.728+05:30 DEBUG 25844 --- [nio-8085-exec-6] org.hibernate.SQL                        : select count(g1_0.id) from goals g1_0 where g1_0.user_id=? and g1_0.status=?
2026-03-30T04:10:26.729+05:30 DEBUG 25844 --- [nio-8085-exec-6] org.hibernate.SQL                        : select ce1_0.id,ce1_0.activity,ce1_0.amount,ce1_0.category,ce1_0.created_at,ce1_0.date,ce1_0.notes,ce1_0.unit,ce1_0.user_id from carbon_entries ce1_0 where ce1_0.user_id=? order by ce1_0.date desc,ce1_0.created_at desc
2026-03-30T04:10:26.730+05:30 DEBUG 25844 --- [nio-8085-exec-6] org.hibernate.SQL                        : select sum(ce1_0.amount) from carbon_entries ce1_0 where ce1_0.user_id=? and ce1_0.date>=? and ce1_0.date<=?
2026-03-30T04:10:26.731+05:30 DEBUG 25844 --- [nio-8085-exec-6] org.hibernate.SQL                        : select b1_0.id,b1_0.active,b1_0.bg_color,b1_0.category,b1_0.color,b1_0.created_at,b1_0.created_by,b1_0.description,b1_0.icon,b1_0.name,b1_0.threshold_kg from badges b1_0 where b1_0.active
2026-03-30T04:10:26.732+05:30 DEBUG 25844 --- [nio-8085-exec-6] org.hibernate.SQL                        : select ce1_0.id from carbon_entries ce1_0 where ce1_0.user_id=? fetch first ? rows only
2026-03-30T04:10:26.733+05:30 DEBUG 25844 --- [nio-8085-exec-6] org.hibernate.SQL                        : select sum(ce1_0.amount) from carbon_entries ce1_0 where ce1_0.user_id=?
2026-03-30T04:10:26.734+05:30 DEBUG 25844 --- [nio-8085-exec-6] org.hibernate.SQL                        : select sum(ce1_0.amount) from carbon_entries ce1_0 where ce1_0.user_id=?
2026-03-30T04:10:26.735+05:30 DEBUG 25844 --- [nio-8085-exec-6] org.hibernate.SQL                        : select ce1_0.category,sum(ce1_0.amount) from carbon_entries ce1_0 where ce1_0.user_id=? group by ce1_0.category
2026-03-30T04:10:26.736+05:30 DEBUG 25844 --- [nio-8085-exec-6] org.hibernate.SQL                        : select ls1_0.id,ls1_0.buys_local_food,ls1_0.buys_second_hand,ls1_0.car_type,ls1_0.diet_type,ls1_0.estimated_annual_footprint,ls1_0.has_renewable_energy,ls1_0.home_heating,ls1_0.long_flights_per_year,ls1_0.meat_meals_per_week,ls1_0.monthly_electricity_kwh,ls1_0.primary_transport,ls1_0.shopping_habits,ls1_0.short_flights_per_year,ls1_0.user_id,ls1_0.weekly_driving_km from lifestyle_surveys ls1_0 where ls1_0.user_id=?
2026-03-30T04:10:26.737+05:30 DEBUG 25844 --- [nio-8085-exec-6] org.hibernate.SQL                        : select count(g1_0.id) from goals g1_0 where g1_0.user_id=? and g1_0.status=?
2026-03-30T04:10:26.738+05:30 DEBUG 25844 --- [nio-8085-exec-6] org.hibernate.SQL                        : select ce1_0.id,ce1_0.activity,ce1_0.amount,ce1_0.category,ce1_0.created_at,ce1_0.date,ce1_0.notes,ce1_0.unit,ce1_0.user_id from carbon_entries ce1_0 where ce1_0.user_id=? order by ce1_0.date desc,ce1_0.created_at desc
2026-03-30T04:10:26.739+05:30 DEBUG 25844 --- [nio-8085-exec-6] org.hibernate.SQL                        : select sum(ce1_0.amount) from carbon_entries ce1_0 where ce1_0.user_id=? and ce1_0.date>=? and ce1_0.date<=?
2026-03-30T04:10:26.740+05:30 DEBUG 25844 --- [nio-8085-exec-6] org.hibernate.SQL                        : select b1_0.id,b1_0.active,b1_0.bg_color,b1_0.category,b1_0.color,b1_0.created_at,b1_0.created_by,b1_0.description,b1_0.icon,b1_0.name,b1_0.threshold_kg from badges b1_0 where b1_0.active
2026-03-30T04:10:26.741+05:30 DEBUG 25844 --- [nio-8085-exec-6] org.hibernate.SQL                        : select sum(ce1_0.amount) from carbon_entries ce1_0 where ce1_0.user_id=?
2026-03-30T04:10:26.741+05:30 DEBUG 25844 --- [nio-8085-exec-6] o.s.w.s.m.m.a.HttpEntityMethodProcessor  : Using 'application/json', given [*/*] and supported [application/json, application/*+json]
2026-03-30T04:10:26.742+05:30 DEBUG 25844 --- [nio-8085-exec-6] o.s.w.s.m.m.a.HttpEntityMethodProcessor  : Writing [{entries=[{userId=3, userName=Ava Green, totalCarbonKg=4.3, score=495.7, badgeCount=5, isCurrentUser (truncated)...]
2026-03-30T04:10:26.742+05:30 DEBUG 25844 --- [nio-8085-exec-6] o.s.web.servlet.DispatcherServlet        : Completed 200 OK
2026-03-30T04:10:26.748+05:30 DEBUG 25844 --- [nio-8085-exec-1] org.hibernate.SQL                        : select u1_0.id,u1_0.created_at,u1_0.email,u1_0.enabled,u1_0.name,u1_0.otp,u1_0.otp_expiry,u1_0.password,u1_0.role from users u1_0 where u1_0.email=?
2026-03-30T04:10:26.749+05:30 DEBUG 25844 --- [nio-8085-exec-1] o.s.web.servlet.DispatcherServlet        : GET "/api/leaderboard", parameters={}
2026-03-30T04:10:26.749+05:30 DEBUG 25844 --- [nio-8085-exec-1] s.w.s.m.m.a.RequestMappingHandlerMapping : Mapped to com.ecotrack.backend.controller.LeaderboardController#get(User)
2026-03-30T04:10:26.751+05:30 DEBUG 25844 --- [nio-8085-exec-1] org.hibernate.SQL                        : select ce1_0.id from carbon_entries ce1_0 where ce1_0.user_id=? fetch first ? rows only
2026-03-30T04:10:26.752+05:30 DEBUG 25844 --- [nio-8085-exec-1] org.hibernate.SQL                        : select u1_0.id,u1_0.created_at,u1_0.email,u1_0.enabled,u1_0.name,u1_0.otp,u1_0.otp_expiry,u1_0.password,u1_0.role from users u1_0
2026-03-30T04:10:26.753+05:30 DEBUG 25844 --- [nio-8085-exec-1] org.hibernate.SQL                        : select ce1_0.id from carbon_entries ce1_0 where ce1_0.user_id=? fetch first ? rows only
2026-03-30T04:10:26.754+05:30 DEBUG 25844 --- [nio-8085-exec-1] org.hibernate.SQL                        : select ce1_0.id from carbon_entries ce1_0 where ce1_0.user_id=? fetch first ? rows only
2026-03-30T04:10:26.756+05:30 DEBUG 25844 --- [nio-8085-exec-1] org.hibernate.SQL                        : select sum(ce1_0.amount) from carbon_entries ce1_0 where ce1_0.user_id=?
2026-03-30T04:10:26.757+05:30 DEBUG 25844 --- [nio-8085-exec-1] org.hibernate.SQL                        : select sum(ce1_0.amount) from carbon_entries ce1_0 where ce1_0.user_id=?
2026-03-30T04:10:26.758+05:30 DEBUG 25844 --- [nio-8085-exec-1] org.hibernate.SQL                        : select ce1_0.category,sum(ce1_0.amount) from carbon_entries ce1_0 where ce1_0.user_id=? group by ce1_0.category
2026-03-30T04:10:26.760+05:30 DEBUG 25844 --- [nio-8085-exec-1] org.hibernate.SQL                        : select ls1_0.id,ls1_0.buys_local_food,ls1_0.buys_second_hand,ls1_0.car_type,ls1_0.diet_type,ls1_0.estimated_annual_footprint,ls1_0.has_renewable_energy,ls1_0.home_heating,ls1_0.long_flights_per_year,ls1_0.meat_meals_per_week,ls1_0.monthly_electricity_kwh,ls1_0.primary_transport,ls1_0.shopping_habits,ls1_0.short_flights_per_year,ls1_0.user_id,ls1_0.weekly_driving_km from lifestyle_surveys ls1_0 where ls1_0.user_id=?
2026-03-30T04:10:26.764+05:30 DEBUG 25844 --- [nio-8085-exec-1] org.hibernate.SQL                        : select count(g1_0.id) from goals g1_0 where g1_0.user_id=? and g1_0.status=?
2026-03-30T04:10:26.766+05:30 DEBUG 25844 --- [nio-8085-exec-1] org.hibernate.SQL                        : select ce1_0.id,ce1_0.activity,ce1_0.amount,ce1_0.category,ce1_0.created_at,ce1_0.date,ce1_0.notes,ce1_0.unit,ce1_0.user_id from carbon_entries ce1_0 where ce1_0.user_id=? order by ce1_0.date desc,ce1_0.created_at desc
2026-03-30T04:10:26.768+05:30 DEBUG 25844 --- [nio-8085-exec-1] org.hibernate.SQL                        : select sum(ce1_0.amount) from carbon_entries ce1_0 where ce1_0.user_id=? and ce1_0.date>=? and ce1_0.date<=?
2026-03-30T04:10:26.769+05:30 DEBUG 25844 --- [nio-8085-exec-1] org.hibernate.SQL                        : select b1_0.id,b1_0.active,b1_0.bg_color,b1_0.category,b1_0.color,b1_0.created_at,b1_0.created_by,b1_0.description,b1_0.icon,b1_0.name,b1_0.threshold_kg from badges b1_0 where b1_0.active
2026-03-30T04:10:26.773+05:30 DEBUG 25844 --- [nio-8085-exec-1] org.hibernate.SQL                        : select ce1_0.id from carbon_entries ce1_0 where ce1_0.user_id=? fetch first ? rows only
2026-03-30T04:10:26.774+05:30 DEBUG 25844 --- [nio-8085-exec-1] org.hibernate.SQL                        : select sum(ce1_0.amount) from carbon_entries ce1_0 where ce1_0.user_id=?
2026-03-30T04:10:26.776+05:30 DEBUG 25844 --- [nio-8085-exec-1] org.hibernate.SQL                        : select sum(ce1_0.amount) from carbon_entries ce1_0 where ce1_0.user_id=?
2026-03-30T04:10:26.777+05:30 DEBUG 25844 --- [nio-8085-exec-1] org.hibernate.SQL                        : select ce1_0.category,sum(ce1_0.amount) from carbon_entries ce1_0 where ce1_0.user_id=? group by ce1_0.category
2026-03-30T04:10:26.779+05:30 DEBUG 25844 --- [nio-8085-exec-1] org.hibernate.SQL                        : select ls1_0.id,ls1_0.buys_local_food,ls1_0.buys_second_hand,ls1_0.car_type,ls1_0.diet_type,ls1_0.estimated_annual_footprint,ls1_0.has_renewable_energy,ls1_0.home_heating,ls1_0.long_flights_per_year,ls1_0.meat_meals_per_week,ls1_0.monthly_electricity_kwh,ls1_0.primary_transport,ls1_0.shopping_habits,ls1_0.short_flights_per_year,ls1_0.user_id,ls1_0.weekly_driving_km from lifestyle_surveys ls1_0 where ls1_0.user_id=?
2026-03-30T04:10:26.781+05:30 DEBUG 25844 --- [nio-8085-exec-1] org.hibernate.SQL                        : select count(g1_0.id) from goals g1_0 where g1_0.user_id=? and g1_0.status=?
2026-03-30T04:10:26.783+05:30 DEBUG 25844 --- [nio-8085-exec-1] org.hibernate.SQL                        : select ce1_0.id,ce1_0.activity,ce1_0.amount,ce1_0.category,ce1_0.created_at,ce1_0.date,ce1_0.notes,ce1_0.unit,ce1_0.user_id from carbon_entries ce1_0 where ce1_0.user_id=? order by ce1_0.date desc,ce1_0.created_at desc
2026-03-30T04:10:26.785+05:30 DEBUG 25844 --- [nio-8085-exec-1] org.hibernate.SQL                        : select sum(ce1_0.amount) from carbon_entries ce1_0 where ce1_0.user_id=? and ce1_0.date>=? and ce1_0.date<=?
2026-03-30T04:10:26.786+05:30 DEBUG 25844 --- [nio-8085-exec-1] org.hibernate.SQL                        : select b1_0.id,b1_0.active,b1_0.bg_color,b1_0.category,b1_0.color,b1_0.created_at,b1_0.created_by,b1_0.description,b1_0.icon,b1_0.name,b1_0.threshold_kg from badges b1_0 where b1_0.active
2026-03-30T04:10:26.787+05:30 DEBUG 25844 --- [nio-8085-exec-1] org.hibernate.SQL                        : select ce1_0.id from carbon_entries ce1_0 where ce1_0.user_id=? fetch first ? rows only
2026-03-30T04:10:26.788+05:30 DEBUG 25844 --- [nio-8085-exec-1] org.hibernate.SQL                        : select sum(ce1_0.amount) from carbon_entries ce1_0 where ce1_0.user_id=?
2026-03-30T04:10:26.789+05:30 DEBUG 25844 --- [nio-8085-exec-1] org.hibernate.SQL                        : select sum(ce1_0.amount) from carbon_entries ce1_0 where ce1_0.user_id=?
2026-03-30T04:10:26.789+05:30 DEBUG 25844 --- [nio-8085-exec-1] org.hibernate.SQL                        : select ce1_0.category,sum(ce1_0.amount) from carbon_entries ce1_0 where ce1_0.user_id=? group by ce1_0.category
2026-03-30T04:10:26.790+05:30 DEBUG 25844 --- [nio-8085-exec-1] org.hibernate.SQL                        : select ls1_0.id,ls1_0.buys_local_food,ls1_0.buys_second_hand,ls1_0.car_type,ls1_0.diet_type,ls1_0.estimated_annual_footprint,ls1_0.has_renewable_energy,ls1_0.home_heating,ls1_0.long_flights_per_year,ls1_0.meat_meals_per_week,ls1_0.monthly_electricity_kwh,ls1_0.primary_transport,ls1_0.shopping_habits,ls1_0.short_flights_per_year,ls1_0.user_id,ls1_0.weekly_driving_km from lifestyle_surveys ls1_0 where ls1_0.user_id=?
2026-03-30T04:10:26.792+05:30 DEBUG 25844 --- [nio-8085-exec-1] org.hibernate.SQL                        : select count(g1_0.id) from goals g1_0 where g1_0.user_id=? and g1_0.status=?
2026-03-30T04:10:26.793+05:30 DEBUG 25844 --- [nio-8085-exec-1] org.hibernate.SQL                        : select ce1_0.id,ce1_0.activity,ce1_0.amount,ce1_0.category,ce1_0.created_at,ce1_0.date,ce1_0.notes,ce1_0.unit,ce1_0.user_id from carbon_entries ce1_0 where ce1_0.user_id=? order by ce1_0.date desc,ce1_0.created_at desc
2026-03-30T04:10:26.794+05:30 DEBUG 25844 --- [nio-8085-exec-1] org.hibernate.SQL                        : select sum(ce1_0.amount) from carbon_entries ce1_0 where ce1_0.user_id=? and ce1_0.date>=? and ce1_0.date<=?
2026-03-30T04:10:26.795+05:30 DEBUG 25844 --- [nio-8085-exec-1] org.hibernate.SQL                        : select b1_0.id,b1_0.active,b1_0.bg_color,b1_0.category,b1_0.color,b1_0.created_at,b1_0.created_by,b1_0.description,b1_0.icon,b1_0.name,b1_0.threshold_kg from badges b1_0 where b1_0.active
2026-03-30T04:10:26.796+05:30 DEBUG 25844 --- [nio-8085-exec-1] org.hibernate.SQL                        : select sum(ce1_0.amount) from carbon_entries ce1_0 where ce1_0.user_id=?
2026-03-30T04:10:26.797+05:30 DEBUG 25844 --- [nio-8085-exec-1] o.s.w.s.m.m.a.HttpEntityMethodProcessor  : Using 'application/json', given [*/*] and supported [application/json, application/*+json]
2026-03-30T04:10:26.797+05:30 DEBUG 25844 --- [nio-8085-exec-1] o.s.w.s.m.m.a.HttpEntityMethodProcessor  : Writing [{entries=[{userId=3, userName=Ava Green, totalCarbonKg=4.3, score=495.7, badgeCount=5, isCurrentUser (truncated)...]
2026-03-30T04:10:26.798+05:30 DEBUG 25844 --- [nio-8085-exec-1] o.s.web.servlet.DispatcherServlet        : Completed 200 OK
2026-03-30T04:10:28.473+05:30 DEBUG 25844 --- [nio-8085-exec-4] org.hibernate.SQL                        : select u1_0.id,u1_0.created_at,u1_0.email,u1_0.enabled,u1_0.name,u1_0.otp,u1_0.otp_expiry,u1_0.password,u1_0.role from users u1_0 where u1_0.email=?
2026-03-30T04:10:28.476+05:30 DEBUG 25844 --- [nio-8085-exec-2] org.hibernate.SQL                        : select u1_0.id,u1_0.created_at,u1_0.email,u1_0.enabled,u1_0.name,u1_0.otp,u1_0.otp_expiry,u1_0.password,u1_0.role from users u1_0 where u1_0.email=?
2026-03-30T04:10:28.477+05:30 DEBUG 25844 --- [nio-8085-exec-2] o.s.web.servlet.DispatcherServlet        : GET "/api/goals", parameters={}
2026-03-30T04:10:28.477+05:30 DEBUG 25844 --- [nio-8085-exec-4] o.s.web.servlet.DispatcherServlet        : GET "/api/notifications", parameters={}
2026-03-30T04:10:28.478+05:30 DEBUG 25844 --- [nio-8085-exec-2] s.w.s.m.m.a.RequestMappingHandlerMapping : Mapped to com.ecotrack.backend.controller.GoalController#getAll(User)
2026-03-30T04:10:28.478+05:30 DEBUG 25844 --- [nio-8085-exec-4] s.w.s.m.m.a.RequestMappingHandlerMapping : Mapped to com.ecotrack.backend.controller.NotificationController#getNotifications(User)
2026-03-30T04:10:28.479+05:30 DEBUG 25844 --- [nio-8085-exec-4] org.hibernate.SQL                        : select un1_0.id,un1_0.created_at,un1_0.message,un1_0.is_read,un1_0.title,un1_0.type,un1_0.user_id from notifications un1_0 where un1_0.user_id=? order by un1_0.created_at desc
2026-03-30T04:10:28.480+05:30 DEBUG 25844 --- [nio-8085-exec-2] org.hibernate.SQL                        : select g1_0.id,g1_0.category,g1_0.created_at,g1_0.current_progress,g1_0.deadline,g1_0.description,g1_0.status,g1_0.target_amount,g1_0.title,g1_0.user_id from goals g1_0 where g1_0.user_id=? order by g1_0.created_at desc
2026-03-30T04:10:28.481+05:30 DEBUG 25844 --- [nio-8085-exec-4] o.s.w.s.m.m.a.HttpEntityMethodProcessor  : Using 'application/json', given [*/*] and supported [application/json, application/*+json]
2026-03-30T04:10:28.481+05:30 DEBUG 25844 --- [nio-8085-exec-4] o.s.w.s.m.m.a.HttpEntityMethodProcessor  : Writing [[{id=5, title=Purchase confirmed, message=You purchased tree1 for 2000.0 and offset 15.0 kg CO2e., t (truncated)...]
2026-03-30T04:10:28.482+05:30 DEBUG 25844 --- [nio-8085-exec-4] o.s.web.servlet.DispatcherServlet        : Completed 200 OK
2026-03-30T04:10:28.484+05:30 DEBUG 25844 --- [nio-8085-exec-2] o.s.w.s.m.m.a.HttpEntityMethodProcessor  : Using 'application/json', given [*/*] and supported [application/json, application/*+json]
2026-03-30T04:10:28.488+05:30 DEBUG 25844 --- [nio-8085-exec-2] o.s.w.s.m.m.a.HttpEntityMethodProcessor  : Writing [[GoalResponse(id=1, title=Cut commuting emissions, description=Reduce transport emissions by using p (truncated)...]
2026-03-30T04:10:28.490+05:30 DEBUG 25844 --- [nio-8085-exec-2] o.s.web.servlet.DispatcherServlet        : Completed 200 OK
2026-03-30T04:10:28.494+05:30 DEBUG 25844 --- [nio-8085-exec-8] org.hibernate.SQL                        : select u1_0.id,u1_0.created_at,u1_0.email,u1_0.enabled,u1_0.name,u1_0.otp,u1_0.otp_expiry,u1_0.password,u1_0.role from users u1_0 where u1_0.email=?
2026-03-30T04:10:28.496+05:30 DEBUG 25844 --- [nio-8085-exec-8] o.s.web.servlet.DispatcherServlet        : GET "/api/goals", parameters={}
2026-03-30T04:10:28.496+05:30 DEBUG 25844 --- [nio-8085-exec-8] s.w.s.m.m.a.RequestMappingHandlerMapping : Mapped to com.ecotrack.backend.controller.GoalController#getAll(User)
2026-03-30T04:10:28.498+05:30 DEBUG 25844 --- [nio-8085-exec-8] org.hibernate.SQL                        : select g1_0.id,g1_0.category,g1_0.created_at,g1_0.current_progress,g1_0.deadline,g1_0.description,g1_0.status,g1_0.target_amount,g1_0.title,g1_0.user_id from goals g1_0 where g1_0.user_id=? order by g1_0.created_at desc
2026-03-30T04:10:28.500+05:30 DEBUG 25844 --- [nio-8085-exec-8] o.s.w.s.m.m.a.HttpEntityMethodProcessor  : Using 'application/json', given [*/*] and supported [application/json, application/*+json]
2026-03-30T04:10:28.500+05:30 DEBUG 25844 --- [nio-8085-exec-8] o.s.w.s.m.m.a.HttpEntityMethodProcessor  : Writing [[GoalResponse(id=1, title=Cut commuting emissions, description=Reduce transport emissions by using p (truncated)...]
2026-03-30T04:10:28.501+05:30 DEBUG 25844 --- [nio-8085-exec-8] o.s.web.servlet.DispatcherServlet        : Completed 200 OK
2026-03-30T04:10:33.770+05:30 DEBUG 25844 --- [nio-8085-exec-1] org.hibernate.SQL                        : select u1_0.id,u1_0.created_at,u1_0.email,u1_0.enabled,u1_0.name,u1_0.otp,u1_0.otp_expiry,u1_0.password,u1_0.role from users u1_0 where u1_0.email=?
2026-03-30T04:10:33.770+05:30 DEBUG 25844 --- [nio-8085-exec-6] org.hibernate.SQL                        : select u1_0.id,u1_0.created_at,u1_0.email,u1_0.enabled,u1_0.name,u1_0.otp,u1_0.otp_expiry,u1_0.password,u1_0.role from users u1_0 where u1_0.email=?
2026-03-30T04:10:33.774+05:30 DEBUG 25844 --- [nio-8085-exec-1] o.s.web.servlet.DispatcherServlet        : GET "/api/notifications", parameters={}
2026-03-30T04:10:33.774+05:30 DEBUG 25844 --- [nio-8085-exec-6] o.s.web.servlet.DispatcherServlet        : GET "/api/carbon", parameters={}
2026-03-30T04:10:33.774+05:30 DEBUG 25844 --- [nio-8085-exec-1] s.w.s.m.m.a.RequestMappingHandlerMapping : Mapped to com.ecotrack.backend.controller.NotificationController#getNotifications(User)
2026-03-30T04:10:33.775+05:30 DEBUG 25844 --- [nio-8085-exec-6] s.w.s.m.m.a.RequestMappingHandlerMapping : Mapped to com.ecotrack.backend.controller.CarbonEntryController#getAll(User)
2026-03-30T04:10:33.776+05:30 DEBUG 25844 --- [nio-8085-exec-1] org.hibernate.SQL                        : select un1_0.id,un1_0.created_at,un1_0.message,un1_0.is_read,un1_0.title,un1_0.type,un1_0.user_id from notifications un1_0 where un1_0.user_id=? order by un1_0.created_at desc
2026-03-30T04:10:33.777+05:30 DEBUG 25844 --- [nio-8085-exec-6] org.hibernate.SQL                        : select ce1_0.id,ce1_0.activity,ce1_0.amount,ce1_0.category,ce1_0.created_at,ce1_0.date,ce1_0.notes,ce1_0.unit,ce1_0.user_id from carbon_entries ce1_0 where ce1_0.user_id=? order by ce1_0.date desc,ce1_0.created_at desc
2026-03-30T04:10:33.778+05:30 DEBUG 25844 --- [nio-8085-exec-1] o.s.w.s.m.m.a.HttpEntityMethodProcessor  : Using 'application/json', given [*/*] and supported [application/json, application/*+json]
2026-03-30T04:10:33.779+05:30 DEBUG 25844 --- [nio-8085-exec-1] o.s.w.s.m.m.a.HttpEntityMethodProcessor  : Writing [[{id=5, title=Purchase confirmed, message=You purchased tree1 for 2000.0 and offset 15.0 kg CO2e., t (truncated)...]
2026-03-30T04:10:33.780+05:30 DEBUG 25844 --- [nio-8085-exec-1] o.s.web.servlet.DispatcherServlet        : Completed 200 OK
2026-03-30T04:10:33.780+05:30 DEBUG 25844 --- [nio-8085-exec-6] o.s.w.s.m.m.a.HttpEntityMethodProcessor  : Using 'application/json', given [*/*] and supported [application/json, application/*+json]
2026-03-30T04:10:33.783+05:30 DEBUG 25844 --- [nio-8085-exec-6] o.s.w.s.m.m.a.HttpEntityMethodProcessor  : Writing [[CarbonEntryResponse(id=4, category=transport, activity=Weekend ride-share, amount=5.1, unit=kg CO2, (truncated)...]
2026-03-30T04:10:33.786+05:30 DEBUG 25844 --- [nio-8085-exec-6] o.s.web.servlet.DispatcherServlet        : Completed 200 OK
2026-03-30T04:10:33.790+05:30 DEBUG 25844 --- [nio-8085-exec-9] org.hibernate.SQL                        : select u1_0.id,u1_0.created_at,u1_0.email,u1_0.enabled,u1_0.name,u1_0.otp,u1_0.otp_expiry,u1_0.password,u1_0.role from users u1_0 where u1_0.email=?
2026-03-30T04:10:33.791+05:30 DEBUG 25844 --- [nio-8085-exec-9] o.s.web.servlet.DispatcherServlet        : GET "/api/carbon", parameters={}
2026-03-30T04:10:33.792+05:30 DEBUG 25844 --- [nio-8085-exec-9] s.w.s.m.m.a.RequestMappingHandlerMapping : Mapped to com.ecotrack.backend.controller.CarbonEntryController#getAll(User)
2026-03-30T04:10:33.793+05:30 DEBUG 25844 --- [nio-8085-exec-9] org.hibernate.SQL                        : select ce1_0.id,ce1_0.activity,ce1_0.amount,ce1_0.category,ce1_0.created_at,ce1_0.date,ce1_0.notes,ce1_0.unit,ce1_0.user_id from carbon_entries ce1_0 where ce1_0.user_id=? order by ce1_0.date desc,ce1_0.created_at desc
2026-03-30T04:10:33.794+05:30 DEBUG 25844 --- [nio-8085-exec-9] o.s.w.s.m.m.a.HttpEntityMethodProcessor  : Using 'application/json', given [*/*] and supported [application/json, application/*+json]
2026-03-30T04:10:33.794+05:30 DEBUG 25844 --- [nio-8085-exec-9] o.s.w.s.m.m.a.HttpEntityMethodProcessor  : Writing [[CarbonEntryResponse(id=4, category=transport, activity=Weekend ride-share, amount=5.1, unit=kg CO2, (truncated)...]
2026-03-30T04:10:33.795+05:30 DEBUG 25844 --- [nio-8085-exec-9] o.s.web.servlet.DispatcherServlet        : Completed 200 OK
2026-03-30T04:10:35.579+05:30 DEBUG 25844 --- [io-8085-exec-10] org.hibernate.SQL                        : select u1_0.id,u1_0.created_at,u1_0.email,u1_0.enabled,u1_0.name,u1_0.otp,u1_0.otp_expiry,u1_0.password,u1_0.role from users u1_0 where u1_0.email=?
2026-03-30T04:10:35.581+05:30 DEBUG 25844 --- [io-8085-exec-10] o.s.web.servlet.DispatcherServlet        : GET "/api/notifications", parameters={}
2026-03-30T04:10:35.582+05:30 DEBUG 25844 --- [io-8085-exec-10] s.w.s.m.m.a.RequestMappingHandlerMapping : Mapped to com.ecotrack.backend.controller.NotificationController#getNotifications(User)
2026-03-30T04:10:35.583+05:30 DEBUG 25844 --- [io-8085-exec-10] org.hibernate.SQL                        : select un1_0.id,un1_0.created_at,un1_0.message,un1_0.is_read,un1_0.title,un1_0.type,un1_0.user_id from notifications un1_0 where un1_0.user_id=? order by un1_0.created_at desc
2026-03-30T04:10:35.585+05:30 DEBUG 25844 --- [io-8085-exec-10] o.s.w.s.m.m.a.HttpEntityMethodProcessor  : Using 'application/json', given [*/*] and supported [application/json, application/*+json]
2026-03-30T04:10:35.586+05:30 DEBUG 25844 --- [io-8085-exec-10] o.s.w.s.m.m.a.HttpEntityMethodProcessor  : Writing [[{id=5, title=Purchase confirmed, message=You purchased tree1 for 2000.0 and offset 15.0 kg CO2e., t (truncated)...]
2026-03-30T04:10:35.586+05:30 DEBUG 25844 --- [io-8085-exec-10] o.s.web.servlet.DispatcherServlet        : Completed 200 OK
2026-03-30T04:10:36.438+05:30 DEBUG 25844 --- [nio-8085-exec-4] org.hibernate.SQL                        : select u1_0.id,u1_0.created_at,u1_0.email,u1_0.enabled,u1_0.name,u1_0.otp,u1_0.otp_expiry,u1_0.password,u1_0.role from users u1_0 where u1_0.email=?
2026-03-30T04:10:36.440+05:30 DEBUG 25844 --- [nio-8085-exec-4] o.s.web.servlet.DispatcherServlet        : GET "/api/notifications", parameters={}
2026-03-30T04:10:36.440+05:30 DEBUG 25844 --- [nio-8085-exec-4] s.w.s.m.m.a.RequestMappingHandlerMapping : Mapped to com.ecotrack.backend.controller.NotificationController#getNotifications(User)
2026-03-30T04:10:36.441+05:30 DEBUG 25844 --- [nio-8085-exec-5] org.hibernate.SQL                        : select u1_0.id,u1_0.created_at,u1_0.email,u1_0.enabled,u1_0.name,u1_0.otp,u1_0.otp_expiry,u1_0.password,u1_0.role from users u1_0 where u1_0.email=?
2026-03-30T04:10:36.441+05:30 DEBUG 25844 --- [nio-8085-exec-4] org.hibernate.SQL                        : select un1_0.id,un1_0.created_at,un1_0.message,un1_0.is_read,un1_0.title,un1_0.type,un1_0.user_id from notifications un1_0 where un1_0.user_id=? order by un1_0.created_at desc
2026-03-30T04:10:36.442+05:30 DEBUG 25844 --- [nio-8085-exec-5] o.s.web.servlet.DispatcherServlet        : GET "/api/dashboard?period=weekly", parameters={masked}
2026-03-30T04:10:36.442+05:30 DEBUG 25844 --- [nio-8085-exec-5] s.w.s.m.m.a.RequestMappingHandlerMapping : Mapped to com.ecotrack.backend.controller.DashboardController#get(User, String)
2026-03-30T04:10:36.442+05:30 DEBUG 25844 --- [nio-8085-exec-4] o.s.w.s.m.m.a.HttpEntityMethodProcessor  : Using 'application/json', given [*/*] and supported [application/json, application/*+json]
2026-03-30T04:10:36.443+05:30 DEBUG 25844 --- [nio-8085-exec-4] o.s.w.s.m.m.a.HttpEntityMethodProcessor  : Writing [[{id=5, title=Purchase confirmed, message=You purchased tree1 for 2000.0 and offset 15.0 kg CO2e., t (truncated)...]
2026-03-30T04:10:36.443+05:30 DEBUG 25844 --- [nio-8085-exec-5] org.hibernate.SQL                        : select sum(ce1_0.amount) from carbon_entries ce1_0 where ce1_0.user_id=?
2026-03-30T04:10:36.445+05:30 DEBUG 25844 --- [nio-8085-exec-4] o.s.web.servlet.DispatcherServlet        : Completed 200 OK
2026-03-30T04:10:36.445+05:30 DEBUG 25844 --- [nio-8085-exec-5] org.hibernate.SQL                        : select sum(ce1_0.amount) from carbon_entries ce1_0 where ce1_0.user_id=? and ce1_0.date>=? and ce1_0.date<=?
2026-03-30T04:10:36.447+05:30 DEBUG 25844 --- [nio-8085-exec-5] org.hibernate.SQL                        : select sum(ce1_0.amount) from carbon_entries ce1_0 where ce1_0.user_id=? and ce1_0.date>=? and ce1_0.date<=?
2026-03-30T04:10:36.448+05:30 DEBUG 25844 --- [nio-8085-exec-5] org.hibernate.SQL                        : select sum(ce1_0.amount) from carbon_entries ce1_0 where ce1_0.user_id=? and ce1_0.date>=? and ce1_0.date<=?
2026-03-30T04:10:36.448+05:30 DEBUG 25844 --- [nio-8085-exec-5] org.hibernate.SQL                        : select ce1_0.category,sum(ce1_0.amount) from carbon_entries ce1_0 where ce1_0.user_id=? group by ce1_0.category
2026-03-30T04:10:36.449+05:30 DEBUG 25844 --- [nio-8085-exec-5] org.hibernate.SQL                        : select ce1_0.date,sum(ce1_0.amount) from carbon_entries ce1_0 where ce1_0.user_id=? and ce1_0.date>=? group by ce1_0.date order by ce1_0.date
2026-03-30T04:10:36.450+05:30 DEBUG 25844 --- [nio-8085-exec-5] org.hibernate.SQL                        : select ce1_0.id,ce1_0.activity,ce1_0.amount,ce1_0.category,ce1_0.created_at,ce1_0.date,ce1_0.notes,ce1_0.unit,ce1_0.user_id from carbon_entries ce1_0 where ce1_0.user_id=? order by ce1_0.date desc,ce1_0.created_at desc
2026-03-30T04:10:36.452+05:30 DEBUG 25844 --- [nio-8085-exec-5] org.hibernate.SQL                        : select ls1_0.id,ls1_0.buys_local_food,ls1_0.buys_second_hand,ls1_0.car_type,ls1_0.diet_type,ls1_0.estimated_annual_footprint,ls1_0.has_renewable_energy,ls1_0.home_heating,ls1_0.long_flights_per_year,ls1_0.meat_meals_per_week,ls1_0.monthly_electricity_kwh,ls1_0.primary_transport,ls1_0.shopping_habits,ls1_0.short_flights_per_year,ls1_0.user_id,ls1_0.weekly_driving_km from lifestyle_surveys ls1_0 where ls1_0.user_id=?
2026-03-30T04:10:36.453+05:30 DEBUG 25844 --- [nio-8085-exec-5] org.hibernate.SQL                        : select ce1_0.id from carbon_entries ce1_0 where ce1_0.user_id=? fetch first ? rows only
2026-03-30T04:10:36.454+05:30 DEBUG 25844 --- [nio-8085-exec-5] org.hibernate.SQL                        : select u1_0.id,u1_0.created_at,u1_0.email,u1_0.enabled,u1_0.name,u1_0.otp,u1_0.otp_expiry,u1_0.password,u1_0.role from users u1_0
2026-03-30T04:10:36.455+05:30 DEBUG 25844 --- [nio-8085-exec-5] org.hibernate.SQL                        : select ce1_0.id from carbon_entries ce1_0 where ce1_0.user_id=? fetch first ? rows only
2026-03-30T04:10:36.456+05:30 DEBUG 25844 --- [nio-8085-exec-5] org.hibernate.SQL                        : select ce1_0.id from carbon_entries ce1_0 where ce1_0.user_id=? fetch first ? rows only
2026-03-30T04:10:36.457+05:30 DEBUG 25844 --- [nio-8085-exec-5] org.hibernate.SQL                        : select sum(ce1_0.amount) from carbon_entries ce1_0 where ce1_0.user_id=?
2026-03-30T04:10:36.458+05:30 DEBUG 25844 --- [nio-8085-exec-5] org.hibernate.SQL                        : select sum(ce1_0.amount) from carbon_entries ce1_0 where ce1_0.user_id=?
2026-03-30T04:10:36.459+05:30 DEBUG 25844 --- [nio-8085-exec-5] org.hibernate.SQL                        : select ce1_0.category,sum(ce1_0.amount) from carbon_entries ce1_0 where ce1_0.user_id=? group by ce1_0.category
2026-03-30T04:10:36.460+05:30 DEBUG 25844 --- [nio-8085-exec-5] org.hibernate.SQL                        : select ls1_0.id,ls1_0.buys_local_food,ls1_0.buys_second_hand,ls1_0.car_type,ls1_0.diet_type,ls1_0.estimated_annual_footprint,ls1_0.has_renewable_energy,ls1_0.home_heating,ls1_0.long_flights_per_year,ls1_0.meat_meals_per_week,ls1_0.monthly_electricity_kwh,ls1_0.primary_transport,ls1_0.shopping_habits,ls1_0.short_flights_per_year,ls1_0.user_id,ls1_0.weekly_driving_km from lifestyle_surveys ls1_0 where ls1_0.user_id=?
2026-03-30T04:10:36.461+05:30 DEBUG 25844 --- [nio-8085-exec-5] org.hibernate.SQL                        : select count(g1_0.id) from goals g1_0 where g1_0.user_id=? and g1_0.status=?
2026-03-30T04:10:36.463+05:30 DEBUG 25844 --- [nio-8085-exec-5] org.hibernate.SQL                        : select ce1_0.id,ce1_0.activity,ce1_0.amount,ce1_0.category,ce1_0.created_at,ce1_0.date,ce1_0.notes,ce1_0.unit,ce1_0.user_id from carbon_entries ce1_0 where ce1_0.user_id=? order by ce1_0.date desc,ce1_0.created_at desc
2026-03-30T04:10:36.464+05:30 DEBUG 25844 --- [nio-8085-exec-5] org.hibernate.SQL                        : select sum(ce1_0.amount) from carbon_entries ce1_0 where ce1_0.user_id=? and ce1_0.date>=? and ce1_0.date<=?
2026-03-30T04:10:36.465+05:30 DEBUG 25844 --- [nio-8085-exec-5] org.hibernate.SQL                        : select b1_0.id,b1_0.active,b1_0.bg_color,b1_0.category,b1_0.color,b1_0.created_at,b1_0.created_by,b1_0.description,b1_0.icon,b1_0.name,b1_0.threshold_kg from badges b1_0 where b1_0.active
2026-03-30T04:10:36.467+05:30 DEBUG 25844 --- [nio-8085-exec-5] org.hibernate.SQL                        : select ce1_0.id from carbon_entries ce1_0 where ce1_0.user_id=? fetch first ? rows only
2026-03-30T04:10:36.468+05:30 DEBUG 25844 --- [nio-8085-exec-5] org.hibernate.SQL                        : select sum(ce1_0.amount) from carbon_entries ce1_0 where ce1_0.user_id=?
2026-03-30T04:10:36.468+05:30 DEBUG 25844 --- [nio-8085-exec-5] org.hibernate.SQL                        : select sum(ce1_0.amount) from carbon_entries ce1_0 where ce1_0.user_id=?
2026-03-30T04:10:36.469+05:30 DEBUG 25844 --- [nio-8085-exec-5] org.hibernate.SQL                        : select ce1_0.category,sum(ce1_0.amount) from carbon_entries ce1_0 where ce1_0.user_id=? group by ce1_0.category
2026-03-30T04:10:36.470+05:30 DEBUG 25844 --- [nio-8085-exec-5] org.hibernate.SQL                        : select ls1_0.id,ls1_0.buys_local_food,ls1_0.buys_second_hand,ls1_0.car_type,ls1_0.diet_type,ls1_0.estimated_annual_footprint,ls1_0.has_renewable_energy,ls1_0.home_heating,ls1_0.long_flights_per_year,ls1_0.meat_meals_per_week,ls1_0.monthly_electricity_kwh,ls1_0.primary_transport,ls1_0.shopping_habits,ls1_0.short_flights_per_year,ls1_0.user_id,ls1_0.weekly_driving_km from lifestyle_surveys ls1_0 where ls1_0.user_id=?
2026-03-30T04:10:36.472+05:30 DEBUG 25844 --- [nio-8085-exec-5] org.hibernate.SQL                        : select count(g1_0.id) from goals g1_0 where g1_0.user_id=? and g1_0.status=?
2026-03-30T04:10:36.472+05:30 DEBUG 25844 --- [nio-8085-exec-5] org.hibernate.SQL                        : select ce1_0.id,ce1_0.activity,ce1_0.amount,ce1_0.category,ce1_0.created_at,ce1_0.date,ce1_0.notes,ce1_0.unit,ce1_0.user_id from carbon_entries ce1_0 where ce1_0.user_id=? order by ce1_0.date desc,ce1_0.created_at desc
2026-03-30T04:10:36.473+05:30 DEBUG 25844 --- [nio-8085-exec-5] org.hibernate.SQL                        : select sum(ce1_0.amount) from carbon_entries ce1_0 where ce1_0.user_id=? and ce1_0.date>=? and ce1_0.date<=?
2026-03-30T04:10:36.474+05:30 DEBUG 25844 --- [nio-8085-exec-5] org.hibernate.SQL                        : select b1_0.id,b1_0.active,b1_0.bg_color,b1_0.category,b1_0.color,b1_0.created_at,b1_0.created_by,b1_0.description,b1_0.icon,b1_0.name,b1_0.threshold_kg from badges b1_0 where b1_0.active
2026-03-30T04:10:36.475+05:30 DEBUG 25844 --- [nio-8085-exec-5] org.hibernate.SQL                        : select ce1_0.id from carbon_entries ce1_0 where ce1_0.user_id=? fetch first ? rows only
2026-03-30T04:10:36.475+05:30 DEBUG 25844 --- [nio-8085-exec-5] org.hibernate.SQL                        : select sum(ce1_0.amount) from carbon_entries ce1_0 where ce1_0.user_id=?
2026-03-30T04:10:36.476+05:30 DEBUG 25844 --- [nio-8085-exec-5] org.hibernate.SQL                        : select sum(ce1_0.amount) from carbon_entries ce1_0 where ce1_0.user_id=?
2026-03-30T04:10:36.476+05:30 DEBUG 25844 --- [nio-8085-exec-5] org.hibernate.SQL                        : select ce1_0.category,sum(ce1_0.amount) from carbon_entries ce1_0 where ce1_0.user_id=? group by ce1_0.category
2026-03-30T04:10:36.478+05:30 DEBUG 25844 --- [nio-8085-exec-5] org.hibernate.SQL                        : select ls1_0.id,ls1_0.buys_local_food,ls1_0.buys_second_hand,ls1_0.car_type,ls1_0.diet_type,ls1_0.estimated_annual_footprint,ls1_0.has_renewable_energy,ls1_0.home_heating,ls1_0.long_flights_per_year,ls1_0.meat_meals_per_week,ls1_0.monthly_electricity_kwh,ls1_0.primary_transport,ls1_0.shopping_habits,ls1_0.short_flights_per_year,ls1_0.user_id,ls1_0.weekly_driving_km from lifestyle_surveys ls1_0 where ls1_0.user_id=?
2026-03-30T04:10:36.478+05:30 DEBUG 25844 --- [nio-8085-exec-5] org.hibernate.SQL                        : select count(g1_0.id) from goals g1_0 where g1_0.user_id=? and g1_0.status=?
2026-03-30T04:10:36.479+05:30 DEBUG 25844 --- [nio-8085-exec-5] org.hibernate.SQL                        : select ce1_0.id,ce1_0.activity,ce1_0.amount,ce1_0.category,ce1_0.created_at,ce1_0.date,ce1_0.notes,ce1_0.unit,ce1_0.user_id from carbon_entries ce1_0 where ce1_0.user_id=? order by ce1_0.date desc,ce1_0.created_at desc
2026-03-30T04:10:36.480+05:30 DEBUG 25844 --- [nio-8085-exec-5] org.hibernate.SQL                        : select sum(ce1_0.amount) from carbon_entries ce1_0 where ce1_0.user_id=? and ce1_0.date>=? and ce1_0.date<=?
2026-03-30T04:10:36.481+05:30 DEBUG 25844 --- [nio-8085-exec-5] org.hibernate.SQL                        : select b1_0.id,b1_0.active,b1_0.bg_color,b1_0.category,b1_0.color,b1_0.created_at,b1_0.created_by,b1_0.description,b1_0.icon,b1_0.name,b1_0.threshold_kg from badges b1_0 where b1_0.active
2026-03-30T04:10:36.482+05:30 DEBUG 25844 --- [nio-8085-exec-5] org.hibernate.SQL                        : select sum(ce1_0.amount) from carbon_entries ce1_0 where ce1_0.user_id=?
2026-03-30T04:10:36.483+05:30 DEBUG 25844 --- [nio-8085-exec-5] org.hibernate.SQL                        : select un1_0.id,un1_0.created_at,un1_0.message,un1_0.is_read,un1_0.title,un1_0.type,un1_0.user_id from notifications un1_0 where un1_0.user_id=? order by un1_0.created_at desc
2026-03-30T04:10:36.483+05:30 DEBUG 25844 --- [nio-8085-exec-5] org.hibernate.SQL                        : select count(un1_0.id) from notifications un1_0 where un1_0.user_id=? and not(un1_0.is_read)
2026-03-30T04:10:36.484+05:30 DEBUG 25844 --- [nio-8085-exec-5] org.hibernate.SQL                        : select count(g1_0.id) from goals g1_0 where g1_0.user_id=? and g1_0.status=?
2026-03-30T04:10:36.485+05:30 DEBUG 25844 --- [nio-8085-exec-5] org.hibernate.SQL                        : select count(g1_0.id) from goals g1_0 where g1_0.user_id=? and g1_0.status=?
2026-03-30T04:10:36.486+05:30 DEBUG 25844 --- [nio-8085-exec-5] org.hibernate.SQL                        : select sum(ce1_0.amount) from carbon_entries ce1_0 where ce1_0.user_id=?
2026-03-30T04:10:36.488+05:30 DEBUG 25844 --- [nio-8085-exec-5] org.hibernate.SQL                        : select ce1_0.category,sum(ce1_0.amount) from carbon_entries ce1_0 where ce1_0.user_id=? group by ce1_0.category
2026-03-30T04:10:36.489+05:30 DEBUG 25844 --- [nio-8085-exec-5] org.hibernate.SQL                        : select ls1_0.id,ls1_0.buys_local_food,ls1_0.buys_second_hand,ls1_0.car_type,ls1_0.diet_type,ls1_0.estimated_annual_footprint,ls1_0.has_renewable_energy,ls1_0.home_heating,ls1_0.long_flights_per_year,ls1_0.meat_meals_per_week,ls1_0.monthly_electricity_kwh,ls1_0.primary_transport,ls1_0.shopping_habits,ls1_0.short_flights_per_year,ls1_0.user_id,ls1_0.weekly_driving_km from lifestyle_surveys ls1_0 where ls1_0.user_id=?
2026-03-30T04:10:36.490+05:30 DEBUG 25844 --- [nio-8085-exec-5] org.hibernate.SQL                        : select count(g1_0.id) from goals g1_0 where g1_0.user_id=? and g1_0.status=?
2026-03-30T04:10:36.490+05:30 DEBUG 25844 --- [nio-8085-exec-5] org.hibernate.SQL                        : select ce1_0.id,ce1_0.activity,ce1_0.amount,ce1_0.category,ce1_0.created_at,ce1_0.date,ce1_0.notes,ce1_0.unit,ce1_0.user_id from carbon_entries ce1_0 where ce1_0.user_id=? order by ce1_0.date desc,ce1_0.created_at desc
2026-03-30T04:10:36.491+05:30 DEBUG 25844 --- [nio-8085-exec-5] org.hibernate.SQL                        : select sum(ce1_0.amount) from carbon_entries ce1_0 where ce1_0.user_id=? and ce1_0.date>=? and ce1_0.date<=?
2026-03-30T04:10:36.492+05:30 DEBUG 25844 --- [nio-8085-exec-5] org.hibernate.SQL                        : select b1_0.id,b1_0.active,b1_0.bg_color,b1_0.category,b1_0.color,b1_0.created_at,b1_0.created_by,b1_0.description,b1_0.icon,b1_0.name,b1_0.threshold_kg from badges b1_0 where b1_0.active
2026-03-30T04:10:36.493+05:30 DEBUG 25844 --- [nio-8085-exec-5] o.s.w.s.m.m.a.HttpEntityMethodProcessor  : Using 'application/json', given [*/*] and supported [application/json, application/*+json]
2026-03-30T04:10:36.493+05:30 DEBUG 25844 --- [nio-8085-exec-5] o.s.w.s.m.m.a.HttpEntityMethodProcessor  : Writing [DashboardResponse(userName=CarbonCalc Admin, memberSince=Sept 30, 2025, totalCarbonKg=15.9, thisMont (truncated)...]
2026-03-30T04:10:36.494+05:30 DEBUG 25844 --- [nio-8085-exec-5] o.s.web.servlet.DispatcherServlet        : Completed 200 OK
2026-03-30T04:10:36.500+05:30 DEBUG 25844 --- [nio-8085-exec-3] org.hibernate.SQL                        : select u1_0.id,u1_0.created_at,u1_0.email,u1_0.enabled,u1_0.name,u1_0.otp,u1_0.otp_expiry,u1_0.password,u1_0.role from users u1_0 where u1_0.email=?
2026-03-30T04:10:36.501+05:30 DEBUG 25844 --- [nio-8085-exec-3] o.s.web.servlet.DispatcherServlet        : GET "/api/dashboard?period=weekly", parameters={masked}
2026-03-30T04:10:36.501+05:30 DEBUG 25844 --- [nio-8085-exec-3] s.w.s.m.m.a.RequestMappingHandlerMapping : Mapped to com.ecotrack.backend.controller.DashboardController#get(User, String)
2026-03-30T04:10:36.502+05:30 DEBUG 25844 --- [nio-8085-exec-3] org.hibernate.SQL                        : select sum(ce1_0.amount) from carbon_entries ce1_0 where ce1_0.user_id=?
2026-03-30T04:10:36.503+05:30 DEBUG 25844 --- [nio-8085-exec-3] org.hibernate.SQL                        : select sum(ce1_0.amount) from carbon_entries ce1_0 where ce1_0.user_id=? and ce1_0.date>=? and ce1_0.date<=?
2026-03-30T04:10:36.504+05:30 DEBUG 25844 --- [nio-8085-exec-3] org.hibernate.SQL                        : select sum(ce1_0.amount) from carbon_entries ce1_0 where ce1_0.user_id=? and ce1_0.date>=? and ce1_0.date<=?
2026-03-30T04:10:36.505+05:30 DEBUG 25844 --- [nio-8085-exec-3] org.hibernate.SQL                        : select sum(ce1_0.amount) from carbon_entries ce1_0 where ce1_0.user_id=? and ce1_0.date>=? and ce1_0.date<=?
2026-03-30T04:10:36.506+05:30 DEBUG 25844 --- [nio-8085-exec-3] org.hibernate.SQL                        : select ce1_0.category,sum(ce1_0.amount) from carbon_entries ce1_0 where ce1_0.user_id=? group by ce1_0.category
2026-03-30T04:10:36.507+05:30 DEBUG 25844 --- [nio-8085-exec-3] org.hibernate.SQL                        : select ce1_0.date,sum(ce1_0.amount) from carbon_entries ce1_0 where ce1_0.user_id=? and ce1_0.date>=? group by ce1_0.date order by ce1_0.date
2026-03-30T04:10:36.508+05:30 DEBUG 25844 --- [nio-8085-exec-3] org.hibernate.SQL                        : select ce1_0.id,ce1_0.activity,ce1_0.amount,ce1_0.category,ce1_0.created_at,ce1_0.date,ce1_0.notes,ce1_0.unit,ce1_0.user_id from carbon_entries ce1_0 where ce1_0.user_id=? order by ce1_0.date desc,ce1_0.created_at desc
2026-03-30T04:10:36.509+05:30 DEBUG 25844 --- [nio-8085-exec-3] org.hibernate.SQL                        : select ls1_0.id,ls1_0.buys_local_food,ls1_0.buys_second_hand,ls1_0.car_type,ls1_0.diet_type,ls1_0.estimated_annual_footprint,ls1_0.has_renewable_energy,ls1_0.home_heating,ls1_0.long_flights_per_year,ls1_0.meat_meals_per_week,ls1_0.monthly_electricity_kwh,ls1_0.primary_transport,ls1_0.shopping_habits,ls1_0.short_flights_per_year,ls1_0.user_id,ls1_0.weekly_driving_km from lifestyle_surveys ls1_0 where ls1_0.user_id=?
2026-03-30T04:10:36.510+05:30 DEBUG 25844 --- [nio-8085-exec-3] org.hibernate.SQL                        : select ce1_0.id from carbon_entries ce1_0 where ce1_0.user_id=? fetch first ? rows only
2026-03-30T04:10:36.511+05:30 DEBUG 25844 --- [nio-8085-exec-3] org.hibernate.SQL                        : select u1_0.id,u1_0.created_at,u1_0.email,u1_0.enabled,u1_0.name,u1_0.otp,u1_0.otp_expiry,u1_0.password,u1_0.role from users u1_0
2026-03-30T04:10:36.513+05:30 DEBUG 25844 --- [nio-8085-exec-3] org.hibernate.SQL                        : select ce1_0.id from carbon_entries ce1_0 where ce1_0.user_id=? fetch first ? rows only
2026-03-30T04:10:36.513+05:30 DEBUG 25844 --- [nio-8085-exec-3] org.hibernate.SQL                        : select ce1_0.id from carbon_entries ce1_0 where ce1_0.user_id=? fetch first ? rows only
2026-03-30T04:10:36.514+05:30 DEBUG 25844 --- [nio-8085-exec-3] org.hibernate.SQL                        : select sum(ce1_0.amount) from carbon_entries ce1_0 where ce1_0.user_id=?
2026-03-30T04:10:36.515+05:30 DEBUG 25844 --- [nio-8085-exec-3] org.hibernate.SQL                        : select sum(ce1_0.amount) from carbon_entries ce1_0 where ce1_0.user_id=?
2026-03-30T04:10:36.516+05:30 DEBUG 25844 --- [nio-8085-exec-3] org.hibernate.SQL                        : select ce1_0.category,sum(ce1_0.amount) from carbon_entries ce1_0 where ce1_0.user_id=? group by ce1_0.category
2026-03-30T04:10:36.517+05:30 DEBUG 25844 --- [nio-8085-exec-3] org.hibernate.SQL                        : select ls1_0.id,ls1_0.buys_local_food,ls1_0.buys_second_hand,ls1_0.car_type,ls1_0.diet_type,ls1_0.estimated_annual_footprint,ls1_0.has_renewable_energy,ls1_0.home_heating,ls1_0.long_flights_per_year,ls1_0.meat_meals_per_week,ls1_0.monthly_electricity_kwh,ls1_0.primary_transport,ls1_0.shopping_habits,ls1_0.short_flights_per_year,ls1_0.user_id,ls1_0.weekly_driving_km from lifestyle_surveys ls1_0 where ls1_0.user_id=?
2026-03-30T04:10:36.518+05:30 DEBUG 25844 --- [nio-8085-exec-3] org.hibernate.SQL                        : select count(g1_0.id) from goals g1_0 where g1_0.user_id=? and g1_0.status=?
2026-03-30T04:10:36.520+05:30 DEBUG 25844 --- [nio-8085-exec-3] org.hibernate.SQL                        : select ce1_0.id,ce1_0.activity,ce1_0.amount,ce1_0.category,ce1_0.created_at,ce1_0.date,ce1_0.notes,ce1_0.unit,ce1_0.user_id from carbon_entries ce1_0 where ce1_0.user_id=? order by ce1_0.date desc,ce1_0.created_at desc
2026-03-30T04:10:36.521+05:30 DEBUG 25844 --- [nio-8085-exec-3] org.hibernate.SQL                        : select sum(ce1_0.amount) from carbon_entries ce1_0 where ce1_0.user_id=? and ce1_0.date>=? and ce1_0.date<=?
2026-03-30T04:10:36.522+05:30 DEBUG 25844 --- [nio-8085-exec-3] org.hibernate.SQL                        : select b1_0.id,b1_0.active,b1_0.bg_color,b1_0.category,b1_0.color,b1_0.created_at,b1_0.created_by,b1_0.description,b1_0.icon,b1_0.name,b1_0.threshold_kg from badges b1_0 where b1_0.active
2026-03-30T04:10:36.523+05:30 DEBUG 25844 --- [nio-8085-exec-3] org.hibernate.SQL                        : select ce1_0.id from carbon_entries ce1_0 where ce1_0.user_id=? fetch first ? rows only
2026-03-30T04:10:36.523+05:30 DEBUG 25844 --- [nio-8085-exec-3] org.hibernate.SQL                        : select sum(ce1_0.amount) from carbon_entries ce1_0 where ce1_0.user_id=?
2026-03-30T04:10:36.525+05:30 DEBUG 25844 --- [nio-8085-exec-3] org.hibernate.SQL                        : select sum(ce1_0.amount) from carbon_entries ce1_0 where ce1_0.user_id=?
2026-03-30T04:10:36.525+05:30 DEBUG 25844 --- [nio-8085-exec-3] org.hibernate.SQL                        : select ce1_0.category,sum(ce1_0.amount) from carbon_entries ce1_0 where ce1_0.user_id=? group by ce1_0.category
2026-03-30T04:10:36.526+05:30 DEBUG 25844 --- [nio-8085-exec-3] org.hibernate.SQL                        : select ls1_0.id,ls1_0.buys_local_food,ls1_0.buys_second_hand,ls1_0.car_type,ls1_0.diet_type,ls1_0.estimated_annual_footprint,ls1_0.has_renewable_energy,ls1_0.home_heating,ls1_0.long_flights_per_year,ls1_0.meat_meals_per_week,ls1_0.monthly_electricity_kwh,ls1_0.primary_transport,ls1_0.shopping_habits,ls1_0.short_flights_per_year,ls1_0.user_id,ls1_0.weekly_driving_km from lifestyle_surveys ls1_0 where ls1_0.user_id=?
2026-03-30T04:10:36.528+05:30 DEBUG 25844 --- [nio-8085-exec-3] org.hibernate.SQL                        : select count(g1_0.id) from goals g1_0 where g1_0.user_id=? and g1_0.status=?
2026-03-30T04:10:36.529+05:30 DEBUG 25844 --- [nio-8085-exec-3] org.hibernate.SQL                        : select ce1_0.id,ce1_0.activity,ce1_0.amount,ce1_0.category,ce1_0.created_at,ce1_0.date,ce1_0.notes,ce1_0.unit,ce1_0.user_id from carbon_entries ce1_0 where ce1_0.user_id=? order by ce1_0.date desc,ce1_0.created_at desc
2026-03-30T04:10:36.531+05:30 DEBUG 25844 --- [nio-8085-exec-3] org.hibernate.SQL                        : select sum(ce1_0.amount) from carbon_entries ce1_0 where ce1_0.user_id=? and ce1_0.date>=? and ce1_0.date<=?
2026-03-30T04:10:36.533+05:30 DEBUG 25844 --- [nio-8085-exec-3] org.hibernate.SQL                        : select b1_0.id,b1_0.active,b1_0.bg_color,b1_0.category,b1_0.color,b1_0.created_at,b1_0.created_by,b1_0.description,b1_0.icon,b1_0.name,b1_0.threshold_kg from badges b1_0 where b1_0.active
2026-03-30T04:10:36.534+05:30 DEBUG 25844 --- [nio-8085-exec-3] org.hibernate.SQL                        : select ce1_0.id from carbon_entries ce1_0 where ce1_0.user_id=? fetch first ? rows only
2026-03-30T04:10:36.536+05:30 DEBUG 25844 --- [nio-8085-exec-3] org.hibernate.SQL                        : select sum(ce1_0.amount) from carbon_entries ce1_0 where ce1_0.user_id=?
2026-03-30T04:10:36.538+05:30 DEBUG 25844 --- [nio-8085-exec-3] org.hibernate.SQL                        : select sum(ce1_0.amount) from carbon_entries ce1_0 where ce1_0.user_id=?
2026-03-30T04:10:36.538+05:30 DEBUG 25844 --- [nio-8085-exec-3] org.hibernate.SQL                        : select ce1_0.category,sum(ce1_0.amount) from carbon_entries ce1_0 where ce1_0.user_id=? group by ce1_0.category
2026-03-30T04:10:36.540+05:30 DEBUG 25844 --- [nio-8085-exec-3] org.hibernate.SQL                        : select ls1_0.id,ls1_0.buys_local_food,ls1_0.buys_second_hand,ls1_0.car_type,ls1_0.diet_type,ls1_0.estimated_annual_footprint,ls1_0.has_renewable_energy,ls1_0.home_heating,ls1_0.long_flights_per_year,ls1_0.meat_meals_per_week,ls1_0.monthly_electricity_kwh,ls1_0.primary_transport,ls1_0.shopping_habits,ls1_0.short_flights_per_year,ls1_0.user_id,ls1_0.weekly_driving_km from lifestyle_surveys ls1_0 where ls1_0.user_id=?
2026-03-30T04:10:36.542+05:30 DEBUG 25844 --- [nio-8085-exec-3] org.hibernate.SQL                        : select count(g1_0.id) from goals g1_0 where g1_0.user_id=? and g1_0.status=?
2026-03-30T04:10:36.546+05:30 DEBUG 25844 --- [nio-8085-exec-3] org.hibernate.SQL                        : select ce1_0.id,ce1_0.activity,ce1_0.amount,ce1_0.category,ce1_0.created_at,ce1_0.date,ce1_0.notes,ce1_0.unit,ce1_0.user_id from carbon_entries ce1_0 where ce1_0.user_id=? order by ce1_0.date desc,ce1_0.created_at desc
2026-03-30T04:10:36.548+05:30 DEBUG 25844 --- [nio-8085-exec-3] org.hibernate.SQL                        : select sum(ce1_0.amount) from carbon_entries ce1_0 where ce1_0.user_id=? and ce1_0.date>=? and ce1_0.date<=?
2026-03-30T04:10:36.549+05:30 DEBUG 25844 --- [nio-8085-exec-3] org.hibernate.SQL                        : select b1_0.id,b1_0.active,b1_0.bg_color,b1_0.category,b1_0.color,b1_0.created_at,b1_0.created_by,b1_0.description,b1_0.icon,b1_0.name,b1_0.threshold_kg from badges b1_0 where b1_0.active
2026-03-30T04:10:36.549+05:30 DEBUG 25844 --- [nio-8085-exec-3] org.hibernate.SQL                        : select sum(ce1_0.amount) from carbon_entries ce1_0 where ce1_0.user_id=?
2026-03-30T04:10:36.551+05:30 DEBUG 25844 --- [nio-8085-exec-3] org.hibernate.SQL                        : select un1_0.id,un1_0.created_at,un1_0.message,un1_0.is_read,un1_0.title,un1_0.type,un1_0.user_id from notifications un1_0 where un1_0.user_id=? order by un1_0.created_at desc
2026-03-30T04:10:36.558+05:30 DEBUG 25844 --- [nio-8085-exec-3] org.hibernate.SQL                        : select count(un1_0.id) from notifications un1_0 where un1_0.user_id=? and not(un1_0.is_read)
2026-03-30T04:10:36.563+05:30 DEBUG 25844 --- [nio-8085-exec-3] org.hibernate.SQL                        : select count(g1_0.id) from goals g1_0 where g1_0.user_id=? and g1_0.status=?
2026-03-30T04:10:36.564+05:30 DEBUG 25844 --- [nio-8085-exec-3] org.hibernate.SQL                        : select count(g1_0.id) from goals g1_0 where g1_0.user_id=? and g1_0.status=?
2026-03-30T04:10:36.566+05:30 DEBUG 25844 --- [nio-8085-exec-3] org.hibernate.SQL                        : select sum(ce1_0.amount) from carbon_entries ce1_0 where ce1_0.user_id=?
2026-03-30T04:10:36.566+05:30 DEBUG 25844 --- [nio-8085-exec-3] org.hibernate.SQL                        : select ce1_0.category,sum(ce1_0.amount) from carbon_entries ce1_0 where ce1_0.user_id=? group by ce1_0.category
2026-03-30T04:10:36.568+05:30 DEBUG 25844 --- [nio-8085-exec-3] org.hibernate.SQL                        : select ls1_0.id,ls1_0.buys_local_food,ls1_0.buys_second_hand,ls1_0.car_type,ls1_0.diet_type,ls1_0.estimated_annual_footprint,ls1_0.has_renewable_energy,ls1_0.home_heating,ls1_0.long_flights_per_year,ls1_0.meat_meals_per_week,ls1_0.monthly_electricity_kwh,ls1_0.primary_transport,ls1_0.shopping_habits,ls1_0.short_flights_per_year,ls1_0.user_id,ls1_0.weekly_driving_km from lifestyle_surveys ls1_0 where ls1_0.user_id=?
2026-03-30T04:10:36.571+05:30 DEBUG 25844 --- [nio-8085-exec-3] org.hibernate.SQL                        : select count(g1_0.id) from goals g1_0 where g1_0.user_id=? and g1_0.status=?
2026-03-30T04:10:36.573+05:30 DEBUG 25844 --- [nio-8085-exec-3] org.hibernate.SQL                        : select ce1_0.id,ce1_0.activity,ce1_0.amount,ce1_0.category,ce1_0.created_at,ce1_0.date,ce1_0.notes,ce1_0.unit,ce1_0.user_id from carbon_entries ce1_0 where ce1_0.user_id=? order by ce1_0.date desc,ce1_0.created_at desc
2026-03-30T04:10:36.574+05:30 DEBUG 25844 --- [nio-8085-exec-3] org.hibernate.SQL                        : select sum(ce1_0.amount) from carbon_entries ce1_0 where ce1_0.user_id=? and ce1_0.date>=? and ce1_0.date<=?
2026-03-30T04:10:36.575+05:30 DEBUG 25844 --- [nio-8085-exec-3] org.hibernate.SQL                        : select b1_0.id,b1_0.active,b1_0.bg_color,b1_0.category,b1_0.color,b1_0.created_at,b1_0.created_by,b1_0.description,b1_0.icon,b1_0.name,b1_0.threshold_kg from badges b1_0 where b1_0.active
2026-03-30T04:10:36.576+05:30 DEBUG 25844 --- [nio-8085-exec-3] o.s.w.s.m.m.a.HttpEntityMethodProcessor  : Using 'application/json', given [*/*] and supported [application/json, application/*+json]
2026-03-30T04:10:36.577+05:30 DEBUG 25844 --- [nio-8085-exec-3] o.s.w.s.m.m.a.HttpEntityMethodProcessor  : Writing [DashboardResponse(userName=CarbonCalc Admin, memberSince=Sept 30, 2025, totalCarbonKg=15.9, thisMont (truncated)...]
2026-03-30T04:10:36.588+05:30 DEBUG 25844 --- [nio-8085-exec-3] o.s.web.servlet.DispatcherServlet        : Completed 200 OK
2026-03-30T04:11:14.277+05:30 DEBUG 25844 --- [nio-8085-exec-9] org.hibernate.SQL                        : select u1_0.id,u1_0.created_at,u1_0.email,u1_0.enabled,u1_0.name,u1_0.otp,u1_0.otp_expiry,u1_0.password,u1_0.role from users u1_0 where u1_0.email=?
2026-03-30T04:11:14.280+05:30 DEBUG 25844 --- [nio-8085-exec-9] o.s.web.servlet.DispatcherServlet        : GET "/api/dashboard?period=daily", parameters={masked}
2026-03-30T04:11:14.280+05:30 DEBUG 25844 --- [nio-8085-exec-9] s.w.s.m.m.a.RequestMappingHandlerMapping : Mapped to com.ecotrack.backend.controller.DashboardController#get(User, String)
2026-03-30T04:11:14.282+05:30 DEBUG 25844 --- [nio-8085-exec-9] org.hibernate.SQL                        : select sum(ce1_0.amount) from carbon_entries ce1_0 where ce1_0.user_id=?
2026-03-30T04:11:14.283+05:30 DEBUG 25844 --- [nio-8085-exec-9] org.hibernate.SQL                        : select sum(ce1_0.amount) from carbon_entries ce1_0 where ce1_0.user_id=? and ce1_0.date>=? and ce1_0.date<=?
2026-03-30T04:11:14.283+05:30 DEBUG 25844 --- [nio-8085-exec-9] org.hibernate.SQL                        : select sum(ce1_0.amount) from carbon_entries ce1_0 where ce1_0.user_id=? and ce1_0.date>=? and ce1_0.date<=?
2026-03-30T04:11:14.284+05:30 DEBUG 25844 --- [nio-8085-exec-9] org.hibernate.SQL                        : select sum(ce1_0.amount) from carbon_entries ce1_0 where ce1_0.user_id=? and ce1_0.date>=? and ce1_0.date<=?
2026-03-30T04:11:14.285+05:30 DEBUG 25844 --- [nio-8085-exec-9] org.hibernate.SQL                        : select ce1_0.category,sum(ce1_0.amount) from carbon_entries ce1_0 where ce1_0.user_id=? group by ce1_0.category
2026-03-30T04:11:14.286+05:30 DEBUG 25844 --- [nio-8085-exec-9] org.hibernate.SQL                        : select ce1_0.date,sum(ce1_0.amount) from carbon_entries ce1_0 where ce1_0.user_id=? and ce1_0.date>=? group by ce1_0.date order by ce1_0.date
2026-03-30T04:11:14.287+05:30 DEBUG 25844 --- [nio-8085-exec-9] org.hibernate.SQL                        : select ce1_0.id,ce1_0.activity,ce1_0.amount,ce1_0.category,ce1_0.created_at,ce1_0.date,ce1_0.notes,ce1_0.unit,ce1_0.user_id from carbon_entries ce1_0 where ce1_0.user_id=? order by ce1_0.date desc,ce1_0.created_at desc
2026-03-30T04:11:14.289+05:30 DEBUG 25844 --- [nio-8085-exec-9] org.hibernate.SQL                        : select ls1_0.id,ls1_0.buys_local_food,ls1_0.buys_second_hand,ls1_0.car_type,ls1_0.diet_type,ls1_0.estimated_annual_footprint,ls1_0.has_renewable_energy,ls1_0.home_heating,ls1_0.long_flights_per_year,ls1_0.meat_meals_per_week,ls1_0.monthly_electricity_kwh,ls1_0.primary_transport,ls1_0.shopping_habits,ls1_0.short_flights_per_year,ls1_0.user_id,ls1_0.weekly_driving_km from lifestyle_surveys ls1_0 where ls1_0.user_id=?
2026-03-30T04:11:14.290+05:30 DEBUG 25844 --- [nio-8085-exec-9] org.hibernate.SQL                        : select ce1_0.id from carbon_entries ce1_0 where ce1_0.user_id=? fetch first ? rows only
2026-03-30T04:11:14.291+05:30 DEBUG 25844 --- [nio-8085-exec-9] org.hibernate.SQL                        : select u1_0.id,u1_0.created_at,u1_0.email,u1_0.enabled,u1_0.name,u1_0.otp,u1_0.otp_expiry,u1_0.password,u1_0.role from users u1_0
2026-03-30T04:11:14.293+05:30 DEBUG 25844 --- [nio-8085-exec-9] org.hibernate.SQL                        : select ce1_0.id from carbon_entries ce1_0 where ce1_0.user_id=? fetch first ? rows only
2026-03-30T04:11:14.294+05:30 DEBUG 25844 --- [nio-8085-exec-9] org.hibernate.SQL                        : select ce1_0.id from carbon_entries ce1_0 where ce1_0.user_id=? fetch first ? rows only
2026-03-30T04:11:14.295+05:30 DEBUG 25844 --- [nio-8085-exec-9] org.hibernate.SQL                        : select sum(ce1_0.amount) from carbon_entries ce1_0 where ce1_0.user_id=?
2026-03-30T04:11:14.295+05:30 DEBUG 25844 --- [nio-8085-exec-9] org.hibernate.SQL                        : select sum(ce1_0.amount) from carbon_entries ce1_0 where ce1_0.user_id=?
2026-03-30T04:11:14.296+05:30 DEBUG 25844 --- [nio-8085-exec-9] org.hibernate.SQL                        : select ce1_0.category,sum(ce1_0.amount) from carbon_entries ce1_0 where ce1_0.user_id=? group by ce1_0.category
2026-03-30T04:11:14.297+05:30 DEBUG 25844 --- [nio-8085-exec-9] org.hibernate.SQL                        : select ls1_0.id,ls1_0.buys_local_food,ls1_0.buys_second_hand,ls1_0.car_type,ls1_0.diet_type,ls1_0.estimated_annual_footprint,ls1_0.has_renewable_energy,ls1_0.home_heating,ls1_0.long_flights_per_year,ls1_0.meat_meals_per_week,ls1_0.monthly_electricity_kwh,ls1_0.primary_transport,ls1_0.shopping_habits,ls1_0.short_flights_per_year,ls1_0.user_id,ls1_0.weekly_driving_km from lifestyle_surveys ls1_0 where ls1_0.user_id=?
2026-03-30T04:11:14.298+05:30 DEBUG 25844 --- [nio-8085-exec-9] org.hibernate.SQL                        : select count(g1_0.id) from goals g1_0 where g1_0.user_id=? and g1_0.status=?
2026-03-30T04:11:14.300+05:30 DEBUG 25844 --- [nio-8085-exec-9] org.hibernate.SQL                        : select ce1_0.id,ce1_0.activity,ce1_0.amount,ce1_0.category,ce1_0.created_at,ce1_0.date,ce1_0.notes,ce1_0.unit,ce1_0.user_id from carbon_entries ce1_0 where ce1_0.user_id=? order by ce1_0.date desc,ce1_0.created_at desc
2026-03-30T04:11:14.300+05:30 DEBUG 25844 --- [nio-8085-exec-9] org.hibernate.SQL                        : select sum(ce1_0.amount) from carbon_entries ce1_0 where ce1_0.user_id=? and ce1_0.date>=? and ce1_0.date<=?
2026-03-30T04:11:14.301+05:30 DEBUG 25844 --- [nio-8085-exec-9] org.hibernate.SQL                        : select b1_0.id,b1_0.active,b1_0.bg_color,b1_0.category,b1_0.color,b1_0.created_at,b1_0.created_by,b1_0.description,b1_0.icon,b1_0.name,b1_0.threshold_kg from badges b1_0 where b1_0.active
2026-03-30T04:11:14.301+05:30 DEBUG 25844 --- [nio-8085-exec-9] org.hibernate.SQL                        : select ce1_0.id from carbon_entries ce1_0 where ce1_0.user_id=? fetch first ? rows only
2026-03-30T04:11:14.303+05:30 DEBUG 25844 --- [nio-8085-exec-9] org.hibernate.SQL                        : select sum(ce1_0.amount) from carbon_entries ce1_0 where ce1_0.user_id=?
2026-03-30T04:11:14.304+05:30 DEBUG 25844 --- [nio-8085-exec-9] org.hibernate.SQL                        : select sum(ce1_0.amount) from carbon_entries ce1_0 where ce1_0.user_id=?
2026-03-30T04:11:14.305+05:30 DEBUG 25844 --- [nio-8085-exec-9] org.hibernate.SQL                        : select ce1_0.category,sum(ce1_0.amount) from carbon_entries ce1_0 where ce1_0.user_id=? group by ce1_0.category
2026-03-30T04:11:14.306+05:30 DEBUG 25844 --- [nio-8085-exec-9] org.hibernate.SQL                        : select ls1_0.id,ls1_0.buys_local_food,ls1_0.buys_second_hand,ls1_0.car_type,ls1_0.diet_type,ls1_0.estimated_annual_footprint,ls1_0.has_renewable_energy,ls1_0.home_heating,ls1_0.long_flights_per_year,ls1_0.meat_meals_per_week,ls1_0.monthly_electricity_kwh,ls1_0.primary_transport,ls1_0.shopping_habits,ls1_0.short_flights_per_year,ls1_0.user_id,ls1_0.weekly_driving_km from lifestyle_surveys ls1_0 where ls1_0.user_id=?
2026-03-30T04:11:14.306+05:30 DEBUG 25844 --- [nio-8085-exec-9] org.hibernate.SQL                        : select count(g1_0.id) from goals g1_0 where g1_0.user_id=? and g1_0.status=?
2026-03-30T04:11:14.307+05:30 DEBUG 25844 --- [nio-8085-exec-9] org.hibernate.SQL                        : select ce1_0.id,ce1_0.activity,ce1_0.amount,ce1_0.category,ce1_0.created_at,ce1_0.date,ce1_0.notes,ce1_0.unit,ce1_0.user_id from carbon_entries ce1_0 where ce1_0.user_id=? order by ce1_0.date desc,ce1_0.created_at desc
2026-03-30T04:11:14.308+05:30 DEBUG 25844 --- [nio-8085-exec-9] org.hibernate.SQL                        : select sum(ce1_0.amount) from carbon_entries ce1_0 where ce1_0.user_id=? and ce1_0.date>=? and ce1_0.date<=?
2026-03-30T04:11:14.309+05:30 DEBUG 25844 --- [nio-8085-exec-9] org.hibernate.SQL                        : select b1_0.id,b1_0.active,b1_0.bg_color,b1_0.category,b1_0.color,b1_0.created_at,b1_0.created_by,b1_0.description,b1_0.icon,b1_0.name,b1_0.threshold_kg from badges b1_0 where b1_0.active
2026-03-30T04:11:14.310+05:30 DEBUG 25844 --- [nio-8085-exec-9] org.hibernate.SQL                        : select ce1_0.id from carbon_entries ce1_0 where ce1_0.user_id=? fetch first ? rows only
2026-03-30T04:11:14.311+05:30 DEBUG 25844 --- [nio-8085-exec-9] org.hibernate.SQL                        : select sum(ce1_0.amount) from carbon_entries ce1_0 where ce1_0.user_id=?
2026-03-30T04:11:14.312+05:30 DEBUG 25844 --- [nio-8085-exec-9] org.hibernate.SQL                        : select sum(ce1_0.amount) from carbon_entries ce1_0 where ce1_0.user_id=?
2026-03-30T04:11:14.312+05:30 DEBUG 25844 --- [nio-8085-exec-9] org.hibernate.SQL                        : select ce1_0.category,sum(ce1_0.amount) from carbon_entries ce1_0 where ce1_0.user_id=? group by ce1_0.category
2026-03-30T04:11:14.313+05:30 DEBUG 25844 --- [nio-8085-exec-9] org.hibernate.SQL                        : select ls1_0.id,ls1_0.buys_local_food,ls1_0.buys_second_hand,ls1_0.car_type,ls1_0.diet_type,ls1_0.estimated_annual_footprint,ls1_0.has_renewable_energy,ls1_0.home_heating,ls1_0.long_flights_per_year,ls1_0.meat_meals_per_week,ls1_0.monthly_electricity_kwh,ls1_0.primary_transport,ls1_0.shopping_habits,ls1_0.short_flights_per_year,ls1_0.user_id,ls1_0.weekly_driving_km from lifestyle_surveys ls1_0 where ls1_0.user_id=?
2026-03-30T04:11:14.314+05:30 DEBUG 25844 --- [nio-8085-exec-9] org.hibernate.SQL                        : select count(g1_0.id) from goals g1_0 where g1_0.user_id=? and g1_0.status=?
2026-03-30T04:11:14.315+05:30 DEBUG 25844 --- [nio-8085-exec-9] org.hibernate.SQL                        : select ce1_0.id,ce1_0.activity,ce1_0.amount,ce1_0.category,ce1_0.created_at,ce1_0.date,ce1_0.notes,ce1_0.unit,ce1_0.user_id from carbon_entries ce1_0 where ce1_0.user_id=? order by ce1_0.date desc,ce1_0.created_at desc
2026-03-30T04:11:14.316+05:30 DEBUG 25844 --- [nio-8085-exec-9] org.hibernate.SQL                        : select sum(ce1_0.amount) from carbon_entries ce1_0 where ce1_0.user_id=? and ce1_0.date>=? and ce1_0.date<=?
2026-03-30T04:11:14.317+05:30 DEBUG 25844 --- [nio-8085-exec-9] org.hibernate.SQL                        : select b1_0.id,b1_0.active,b1_0.bg_color,b1_0.category,b1_0.color,b1_0.created_at,b1_0.created_by,b1_0.description,b1_0.icon,b1_0.name,b1_0.threshold_kg from badges b1_0 where b1_0.active
2026-03-30T04:11:14.318+05:30 DEBUG 25844 --- [nio-8085-exec-9] org.hibernate.SQL                        : select sum(ce1_0.amount) from carbon_entries ce1_0 where ce1_0.user_id=?
2026-03-30T04:11:14.319+05:30 DEBUG 25844 --- [nio-8085-exec-9] org.hibernate.SQL                        : select un1_0.id,un1_0.created_at,un1_0.message,un1_0.is_read,un1_0.title,un1_0.type,un1_0.user_id from notifications un1_0 where un1_0.user_id=? order by un1_0.created_at desc
2026-03-30T04:11:14.320+05:30 DEBUG 25844 --- [nio-8085-exec-9] org.hibernate.SQL                        : select count(un1_0.id) from notifications un1_0 where un1_0.user_id=? and not(un1_0.is_read)
2026-03-30T04:11:14.322+05:30 DEBUG 25844 --- [nio-8085-exec-9] org.hibernate.SQL                        : select count(g1_0.id) from goals g1_0 where g1_0.user_id=? and g1_0.status=?
2026-03-30T04:11:14.322+05:30 DEBUG 25844 --- [nio-8085-exec-9] org.hibernate.SQL                        : select count(g1_0.id) from goals g1_0 where g1_0.user_id=? and g1_0.status=?
2026-03-30T04:11:14.323+05:30 DEBUG 25844 --- [nio-8085-exec-9] org.hibernate.SQL                        : select sum(ce1_0.amount) from carbon_entries ce1_0 where ce1_0.user_id=?
2026-03-30T04:11:14.324+05:30 DEBUG 25844 --- [nio-8085-exec-9] org.hibernate.SQL                        : select ce1_0.category,sum(ce1_0.amount) from carbon_entries ce1_0 where ce1_0.user_id=? group by ce1_0.category
2026-03-30T04:11:14.324+05:30 DEBUG 25844 --- [nio-8085-exec-9] org.hibernate.SQL                        : select ls1_0.id,ls1_0.buys_local_food,ls1_0.buys_second_hand,ls1_0.car_type,ls1_0.diet_type,ls1_0.estimated_annual_footprint,ls1_0.has_renewable_energy,ls1_0.home_heating,ls1_0.long_flights_per_year,ls1_0.meat_meals_per_week,ls1_0.monthly_electricity_kwh,ls1_0.primary_transport,ls1_0.shopping_habits,ls1_0.short_flights_per_year,ls1_0.user_id,ls1_0.weekly_driving_km from lifestyle_surveys ls1_0 where ls1_0.user_id=?
2026-03-30T04:11:14.325+05:30 DEBUG 25844 --- [nio-8085-exec-9] org.hibernate.SQL                        : select count(g1_0.id) from goals g1_0 where g1_0.user_id=? and g1_0.status=?
2026-03-30T04:11:14.326+05:30 DEBUG 25844 --- [nio-8085-exec-9] org.hibernate.SQL                        : select ce1_0.id,ce1_0.activity,ce1_0.amount,ce1_0.category,ce1_0.created_at,ce1_0.date,ce1_0.notes,ce1_0.unit,ce1_0.user_id from carbon_entries ce1_0 where ce1_0.user_id=? order by ce1_0.date desc,ce1_0.created_at desc
2026-03-30T04:11:14.327+05:30 DEBUG 25844 --- [nio-8085-exec-9] org.hibernate.SQL                        : select sum(ce1_0.amount) from carbon_entries ce1_0 where ce1_0.user_id=? and ce1_0.date>=? and ce1_0.date<=?
2026-03-30T04:11:14.328+05:30 DEBUG 25844 --- [nio-8085-exec-9] org.hibernate.SQL                        : select b1_0.id,b1_0.active,b1_0.bg_color,b1_0.category,b1_0.color,b1_0.created_at,b1_0.created_by,b1_0.description,b1_0.icon,b1_0.name,b1_0.threshold_kg from badges b1_0 where b1_0.active
2026-03-30T04:11:14.329+05:30 DEBUG 25844 --- [nio-8085-exec-9] o.s.w.s.m.m.a.HttpEntityMethodProcessor  : Using 'application/json', given [*/*] and supported [application/json, application/*+json]
2026-03-30T04:11:14.329+05:30 DEBUG 25844 --- [nio-8085-exec-9] o.s.w.s.m.m.a.HttpEntityMethodProcessor  : Writing [DashboardResponse(userName=CarbonCalc Admin, memberSince=Sept 30, 2025, totalCarbonKg=15.9, thisMont (truncated)...]
2026-03-30T04:11:14.330+05:30 DEBUG 25844 --- [nio-8085-exec-9] o.s.web.servlet.DispatcherServlet        : Completed 200 OK
2026-03-30T04:11:15.384+05:30 DEBUG 25844 --- [nio-8085-exec-2] org.hibernate.SQL                        : select u1_0.id,u1_0.created_at,u1_0.email,u1_0.enabled,u1_0.name,u1_0.otp,u1_0.otp_expiry,u1_0.password,u1_0.role from users u1_0 where u1_0.email=?
2026-03-30T04:11:15.387+05:30 DEBUG 25844 --- [nio-8085-exec-2] o.s.web.servlet.DispatcherServlet        : GET "/api/dashboard?period=monthly", parameters={masked}
2026-03-30T04:11:15.388+05:30 DEBUG 25844 --- [nio-8085-exec-2] s.w.s.m.m.a.RequestMappingHandlerMapping : Mapped to com.ecotrack.backend.controller.DashboardController#get(User, String)
2026-03-30T04:11:15.388+05:30 DEBUG 25844 --- [nio-8085-exec-2] org.hibernate.SQL                        : select sum(ce1_0.amount) from carbon_entries ce1_0 where ce1_0.user_id=?
2026-03-30T04:11:15.390+05:30 DEBUG 25844 --- [nio-8085-exec-2] org.hibernate.SQL                        : select sum(ce1_0.amount) from carbon_entries ce1_0 where ce1_0.user_id=? and ce1_0.date>=? and ce1_0.date<=?
2026-03-30T04:11:15.391+05:30 DEBUG 25844 --- [nio-8085-exec-2] org.hibernate.SQL                        : select sum(ce1_0.amount) from carbon_entries ce1_0 where ce1_0.user_id=? and ce1_0.date>=? and ce1_0.date<=?
2026-03-30T04:11:15.392+05:30 DEBUG 25844 --- [nio-8085-exec-2] org.hibernate.SQL                        : select sum(ce1_0.amount) from carbon_entries ce1_0 where ce1_0.user_id=? and ce1_0.date>=? and ce1_0.date<=?
2026-03-30T04:11:15.393+05:30 DEBUG 25844 --- [nio-8085-exec-2] org.hibernate.SQL                        : select ce1_0.category,sum(ce1_0.amount) from carbon_entries ce1_0 where ce1_0.user_id=? group by ce1_0.category
2026-03-30T04:11:15.395+05:30 DEBUG 25844 --- [nio-8085-exec-2] org.hibernate.SQL                        : select ce1_0.date,sum(ce1_0.amount) from carbon_entries ce1_0 where ce1_0.user_id=? and ce1_0.date>=? group by ce1_0.date order by ce1_0.date
2026-03-30T04:11:15.397+05:30 DEBUG 25844 --- [nio-8085-exec-2] org.hibernate.SQL                        : select ce1_0.id,ce1_0.activity,ce1_0.amount,ce1_0.category,ce1_0.created_at,ce1_0.date,ce1_0.notes,ce1_0.unit,ce1_0.user_id from carbon_entries ce1_0 where ce1_0.user_id=? order by ce1_0.date desc,ce1_0.created_at desc
2026-03-30T04:11:15.401+05:30 DEBUG 25844 --- [nio-8085-exec-2] org.hibernate.SQL                        : select ls1_0.id,ls1_0.buys_local_food,ls1_0.buys_second_hand,ls1_0.car_type,ls1_0.diet_type,ls1_0.estimated_annual_footprint,ls1_0.has_renewable_energy,ls1_0.home_heating,ls1_0.long_flights_per_year,ls1_0.meat_meals_per_week,ls1_0.monthly_electricity_kwh,ls1_0.primary_transport,ls1_0.shopping_habits,ls1_0.short_flights_per_year,ls1_0.user_id,ls1_0.weekly_driving_km from lifestyle_surveys ls1_0 where ls1_0.user_id=?
2026-03-30T04:11:15.402+05:30 DEBUG 25844 --- [nio-8085-exec-2] org.hibernate.SQL                        : select ce1_0.id from carbon_entries ce1_0 where ce1_0.user_id=? fetch first ? rows only
2026-03-30T04:11:15.403+05:30 DEBUG 25844 --- [nio-8085-exec-2] org.hibernate.SQL                        : select u1_0.id,u1_0.created_at,u1_0.email,u1_0.enabled,u1_0.name,u1_0.otp,u1_0.otp_expiry,u1_0.password,u1_0.role from users u1_0
2026-03-30T04:11:15.405+05:30 DEBUG 25844 --- [nio-8085-exec-2] org.hibernate.SQL                        : select ce1_0.id from carbon_entries ce1_0 where ce1_0.user_id=? fetch first ? rows only
2026-03-30T04:11:15.406+05:30 DEBUG 25844 --- [nio-8085-exec-2] org.hibernate.SQL                        : select ce1_0.id from carbon_entries ce1_0 where ce1_0.user_id=? fetch first ? rows only
2026-03-30T04:11:15.407+05:30 DEBUG 25844 --- [nio-8085-exec-2] org.hibernate.SQL                        : select sum(ce1_0.amount) from carbon_entries ce1_0 where ce1_0.user_id=?
2026-03-30T04:11:15.408+05:30 DEBUG 25844 --- [nio-8085-exec-2] org.hibernate.SQL                        : select sum(ce1_0.amount) from carbon_entries ce1_0 where ce1_0.user_id=?
2026-03-30T04:11:15.409+05:30 DEBUG 25844 --- [nio-8085-exec-2] org.hibernate.SQL                        : select ce1_0.category,sum(ce1_0.amount) from carbon_entries ce1_0 where ce1_0.user_id=? group by ce1_0.category
2026-03-30T04:11:15.410+05:30 DEBUG 25844 --- [nio-8085-exec-2] org.hibernate.SQL                        : select ls1_0.id,ls1_0.buys_local_food,ls1_0.buys_second_hand,ls1_0.car_type,ls1_0.diet_type,ls1_0.estimated_annual_footprint,ls1_0.has_renewable_energy,ls1_0.home_heating,ls1_0.long_flights_per_year,ls1_0.meat_meals_per_week,ls1_0.monthly_electricity_kwh,ls1_0.primary_transport,ls1_0.shopping_habits,ls1_0.short_flights_per_year,ls1_0.user_id,ls1_0.weekly_driving_km from lifestyle_surveys ls1_0 where ls1_0.user_id=?
2026-03-30T04:11:15.411+05:30 DEBUG 25844 --- [nio-8085-exec-2] org.hibernate.SQL                        : select count(g1_0.id) from goals g1_0 where g1_0.user_id=? and g1_0.status=?
2026-03-30T04:11:15.412+05:30 DEBUG 25844 --- [nio-8085-exec-2] org.hibernate.SQL                        : select ce1_0.id,ce1_0.activity,ce1_0.amount,ce1_0.category,ce1_0.created_at,ce1_0.date,ce1_0.notes,ce1_0.unit,ce1_0.user_id from carbon_entries ce1_0 where ce1_0.user_id=? order by ce1_0.date desc,ce1_0.created_at desc
2026-03-30T04:11:15.413+05:30 DEBUG 25844 --- [nio-8085-exec-2] org.hibernate.SQL                        : select sum(ce1_0.amount) from carbon_entries ce1_0 where ce1_0.user_id=? and ce1_0.date>=? and ce1_0.date<=?
2026-03-30T04:11:15.413+05:30 DEBUG 25844 --- [nio-8085-exec-2] org.hibernate.SQL                        : select b1_0.id,b1_0.active,b1_0.bg_color,b1_0.category,b1_0.color,b1_0.created_at,b1_0.created_by,b1_0.description,b1_0.icon,b1_0.name,b1_0.threshold_kg from badges b1_0 where b1_0.active
2026-03-30T04:11:15.414+05:30 DEBUG 25844 --- [nio-8085-exec-2] org.hibernate.SQL                        : select ce1_0.id from carbon_entries ce1_0 where ce1_0.user_id=? fetch first ? rows only
2026-03-30T04:11:15.415+05:30 DEBUG 25844 --- [nio-8085-exec-2] org.hibernate.SQL                        : select sum(ce1_0.amount) from carbon_entries ce1_0 where ce1_0.user_id=?
2026-03-30T04:11:15.416+05:30 DEBUG 25844 --- [nio-8085-exec-2] org.hibernate.SQL                        : select sum(ce1_0.amount) from carbon_entries ce1_0 where ce1_0.user_id=?
2026-03-30T04:11:15.416+05:30 DEBUG 25844 --- [nio-8085-exec-2] org.hibernate.SQL                        : select ce1_0.category,sum(ce1_0.amount) from carbon_entries ce1_0 where ce1_0.user_id=? group by ce1_0.category
2026-03-30T04:11:15.418+05:30 DEBUG 25844 --- [nio-8085-exec-2] org.hibernate.SQL                        : select ls1_0.id,ls1_0.buys_local_food,ls1_0.buys_second_hand,ls1_0.car_type,ls1_0.diet_type,ls1_0.estimated_annual_footprint,ls1_0.has_renewable_energy,ls1_0.home_heating,ls1_0.long_flights_per_year,ls1_0.meat_meals_per_week,ls1_0.monthly_electricity_kwh,ls1_0.primary_transport,ls1_0.shopping_habits,ls1_0.short_flights_per_year,ls1_0.user_id,ls1_0.weekly_driving_km from lifestyle_surveys ls1_0 where ls1_0.user_id=?
2026-03-30T04:11:15.419+05:30 DEBUG 25844 --- [nio-8085-exec-2] org.hibernate.SQL                        : select count(g1_0.id) from goals g1_0 where g1_0.user_id=? and g1_0.status=?
2026-03-30T04:11:15.420+05:30 DEBUG 25844 --- [nio-8085-exec-2] org.hibernate.SQL                        : select ce1_0.id,ce1_0.activity,ce1_0.amount,ce1_0.category,ce1_0.created_at,ce1_0.date,ce1_0.notes,ce1_0.unit,ce1_0.user_id from carbon_entries ce1_0 where ce1_0.user_id=? order by ce1_0.date desc,ce1_0.created_at desc
2026-03-30T04:11:15.422+05:30 DEBUG 25844 --- [nio-8085-exec-2] org.hibernate.SQL                        : select sum(ce1_0.amount) from carbon_entries ce1_0 where ce1_0.user_id=? and ce1_0.date>=? and ce1_0.date<=?
2026-03-30T04:11:15.423+05:30 DEBUG 25844 --- [nio-8085-exec-2] org.hibernate.SQL                        : select b1_0.id,b1_0.active,b1_0.bg_color,b1_0.category,b1_0.color,b1_0.created_at,b1_0.created_by,b1_0.description,b1_0.icon,b1_0.name,b1_0.threshold_kg from badges b1_0 where b1_0.active
2026-03-30T04:11:15.423+05:30 DEBUG 25844 --- [nio-8085-exec-2] org.hibernate.SQL                        : select ce1_0.id from carbon_entries ce1_0 where ce1_0.user_id=? fetch first ? rows only
2026-03-30T04:11:15.424+05:30 DEBUG 25844 --- [nio-8085-exec-2] org.hibernate.SQL                        : select sum(ce1_0.amount) from carbon_entries ce1_0 where ce1_0.user_id=?
2026-03-30T04:11:15.424+05:30 DEBUG 25844 --- [nio-8085-exec-2] org.hibernate.SQL                        : select sum(ce1_0.amount) from carbon_entries ce1_0 where ce1_0.user_id=?
2026-03-30T04:11:15.425+05:30 DEBUG 25844 --- [nio-8085-exec-2] org.hibernate.SQL                        : select ce1_0.category,sum(ce1_0.amount) from carbon_entries ce1_0 where ce1_0.user_id=? group by ce1_0.category
2026-03-30T04:11:15.426+05:30 DEBUG 25844 --- [nio-8085-exec-2] org.hibernate.SQL                        : select ls1_0.id,ls1_0.buys_local_food,ls1_0.buys_second_hand,ls1_0.car_type,ls1_0.diet_type,ls1_0.estimated_annual_footprint,ls1_0.has_renewable_energy,ls1_0.home_heating,ls1_0.long_flights_per_year,ls1_0.meat_meals_per_week,ls1_0.monthly_electricity_kwh,ls1_0.primary_transport,ls1_0.shopping_habits,ls1_0.short_flights_per_year,ls1_0.user_id,ls1_0.weekly_driving_km from lifestyle_surveys ls1_0 where ls1_0.user_id=?
2026-03-30T04:11:15.428+05:30 DEBUG 25844 --- [nio-8085-exec-2] org.hibernate.SQL                        : select count(g1_0.id) from goals g1_0 where g1_0.user_id=? and g1_0.status=?
2026-03-30T04:11:15.429+05:30 DEBUG 25844 --- [nio-8085-exec-2] org.hibernate.SQL                        : select ce1_0.id,ce1_0.activity,ce1_0.amount,ce1_0.category,ce1_0.created_at,ce1_0.date,ce1_0.notes,ce1_0.unit,ce1_0.user_id from carbon_entries ce1_0 where ce1_0.user_id=? order by ce1_0.date desc,ce1_0.created_at desc
2026-03-30T04:11:15.430+05:30 DEBUG 25844 --- [nio-8085-exec-2] org.hibernate.SQL                        : select sum(ce1_0.amount) from carbon_entries ce1_0 where ce1_0.user_id=? and ce1_0.date>=? and ce1_0.date<=?
2026-03-30T04:11:15.431+05:30 DEBUG 25844 --- [nio-8085-exec-2] org.hibernate.SQL                        : select b1_0.id,b1_0.active,b1_0.bg_color,b1_0.category,b1_0.color,b1_0.created_at,b1_0.created_by,b1_0.description,b1_0.icon,b1_0.name,b1_0.threshold_kg from badges b1_0 where b1_0.active
2026-03-30T04:11:15.431+05:30 DEBUG 25844 --- [nio-8085-exec-2] org.hibernate.SQL                        : select sum(ce1_0.amount) from carbon_entries ce1_0 where ce1_0.user_id=?
2026-03-30T04:11:15.431+05:30 DEBUG 25844 --- [nio-8085-exec-2] org.hibernate.SQL                        : select un1_0.id,un1_0.created_at,un1_0.message,un1_0.is_read,un1_0.title,un1_0.type,un1_0.user_id from notifications un1_0 where un1_0.user_id=? order by un1_0.created_at desc
2026-03-30T04:11:15.433+05:30 DEBUG 25844 --- [nio-8085-exec-2] org.hibernate.SQL                        : select count(un1_0.id) from notifications un1_0 where un1_0.user_id=? and not(un1_0.is_read)
2026-03-30T04:11:15.433+05:30 DEBUG 25844 --- [nio-8085-exec-2] org.hibernate.SQL                        : select count(g1_0.id) from goals g1_0 where g1_0.user_id=? and g1_0.status=?
2026-03-30T04:11:15.436+05:30 DEBUG 25844 --- [nio-8085-exec-2] org.hibernate.SQL                        : select count(g1_0.id) from goals g1_0 where g1_0.user_id=? and g1_0.status=?
2026-03-30T04:11:15.437+05:30 DEBUG 25844 --- [nio-8085-exec-2] org.hibernate.SQL                        : select sum(ce1_0.amount) from carbon_entries ce1_0 where ce1_0.user_id=?
2026-03-30T04:11:15.438+05:30 DEBUG 25844 --- [nio-8085-exec-2] org.hibernate.SQL                        : select ce1_0.category,sum(ce1_0.amount) from carbon_entries ce1_0 where ce1_0.user_id=? group by ce1_0.category
2026-03-30T04:11:15.439+05:30 DEBUG 25844 --- [nio-8085-exec-2] org.hibernate.SQL                        : select ls1_0.id,ls1_0.buys_local_food,ls1_0.buys_second_hand,ls1_0.car_type,ls1_0.diet_type,ls1_0.estimated_annual_footprint,ls1_0.has_renewable_energy,ls1_0.home_heating,ls1_0.long_flights_per_year,ls1_0.meat_meals_per_week,ls1_0.monthly_electricity_kwh,ls1_0.primary_transport,ls1_0.shopping_habits,ls1_0.short_flights_per_year,ls1_0.user_id,ls1_0.weekly_driving_km from lifestyle_surveys ls1_0 where ls1_0.user_id=?
2026-03-30T04:11:15.440+05:30 DEBUG 25844 --- [nio-8085-exec-2] org.hibernate.SQL                        : select count(g1_0.id) from goals g1_0 where g1_0.user_id=? and g1_0.status=?
2026-03-30T04:11:15.441+05:30 DEBUG 25844 --- [nio-8085-exec-2] org.hibernate.SQL                        : select ce1_0.id,ce1_0.activity,ce1_0.amount,ce1_0.category,ce1_0.created_at,ce1_0.date,ce1_0.notes,ce1_0.unit,ce1_0.user_id from carbon_entries ce1_0 where ce1_0.user_id=? order by ce1_0.date desc,ce1_0.created_at desc
2026-03-30T04:11:15.442+05:30 DEBUG 25844 --- [nio-8085-exec-2] org.hibernate.SQL                        : select sum(ce1_0.amount) from carbon_entries ce1_0 where ce1_0.user_id=? and ce1_0.date>=? and ce1_0.date<=?
2026-03-30T04:11:15.442+05:30 DEBUG 25844 --- [nio-8085-exec-2] org.hibernate.SQL                        : select b1_0.id,b1_0.active,b1_0.bg_color,b1_0.category,b1_0.color,b1_0.created_at,b1_0.created_by,b1_0.description,b1_0.icon,b1_0.name,b1_0.threshold_kg from badges b1_0 where b1_0.active
2026-03-30T04:11:15.443+05:30 DEBUG 25844 --- [nio-8085-exec-2] o.s.w.s.m.m.a.HttpEntityMethodProcessor  : Using 'application/json', given [*/*] and supported [application/json, application/*+json]
2026-03-30T04:11:15.443+05:30 DEBUG 25844 --- [nio-8085-exec-2] o.s.w.s.m.m.a.HttpEntityMethodProcessor  : Writing [DashboardResponse(userName=CarbonCalc Admin, memberSince=Sept 30, 2025, totalCarbonKg=15.9, thisMont (truncated)...]
2026-03-30T04:11:15.444+05:30 DEBUG 25844 --- [nio-8085-exec-2] o.s.web.servlet.DispatcherServlet        : Completed 200 OK
2026-03-30T04:11:16.248+05:30 DEBUG 25844 --- [nio-8085-exec-4] org.hibernate.SQL                        : select u1_0.id,u1_0.created_at,u1_0.email,u1_0.enabled,u1_0.name,u1_0.otp,u1_0.otp_expiry,u1_0.password,u1_0.role from users u1_0 where u1_0.email=?
2026-03-30T04:11:16.252+05:30 DEBUG 25844 --- [nio-8085-exec-4] o.s.web.servlet.DispatcherServlet        : GET "/api/dashboard?period=weekly", parameters={masked}
2026-03-30T04:11:16.252+05:30 DEBUG 25844 --- [nio-8085-exec-4] s.w.s.m.m.a.RequestMappingHandlerMapping : Mapped to com.ecotrack.backend.controller.DashboardController#get(User, String)
2026-03-30T04:11:16.253+05:30 DEBUG 25844 --- [nio-8085-exec-4] org.hibernate.SQL                        : select sum(ce1_0.amount) from carbon_entries ce1_0 where ce1_0.user_id=?
2026-03-30T04:11:16.255+05:30 DEBUG 25844 --- [nio-8085-exec-4] org.hibernate.SQL                        : select sum(ce1_0.amount) from carbon_entries ce1_0 where ce1_0.user_id=? and ce1_0.date>=? and ce1_0.date<=?
2026-03-30T04:11:16.257+05:30 DEBUG 25844 --- [nio-8085-exec-4] org.hibernate.SQL                        : select sum(ce1_0.amount) from carbon_entries ce1_0 where ce1_0.user_id=? and ce1_0.date>=? and ce1_0.date<=?
2026-03-30T04:11:16.258+05:30 DEBUG 25844 --- [nio-8085-exec-4] org.hibernate.SQL                        : select sum(ce1_0.amount) from carbon_entries ce1_0 where ce1_0.user_id=? and ce1_0.date>=? and ce1_0.date<=?
2026-03-30T04:11:16.259+05:30 DEBUG 25844 --- [nio-8085-exec-4] org.hibernate.SQL                        : select ce1_0.category,sum(ce1_0.amount) from carbon_entries ce1_0 where ce1_0.user_id=? group by ce1_0.category
2026-03-30T04:11:16.262+05:30 DEBUG 25844 --- [nio-8085-exec-4] org.hibernate.SQL                        : select ce1_0.date,sum(ce1_0.amount) from carbon_entries ce1_0 where ce1_0.user_id=? and ce1_0.date>=? group by ce1_0.date order by ce1_0.date
2026-03-30T04:11:16.264+05:30 DEBUG 25844 --- [nio-8085-exec-4] org.hibernate.SQL                        : select ce1_0.id,ce1_0.activity,ce1_0.amount,ce1_0.category,ce1_0.created_at,ce1_0.date,ce1_0.notes,ce1_0.unit,ce1_0.user_id from carbon_entries ce1_0 where ce1_0.user_id=? order by ce1_0.date desc,ce1_0.created_at desc
2026-03-30T04:11:16.264+05:30 DEBUG 25844 --- [nio-8085-exec-4] org.hibernate.SQL                        : select ls1_0.id,ls1_0.buys_local_food,ls1_0.buys_second_hand,ls1_0.car_type,ls1_0.diet_type,ls1_0.estimated_annual_footprint,ls1_0.has_renewable_energy,ls1_0.home_heating,ls1_0.long_flights_per_year,ls1_0.meat_meals_per_week,ls1_0.monthly_electricity_kwh,ls1_0.primary_transport,ls1_0.shopping_habits,ls1_0.short_flights_per_year,ls1_0.user_id,ls1_0.weekly_driving_km from lifestyle_surveys ls1_0 where ls1_0.user_id=?
2026-03-30T04:11:16.266+05:30 DEBUG 25844 --- [nio-8085-exec-4] org.hibernate.SQL                        : select ce1_0.id from carbon_entries ce1_0 where ce1_0.user_id=? fetch first ? rows only
2026-03-30T04:11:16.267+05:30 DEBUG 25844 --- [nio-8085-exec-4] org.hibernate.SQL                        : select u1_0.id,u1_0.created_at,u1_0.email,u1_0.enabled,u1_0.name,u1_0.otp,u1_0.otp_expiry,u1_0.password,u1_0.role from users u1_0
2026-03-30T04:11:16.269+05:30 DEBUG 25844 --- [nio-8085-exec-4] org.hibernate.SQL                        : select ce1_0.id from carbon_entries ce1_0 where ce1_0.user_id=? fetch first ? rows only
2026-03-30T04:11:16.270+05:30 DEBUG 25844 --- [nio-8085-exec-4] org.hibernate.SQL                        : select ce1_0.id from carbon_entries ce1_0 where ce1_0.user_id=? fetch first ? rows only
2026-03-30T04:11:16.270+05:30 DEBUG 25844 --- [nio-8085-exec-4] org.hibernate.SQL                        : select sum(ce1_0.amount) from carbon_entries ce1_0 where ce1_0.user_id=?
2026-03-30T04:11:16.271+05:30 DEBUG 25844 --- [nio-8085-exec-4] org.hibernate.SQL                        : select sum(ce1_0.amount) from carbon_entries ce1_0 where ce1_0.user_id=?
2026-03-30T04:11:16.272+05:30 DEBUG 25844 --- [nio-8085-exec-4] org.hibernate.SQL                        : select ce1_0.category,sum(ce1_0.amount) from carbon_entries ce1_0 where ce1_0.user_id=? group by ce1_0.category
2026-03-30T04:11:16.273+05:30 DEBUG 25844 --- [nio-8085-exec-4] org.hibernate.SQL                        : select ls1_0.id,ls1_0.buys_local_food,ls1_0.buys_second_hand,ls1_0.car_type,ls1_0.diet_type,ls1_0.estimated_annual_footprint,ls1_0.has_renewable_energy,ls1_0.home_heating,ls1_0.long_flights_per_year,ls1_0.meat_meals_per_week,ls1_0.monthly_electricity_kwh,ls1_0.primary_transport,ls1_0.shopping_habits,ls1_0.short_flights_per_year,ls1_0.user_id,ls1_0.weekly_driving_km from lifestyle_surveys ls1_0 where ls1_0.user_id=?
2026-03-30T04:11:16.274+05:30 DEBUG 25844 --- [nio-8085-exec-4] org.hibernate.SQL                        : select count(g1_0.id) from goals g1_0 where g1_0.user_id=? and g1_0.status=?
2026-03-30T04:11:16.275+05:30 DEBUG 25844 --- [nio-8085-exec-4] org.hibernate.SQL                        : select ce1_0.id,ce1_0.activity,ce1_0.amount,ce1_0.category,ce1_0.created_at,ce1_0.date,ce1_0.notes,ce1_0.unit,ce1_0.user_id from carbon_entries ce1_0 where ce1_0.user_id=? order by ce1_0.date desc,ce1_0.created_at desc
2026-03-30T04:11:16.277+05:30 DEBUG 25844 --- [nio-8085-exec-4] org.hibernate.SQL                        : select sum(ce1_0.amount) from carbon_entries ce1_0 where ce1_0.user_id=? and ce1_0.date>=? and ce1_0.date<=?
2026-03-30T04:11:16.278+05:30 DEBUG 25844 --- [nio-8085-exec-4] org.hibernate.SQL                        : select b1_0.id,b1_0.active,b1_0.bg_color,b1_0.category,b1_0.color,b1_0.created_at,b1_0.created_by,b1_0.description,b1_0.icon,b1_0.name,b1_0.threshold_kg from badges b1_0 where b1_0.active
2026-03-30T04:11:16.280+05:30 DEBUG 25844 --- [nio-8085-exec-4] org.hibernate.SQL                        : select ce1_0.id from carbon_entries ce1_0 where ce1_0.user_id=? fetch first ? rows only
2026-03-30T04:11:16.282+05:30 DEBUG 25844 --- [nio-8085-exec-4] org.hibernate.SQL                        : select sum(ce1_0.amount) from carbon_entries ce1_0 where ce1_0.user_id=?
2026-03-30T04:11:16.283+05:30 DEBUG 25844 --- [nio-8085-exec-4] org.hibernate.SQL                        : select sum(ce1_0.amount) from carbon_entries ce1_0 where ce1_0.user_id=?
2026-03-30T04:11:16.284+05:30 DEBUG 25844 --- [nio-8085-exec-4] org.hibernate.SQL                        : select ce1_0.category,sum(ce1_0.amount) from carbon_entries ce1_0 where ce1_0.user_id=? group by ce1_0.category
2026-03-30T04:11:16.285+05:30 DEBUG 25844 --- [nio-8085-exec-4] org.hibernate.SQL                        : select ls1_0.id,ls1_0.buys_local_food,ls1_0.buys_second_hand,ls1_0.car_type,ls1_0.diet_type,ls1_0.estimated_annual_footprint,ls1_0.has_renewable_energy,ls1_0.home_heating,ls1_0.long_flights_per_year,ls1_0.meat_meals_per_week,ls1_0.monthly_electricity_kwh,ls1_0.primary_transport,ls1_0.shopping_habits,ls1_0.short_flights_per_year,ls1_0.user_id,ls1_0.weekly_driving_km from lifestyle_surveys ls1_0 where ls1_0.user_id=?
2026-03-30T04:11:16.287+05:30 DEBUG 25844 --- [nio-8085-exec-4] org.hibernate.SQL                        : select count(g1_0.id) from goals g1_0 where g1_0.user_id=? and g1_0.status=?
2026-03-30T04:11:16.288+05:30 DEBUG 25844 --- [nio-8085-exec-4] org.hibernate.SQL                        : select ce1_0.id,ce1_0.activity,ce1_0.amount,ce1_0.category,ce1_0.created_at,ce1_0.date,ce1_0.notes,ce1_0.unit,ce1_0.user_id from carbon_entries ce1_0 where ce1_0.user_id=? order by ce1_0.date desc,ce1_0.created_at desc
2026-03-30T04:11:16.289+05:30 DEBUG 25844 --- [nio-8085-exec-4] org.hibernate.SQL                        : select sum(ce1_0.amount) from carbon_entries ce1_0 where ce1_0.user_id=? and ce1_0.date>=? and ce1_0.date<=?
2026-03-30T04:11:16.291+05:30 DEBUG 25844 --- [nio-8085-exec-4] org.hibernate.SQL                        : select b1_0.id,b1_0.active,b1_0.bg_color,b1_0.category,b1_0.color,b1_0.created_at,b1_0.created_by,b1_0.description,b1_0.icon,b1_0.name,b1_0.threshold_kg from badges b1_0 where b1_0.active
2026-03-30T04:11:16.291+05:30 DEBUG 25844 --- [nio-8085-exec-4] org.hibernate.SQL                        : select ce1_0.id from carbon_entries ce1_0 where ce1_0.user_id=? fetch first ? rows only
2026-03-30T04:11:16.293+05:30 DEBUG 25844 --- [nio-8085-exec-4] org.hibernate.SQL                        : select sum(ce1_0.amount) from carbon_entries ce1_0 where ce1_0.user_id=?
2026-03-30T04:11:16.294+05:30 DEBUG 25844 --- [nio-8085-exec-4] org.hibernate.SQL                        : select sum(ce1_0.amount) from carbon_entries ce1_0 where ce1_0.user_id=?
2026-03-30T04:11:16.294+05:30 DEBUG 25844 --- [nio-8085-exec-4] org.hibernate.SQL                        : select ce1_0.category,sum(ce1_0.amount) from carbon_entries ce1_0 where ce1_0.user_id=? group by ce1_0.category
2026-03-30T04:11:16.294+05:30 DEBUG 25844 --- [nio-8085-exec-4] org.hibernate.SQL                        : select ls1_0.id,ls1_0.buys_local_food,ls1_0.buys_second_hand,ls1_0.car_type,ls1_0.diet_type,ls1_0.estimated_annual_footprint,ls1_0.has_renewable_energy,ls1_0.home_heating,ls1_0.long_flights_per_year,ls1_0.meat_meals_per_week,ls1_0.monthly_electricity_kwh,ls1_0.primary_transport,ls1_0.shopping_habits,ls1_0.short_flights_per_year,ls1_0.user_id,ls1_0.weekly_driving_km from lifestyle_surveys ls1_0 where ls1_0.user_id=?
2026-03-30T04:11:16.295+05:30 DEBUG 25844 --- [nio-8085-exec-4] org.hibernate.SQL                        : select count(g1_0.id) from goals g1_0 where g1_0.user_id=? and g1_0.status=?
2026-03-30T04:11:16.296+05:30 DEBUG 25844 --- [nio-8085-exec-4] org.hibernate.SQL                        : select ce1_0.id,ce1_0.activity,ce1_0.amount,ce1_0.category,ce1_0.created_at,ce1_0.date,ce1_0.notes,ce1_0.unit,ce1_0.user_id from carbon_entries ce1_0 where ce1_0.user_id=? order by ce1_0.date desc,ce1_0.created_at desc
2026-03-30T04:11:16.297+05:30 DEBUG 25844 --- [nio-8085-exec-4] org.hibernate.SQL                        : select sum(ce1_0.amount) from carbon_entries ce1_0 where ce1_0.user_id=? and ce1_0.date>=? and ce1_0.date<=?
2026-03-30T04:11:16.297+05:30 DEBUG 25844 --- [nio-8085-exec-4] org.hibernate.SQL                        : select b1_0.id,b1_0.active,b1_0.bg_color,b1_0.category,b1_0.color,b1_0.created_at,b1_0.created_by,b1_0.description,b1_0.icon,b1_0.name,b1_0.threshold_kg from badges b1_0 where b1_0.active
2026-03-30T04:11:16.297+05:30 DEBUG 25844 --- [nio-8085-exec-4] org.hibernate.SQL                        : select sum(ce1_0.amount) from carbon_entries ce1_0 where ce1_0.user_id=?
2026-03-30T04:11:16.299+05:30 DEBUG 25844 --- [nio-8085-exec-4] org.hibernate.SQL                        : select un1_0.id,un1_0.created_at,un1_0.message,un1_0.is_read,un1_0.title,un1_0.type,un1_0.user_id from notifications un1_0 where un1_0.user_id=? order by un1_0.created_at desc
2026-03-30T04:11:16.300+05:30 DEBUG 25844 --- [nio-8085-exec-4] org.hibernate.SQL                        : select count(un1_0.id) from notifications un1_0 where un1_0.user_id=? and not(un1_0.is_read)
2026-03-30T04:11:16.301+05:30 DEBUG 25844 --- [nio-8085-exec-4] org.hibernate.SQL                        : select count(g1_0.id) from goals g1_0 where g1_0.user_id=? and g1_0.status=?
2026-03-30T04:11:16.301+05:30 DEBUG 25844 --- [nio-8085-exec-4] org.hibernate.SQL                        : select count(g1_0.id) from goals g1_0 where g1_0.user_id=? and g1_0.status=?
2026-03-30T04:11:16.302+05:30 DEBUG 25844 --- [nio-8085-exec-4] org.hibernate.SQL                        : select sum(ce1_0.amount) from carbon_entries ce1_0 where ce1_0.user_id=?
2026-03-30T04:11:16.302+05:30 DEBUG 25844 --- [nio-8085-exec-4] org.hibernate.SQL                        : select ce1_0.category,sum(ce1_0.amount) from carbon_entries ce1_0 where ce1_0.user_id=? group by ce1_0.category
2026-03-30T04:11:16.303+05:30 DEBUG 25844 --- [nio-8085-exec-4] org.hibernate.SQL                        : select ls1_0.id,ls1_0.buys_local_food,ls1_0.buys_second_hand,ls1_0.car_type,ls1_0.diet_type,ls1_0.estimated_annual_footprint,ls1_0.has_renewable_energy,ls1_0.home_heating,ls1_0.long_flights_per_year,ls1_0.meat_meals_per_week,ls1_0.monthly_electricity_kwh,ls1_0.primary_transport,ls1_0.shopping_habits,ls1_0.short_flights_per_year,ls1_0.user_id,ls1_0.weekly_driving_km from lifestyle_surveys ls1_0 where ls1_0.user_id=?
2026-03-30T04:11:16.304+05:30 DEBUG 25844 --- [nio-8085-exec-4] org.hibernate.SQL                        : select count(g1_0.id) from goals g1_0 where g1_0.user_id=? and g1_0.status=?
2026-03-30T04:11:16.305+05:30 DEBUG 25844 --- [nio-8085-exec-4] org.hibernate.SQL                        : select ce1_0.id,ce1_0.activity,ce1_0.amount,ce1_0.category,ce1_0.created_at,ce1_0.date,ce1_0.notes,ce1_0.unit,ce1_0.user_id from carbon_entries ce1_0 where ce1_0.user_id=? order by ce1_0.date desc,ce1_0.created_at desc
2026-03-30T04:11:16.306+05:30 DEBUG 25844 --- [nio-8085-exec-4] org.hibernate.SQL                        : select sum(ce1_0.amount) from carbon_entries ce1_0 where ce1_0.user_id=? and ce1_0.date>=? and ce1_0.date<=?
2026-03-30T04:11:16.306+05:30 DEBUG 25844 --- [nio-8085-exec-4] org.hibernate.SQL                        : select b1_0.id,b1_0.active,b1_0.bg_color,b1_0.category,b1_0.color,b1_0.created_at,b1_0.created_by,b1_0.description,b1_0.icon,b1_0.name,b1_0.threshold_kg from badges b1_0 where b1_0.active
2026-03-30T04:11:16.308+05:30 DEBUG 25844 --- [nio-8085-exec-4] o.s.w.s.m.m.a.HttpEntityMethodProcessor  : Using 'application/json', given [*/*] and supported [application/json, application/*+json]
2026-03-30T04:11:16.309+05:30 DEBUG 25844 --- [nio-8085-exec-4] o.s.w.s.m.m.a.HttpEntityMethodProcessor  : Writing [DashboardResponse(userName=CarbonCalc Admin, memberSince=Sept 30, 2025, totalCarbonKg=15.9, thisMont (truncated)...]
2026-03-30T04:11:16.309+05:30 DEBUG 25844 --- [nio-8085-exec-4] o.s.web.servlet.DispatcherServlet        : Completed 200 OK
2026-03-30T04:11:17.081+05:30 DEBUG 25844 --- [nio-8085-exec-5] org.hibernate.SQL                        : select u1_0.id,u1_0.created_at,u1_0.email,u1_0.enabled,u1_0.name,u1_0.otp,u1_0.otp_expiry,u1_0.password,u1_0.role from users u1_0 where u1_0.email=?
2026-03-30T04:11:17.086+05:30 DEBUG 25844 --- [nio-8085-exec-5] o.s.web.servlet.DispatcherServlet        : GET "/api/dashboard?period=daily", parameters={masked}
2026-03-30T04:11:17.087+05:30 DEBUG 25844 --- [nio-8085-exec-5] s.w.s.m.m.a.RequestMappingHandlerMapping : Mapped to com.ecotrack.backend.controller.DashboardController#get(User, String)
2026-03-30T04:11:17.088+05:30 DEBUG 25844 --- [nio-8085-exec-5] org.hibernate.SQL                        : select sum(ce1_0.amount) from carbon_entries ce1_0 where ce1_0.user_id=?
2026-03-30T04:11:17.088+05:30 DEBUG 25844 --- [nio-8085-exec-5] org.hibernate.SQL                        : select sum(ce1_0.amount) from carbon_entries ce1_0 where ce1_0.user_id=? and ce1_0.date>=? and ce1_0.date<=?
2026-03-30T04:11:17.089+05:30 DEBUG 25844 --- [nio-8085-exec-5] org.hibernate.SQL                        : select sum(ce1_0.amount) from carbon_entries ce1_0 where ce1_0.user_id=? and ce1_0.date>=? and ce1_0.date<=?
2026-03-30T04:11:17.090+05:30 DEBUG 25844 --- [nio-8085-exec-5] org.hibernate.SQL                        : select sum(ce1_0.amount) from carbon_entries ce1_0 where ce1_0.user_id=? and ce1_0.date>=? and ce1_0.date<=?
2026-03-30T04:11:17.093+05:30 DEBUG 25844 --- [nio-8085-exec-5] org.hibernate.SQL                        : select ce1_0.category,sum(ce1_0.amount) from carbon_entries ce1_0 where ce1_0.user_id=? group by ce1_0.category
2026-03-30T04:11:17.094+05:30 DEBUG 25844 --- [nio-8085-exec-5] org.hibernate.SQL                        : select ce1_0.date,sum(ce1_0.amount) from carbon_entries ce1_0 where ce1_0.user_id=? and ce1_0.date>=? group by ce1_0.date order by ce1_0.date
2026-03-30T04:11:17.096+05:30 DEBUG 25844 --- [nio-8085-exec-5] org.hibernate.SQL                        : select ce1_0.id,ce1_0.activity,ce1_0.amount,ce1_0.category,ce1_0.created_at,ce1_0.date,ce1_0.notes,ce1_0.unit,ce1_0.user_id from carbon_entries ce1_0 where ce1_0.user_id=? order by ce1_0.date desc,ce1_0.created_at desc
2026-03-30T04:11:17.098+05:30 DEBUG 25844 --- [nio-8085-exec-5] org.hibernate.SQL                        : select ls1_0.id,ls1_0.buys_local_food,ls1_0.buys_second_hand,ls1_0.car_type,ls1_0.diet_type,ls1_0.estimated_annual_footprint,ls1_0.has_renewable_energy,ls1_0.home_heating,ls1_0.long_flights_per_year,ls1_0.meat_meals_per_week,ls1_0.monthly_electricity_kwh,ls1_0.primary_transport,ls1_0.shopping_habits,ls1_0.short_flights_per_year,ls1_0.user_id,ls1_0.weekly_driving_km from lifestyle_surveys ls1_0 where ls1_0.user_id=?
2026-03-30T04:11:17.099+05:30 DEBUG 25844 --- [nio-8085-exec-5] org.hibernate.SQL                        : select ce1_0.id from carbon_entries ce1_0 where ce1_0.user_id=? fetch first ? rows only
2026-03-30T04:11:17.100+05:30 DEBUG 25844 --- [nio-8085-exec-5] org.hibernate.SQL                        : select u1_0.id,u1_0.created_at,u1_0.email,u1_0.enabled,u1_0.name,u1_0.otp,u1_0.otp_expiry,u1_0.password,u1_0.role from users u1_0
2026-03-30T04:11:17.102+05:30 DEBUG 25844 --- [nio-8085-exec-5] org.hibernate.SQL                        : select ce1_0.id from carbon_entries ce1_0 where ce1_0.user_id=? fetch first ? rows only
2026-03-30T04:11:17.103+05:30 DEBUG 25844 --- [nio-8085-exec-5] org.hibernate.SQL                        : select ce1_0.id from carbon_entries ce1_0 where ce1_0.user_id=? fetch first ? rows only
2026-03-30T04:11:17.105+05:30 DEBUG 25844 --- [nio-8085-exec-5] org.hibernate.SQL                        : select sum(ce1_0.amount) from carbon_entries ce1_0 where ce1_0.user_id=?
2026-03-30T04:11:17.106+05:30 DEBUG 25844 --- [nio-8085-exec-5] org.hibernate.SQL                        : select sum(ce1_0.amount) from carbon_entries ce1_0 where ce1_0.user_id=?
2026-03-30T04:11:17.107+05:30 DEBUG 25844 --- [nio-8085-exec-5] org.hibernate.SQL                        : select ce1_0.category,sum(ce1_0.amount) from carbon_entries ce1_0 where ce1_0.user_id=? group by ce1_0.category
2026-03-30T04:11:17.109+05:30 DEBUG 25844 --- [nio-8085-exec-5] org.hibernate.SQL                        : select ls1_0.id,ls1_0.buys_local_food,ls1_0.buys_second_hand,ls1_0.car_type,ls1_0.diet_type,ls1_0.estimated_annual_footprint,ls1_0.has_renewable_energy,ls1_0.home_heating,ls1_0.long_flights_per_year,ls1_0.meat_meals_per_week,ls1_0.monthly_electricity_kwh,ls1_0.primary_transport,ls1_0.shopping_habits,ls1_0.short_flights_per_year,ls1_0.user_id,ls1_0.weekly_driving_km from lifestyle_surveys ls1_0 where ls1_0.user_id=?
2026-03-30T04:11:17.110+05:30 DEBUG 25844 --- [nio-8085-exec-5] org.hibernate.SQL                        : select count(g1_0.id) from goals g1_0 where g1_0.user_id=? and g1_0.status=?
2026-03-30T04:11:17.111+05:30 DEBUG 25844 --- [nio-8085-exec-5] org.hibernate.SQL                        : select ce1_0.id,ce1_0.activity,ce1_0.amount,ce1_0.category,ce1_0.created_at,ce1_0.date,ce1_0.notes,ce1_0.unit,ce1_0.user_id from carbon_entries ce1_0 where ce1_0.user_id=? order by ce1_0.date desc,ce1_0.created_at desc
2026-03-30T04:11:17.112+05:30 DEBUG 25844 --- [nio-8085-exec-5] org.hibernate.SQL                        : select sum(ce1_0.amount) from carbon_entries ce1_0 where ce1_0.user_id=? and ce1_0.date>=? and ce1_0.date<=?
2026-03-30T04:11:17.114+05:30 DEBUG 25844 --- [nio-8085-exec-5] org.hibernate.SQL                        : select b1_0.id,b1_0.active,b1_0.bg_color,b1_0.category,b1_0.color,b1_0.created_at,b1_0.created_by,b1_0.description,b1_0.icon,b1_0.name,b1_0.threshold_kg from badges b1_0 where b1_0.active
2026-03-30T04:11:17.115+05:30 DEBUG 25844 --- [nio-8085-exec-5] org.hibernate.SQL                        : select ce1_0.id from carbon_entries ce1_0 where ce1_0.user_id=? fetch first ? rows only
2026-03-30T04:11:17.116+05:30 DEBUG 25844 --- [nio-8085-exec-5] org.hibernate.SQL                        : select sum(ce1_0.amount) from carbon_entries ce1_0 where ce1_0.user_id=?
2026-03-30T04:11:17.116+05:30 DEBUG 25844 --- [nio-8085-exec-5] org.hibernate.SQL                        : select sum(ce1_0.amount) from carbon_entries ce1_0 where ce1_0.user_id=?
2026-03-30T04:11:17.117+05:30 DEBUG 25844 --- [nio-8085-exec-5] org.hibernate.SQL                        : select ce1_0.category,sum(ce1_0.amount) from carbon_entries ce1_0 where ce1_0.user_id=? group by ce1_0.category
2026-03-30T04:11:17.118+05:30 DEBUG 25844 --- [nio-8085-exec-5] org.hibernate.SQL                        : select ls1_0.id,ls1_0.buys_local_food,ls1_0.buys_second_hand,ls1_0.car_type,ls1_0.diet_type,ls1_0.estimated_annual_footprint,ls1_0.has_renewable_energy,ls1_0.home_heating,ls1_0.long_flights_per_year,ls1_0.meat_meals_per_week,ls1_0.monthly_electricity_kwh,ls1_0.primary_transport,ls1_0.shopping_habits,ls1_0.short_flights_per_year,ls1_0.user_id,ls1_0.weekly_driving_km from lifestyle_surveys ls1_0 where ls1_0.user_id=?
2026-03-30T04:11:17.119+05:30 DEBUG 25844 --- [nio-8085-exec-5] org.hibernate.SQL                        : select count(g1_0.id) from goals g1_0 where g1_0.user_id=? and g1_0.status=?
2026-03-30T04:11:17.120+05:30 DEBUG 25844 --- [nio-8085-exec-5] org.hibernate.SQL                        : select ce1_0.id,ce1_0.activity,ce1_0.amount,ce1_0.category,ce1_0.created_at,ce1_0.date,ce1_0.notes,ce1_0.unit,ce1_0.user_id from carbon_entries ce1_0 where ce1_0.user_id=? order by ce1_0.date desc,ce1_0.created_at desc
2026-03-30T04:11:17.121+05:30 DEBUG 25844 --- [nio-8085-exec-5] org.hibernate.SQL                        : select sum(ce1_0.amount) from carbon_entries ce1_0 where ce1_0.user_id=? and ce1_0.date>=? and ce1_0.date<=?
2026-03-30T04:11:17.122+05:30 DEBUG 25844 --- [nio-8085-exec-5] org.hibernate.SQL                        : select b1_0.id,b1_0.active,b1_0.bg_color,b1_0.category,b1_0.color,b1_0.created_at,b1_0.created_by,b1_0.description,b1_0.icon,b1_0.name,b1_0.threshold_kg from badges b1_0 where b1_0.active
2026-03-30T04:11:17.123+05:30 DEBUG 25844 --- [nio-8085-exec-5] org.hibernate.SQL                        : select ce1_0.id from carbon_entries ce1_0 where ce1_0.user_id=? fetch first ? rows only
2026-03-30T04:11:17.124+05:30 DEBUG 25844 --- [nio-8085-exec-5] org.hibernate.SQL                        : select sum(ce1_0.amount) from carbon_entries ce1_0 where ce1_0.user_id=?
2026-03-30T04:11:17.124+05:30 DEBUG 25844 --- [nio-8085-exec-5] org.hibernate.SQL                        : select sum(ce1_0.amount) from carbon_entries ce1_0 where ce1_0.user_id=?
2026-03-30T04:11:17.125+05:30 DEBUG 25844 --- [nio-8085-exec-5] org.hibernate.SQL                        : select ce1_0.category,sum(ce1_0.amount) from carbon_entries ce1_0 where ce1_0.user_id=? group by ce1_0.category
2026-03-30T04:11:17.126+05:30 DEBUG 25844 --- [nio-8085-exec-5] org.hibernate.SQL                        : select ls1_0.id,ls1_0.buys_local_food,ls1_0.buys_second_hand,ls1_0.car_type,ls1_0.diet_type,ls1_0.estimated_annual_footprint,ls1_0.has_renewable_energy,ls1_0.home_heating,ls1_0.long_flights_per_year,ls1_0.meat_meals_per_week,ls1_0.monthly_electricity_kwh,ls1_0.primary_transport,ls1_0.shopping_habits,ls1_0.short_flights_per_year,ls1_0.user_id,ls1_0.weekly_driving_km from lifestyle_surveys ls1_0 where ls1_0.user_id=?
2026-03-30T04:11:17.127+05:30 DEBUG 25844 --- [nio-8085-exec-5] org.hibernate.SQL                        : select count(g1_0.id) from goals g1_0 where g1_0.user_id=? and g1_0.status=?
2026-03-30T04:11:17.128+05:30 DEBUG 25844 --- [nio-8085-exec-5] org.hibernate.SQL                        : select ce1_0.id,ce1_0.activity,ce1_0.amount,ce1_0.category,ce1_0.created_at,ce1_0.date,ce1_0.notes,ce1_0.unit,ce1_0.user_id from carbon_entries ce1_0 where ce1_0.user_id=? order by ce1_0.date desc,ce1_0.created_at desc
2026-03-30T04:11:17.129+05:30 DEBUG 25844 --- [nio-8085-exec-5] org.hibernate.SQL                        : select sum(ce1_0.amount) from carbon_entries ce1_0 where ce1_0.user_id=? and ce1_0.date>=? and ce1_0.date<=?
2026-03-30T04:11:17.130+05:30 DEBUG 25844 --- [nio-8085-exec-5] org.hibernate.SQL                        : select b1_0.id,b1_0.active,b1_0.bg_color,b1_0.category,b1_0.color,b1_0.created_at,b1_0.created_by,b1_0.description,b1_0.icon,b1_0.name,b1_0.threshold_kg from badges b1_0 where b1_0.active
2026-03-30T04:11:17.131+05:30 DEBUG 25844 --- [nio-8085-exec-5] org.hibernate.SQL                        : select sum(ce1_0.amount) from carbon_entries ce1_0 where ce1_0.user_id=?
2026-03-30T04:11:17.132+05:30 DEBUG 25844 --- [nio-8085-exec-5] org.hibernate.SQL                        : select un1_0.id,un1_0.created_at,un1_0.message,un1_0.is_read,un1_0.title,un1_0.type,un1_0.user_id from notifications un1_0 where un1_0.user_id=? order by un1_0.created_at desc
2026-03-30T04:11:17.133+05:30 DEBUG 25844 --- [nio-8085-exec-5] org.hibernate.SQL                        : select count(un1_0.id) from notifications un1_0 where un1_0.user_id=? and not(un1_0.is_read)
2026-03-30T04:11:17.134+05:30 DEBUG 25844 --- [nio-8085-exec-5] org.hibernate.SQL                        : select count(g1_0.id) from goals g1_0 where g1_0.user_id=? and g1_0.status=?
2026-03-30T04:11:17.135+05:30 DEBUG 25844 --- [nio-8085-exec-5] org.hibernate.SQL                        : select count(g1_0.id) from goals g1_0 where g1_0.user_id=? and g1_0.status=?
2026-03-30T04:11:17.136+05:30 DEBUG 25844 --- [nio-8085-exec-5] org.hibernate.SQL                        : select sum(ce1_0.amount) from carbon_entries ce1_0 where ce1_0.user_id=?
2026-03-30T04:11:17.137+05:30 DEBUG 25844 --- [nio-8085-exec-5] org.hibernate.SQL                        : select ce1_0.category,sum(ce1_0.amount) from carbon_entries ce1_0 where ce1_0.user_id=? group by ce1_0.category
2026-03-30T04:11:17.138+05:30 DEBUG 25844 --- [nio-8085-exec-5] org.hibernate.SQL                        : select ls1_0.id,ls1_0.buys_local_food,ls1_0.buys_second_hand,ls1_0.car_type,ls1_0.diet_type,ls1_0.estimated_annual_footprint,ls1_0.has_renewable_energy,ls1_0.home_heating,ls1_0.long_flights_per_year,ls1_0.meat_meals_per_week,ls1_0.monthly_electricity_kwh,ls1_0.primary_transport,ls1_0.shopping_habits,ls1_0.short_flights_per_year,ls1_0.user_id,ls1_0.weekly_driving_km from lifestyle_surveys ls1_0 where ls1_0.user_id=?
2026-03-30T04:11:17.139+05:30 DEBUG 25844 --- [nio-8085-exec-5] org.hibernate.SQL                        : select count(g1_0.id) from goals g1_0 where g1_0.user_id=? and g1_0.status=?
2026-03-30T04:11:17.140+05:30 DEBUG 25844 --- [nio-8085-exec-5] org.hibernate.SQL                        : select ce1_0.id,ce1_0.activity,ce1_0.amount,ce1_0.category,ce1_0.created_at,ce1_0.date,ce1_0.notes,ce1_0.unit,ce1_0.user_id from carbon_entries ce1_0 where ce1_0.user_id=? order by ce1_0.date desc,ce1_0.created_at desc
2026-03-30T04:11:17.140+05:30 DEBUG 25844 --- [nio-8085-exec-5] org.hibernate.SQL                        : select sum(ce1_0.amount) from carbon_entries ce1_0 where ce1_0.user_id=? and ce1_0.date>=? and ce1_0.date<=?
2026-03-30T04:11:17.141+05:30 DEBUG 25844 --- [nio-8085-exec-5] org.hibernate.SQL                        : select b1_0.id,b1_0.active,b1_0.bg_color,b1_0.category,b1_0.color,b1_0.created_at,b1_0.created_by,b1_0.description,b1_0.icon,b1_0.name,b1_0.threshold_kg from badges b1_0 where b1_0.active
2026-03-30T04:11:17.142+05:30 DEBUG 25844 --- [nio-8085-exec-5] o.s.w.s.m.m.a.HttpEntityMethodProcessor  : Using 'application/json', given [*/*] and supported [application/json, application/*+json]
2026-03-30T04:11:17.143+05:30 DEBUG 25844 --- [nio-8085-exec-5] o.s.w.s.m.m.a.HttpEntityMethodProcessor  : Writing [DashboardResponse(userName=CarbonCalc Admin, memberSince=Sept 30, 2025, totalCarbonKg=15.9, thisMont (truncated)...]
2026-03-30T04:11:17.143+05:30 DEBUG 25844 --- [nio-8085-exec-5] o.s.web.servlet.DispatcherServlet        : Completed 200 OK
2026-03-30T04:11:18.915+05:30 DEBUG 25844 --- [nio-8085-exec-7] org.hibernate.SQL                        : select u1_0.id,u1_0.created_at,u1_0.email,u1_0.enabled,u1_0.name,u1_0.otp,u1_0.otp_expiry,u1_0.password,u1_0.role from users u1_0 where u1_0.email=?
2026-03-30T04:11:18.920+05:30 DEBUG 25844 --- [nio-8085-exec-7] o.s.web.servlet.DispatcherServlet        : GET "/api/notifications", parameters={}
2026-03-30T04:11:18.920+05:30 DEBUG 25844 --- [nio-8085-exec-7] s.w.s.m.m.a.RequestMappingHandlerMapping : Mapped to com.ecotrack.backend.controller.NotificationController#getNotifications(User)
2026-03-30T04:11:18.921+05:30 DEBUG 25844 --- [nio-8085-exec-7] org.hibernate.SQL                        : select un1_0.id,un1_0.created_at,un1_0.message,un1_0.is_read,un1_0.title,un1_0.type,un1_0.user_id from notifications un1_0 where un1_0.user_id=? order by un1_0.created_at desc
2026-03-30T04:11:18.922+05:30 DEBUG 25844 --- [nio-8085-exec-7] o.s.w.s.m.m.a.HttpEntityMethodProcessor  : Using 'application/json', given [*/*] and supported [application/json, application/*+json]
2026-03-30T04:11:18.922+05:30 DEBUG 25844 --- [nio-8085-exec-7] o.s.w.s.m.m.a.HttpEntityMethodProcessor  : Writing [[{id=5, title=Purchase confirmed, message=You purchased tree1 for 2000.0 and offset 15.0 kg CO2e., t (truncated)...]
2026-03-30T04:11:18.923+05:30 DEBUG 25844 --- [nio-8085-exec-7] o.s.web.servlet.DispatcherServlet        : Completed 200 OK
2026-03-30T04:11:20.036+05:30 DEBUG 25844 --- [nio-8085-exec-1] org.hibernate.SQL                        : select u1_0.id,u1_0.created_at,u1_0.email,u1_0.enabled,u1_0.name,u1_0.otp,u1_0.otp_expiry,u1_0.password,u1_0.role from users u1_0 where u1_0.email=?
2026-03-30T04:11:20.041+05:30 DEBUG 25844 --- [nio-8085-exec-1] o.s.web.servlet.DispatcherServlet        : GET "/api/notifications", parameters={}
2026-03-30T04:11:20.041+05:30 DEBUG 25844 --- [nio-8085-exec-1] s.w.s.m.m.a.RequestMappingHandlerMapping : Mapped to com.ecotrack.backend.controller.NotificationController#getNotifications(User)
2026-03-30T04:11:20.042+05:30 DEBUG 25844 --- [io-8085-exec-10] org.hibernate.SQL                        : select u1_0.id,u1_0.created_at,u1_0.email,u1_0.enabled,u1_0.name,u1_0.otp,u1_0.otp_expiry,u1_0.password,u1_0.role from users u1_0 where u1_0.email=?
2026-03-30T04:11:20.042+05:30 DEBUG 25844 --- [nio-8085-exec-1] org.hibernate.SQL                        : select un1_0.id,un1_0.created_at,un1_0.message,un1_0.is_read,un1_0.title,un1_0.type,un1_0.user_id from notifications un1_0 where un1_0.user_id=? order by un1_0.created_at desc
2026-03-30T04:11:20.043+05:30 DEBUG 25844 --- [io-8085-exec-10] o.s.web.servlet.DispatcherServlet        : GET "/api/carbon", parameters={}
2026-03-30T04:11:20.043+05:30 DEBUG 25844 --- [nio-8085-exec-1] o.s.w.s.m.m.a.HttpEntityMethodProcessor  : Using 'application/json', given [*/*] and supported [application/json, application/*+json]
2026-03-30T04:11:20.043+05:30 DEBUG 25844 --- [io-8085-exec-10] s.w.s.m.m.a.RequestMappingHandlerMapping : Mapped to com.ecotrack.backend.controller.CarbonEntryController#getAll(User)
2026-03-30T04:11:20.044+05:30 DEBUG 25844 --- [nio-8085-exec-1] o.s.w.s.m.m.a.HttpEntityMethodProcessor  : Writing [[{id=5, title=Purchase confirmed, message=You purchased tree1 for 2000.0 and offset 15.0 kg CO2e., t (truncated)...]
2026-03-30T04:11:20.044+05:30 DEBUG 25844 --- [io-8085-exec-10] org.hibernate.SQL                        : select ce1_0.id,ce1_0.activity,ce1_0.amount,ce1_0.category,ce1_0.created_at,ce1_0.date,ce1_0.notes,ce1_0.unit,ce1_0.user_id from carbon_entries ce1_0 where ce1_0.user_id=? order by ce1_0.date desc,ce1_0.created_at desc
2026-03-30T04:11:20.044+05:30 DEBUG 25844 --- [nio-8085-exec-1] o.s.web.servlet.DispatcherServlet        : Completed 200 OK
2026-03-30T04:11:20.045+05:30 DEBUG 25844 --- [io-8085-exec-10] o.s.w.s.m.m.a.HttpEntityMethodProcessor  : Using 'application/json', given [*/*] and supported [application/json, application/*+json]
2026-03-30T04:11:20.046+05:30 DEBUG 25844 --- [io-8085-exec-10] o.s.w.s.m.m.a.HttpEntityMethodProcessor  : Writing [[CarbonEntryResponse(id=4, category=transport, activity=Weekend ride-share, amount=5.1, unit=kg CO2, (truncated)...]
2026-03-30T04:11:20.047+05:30 DEBUG 25844 --- [io-8085-exec-10] o.s.web.servlet.DispatcherServlet        : Completed 200 OK
2026-03-30T04:11:20.052+05:30 DEBUG 25844 --- [nio-8085-exec-2] org.hibernate.SQL                        : select u1_0.id,u1_0.created_at,u1_0.email,u1_0.enabled,u1_0.name,u1_0.otp,u1_0.otp_expiry,u1_0.password,u1_0.role from users u1_0 where u1_0.email=?
2026-03-30T04:11:20.053+05:30 DEBUG 25844 --- [nio-8085-exec-2] o.s.web.servlet.DispatcherServlet        : GET "/api/carbon", parameters={}
2026-03-30T04:11:20.053+05:30 DEBUG 25844 --- [nio-8085-exec-2] s.w.s.m.m.a.RequestMappingHandlerMapping : Mapped to com.ecotrack.backend.controller.CarbonEntryController#getAll(User)
2026-03-30T04:11:20.054+05:30 DEBUG 25844 --- [nio-8085-exec-2] org.hibernate.SQL                        : select ce1_0.id,ce1_0.activity,ce1_0.amount,ce1_0.category,ce1_0.created_at,ce1_0.date,ce1_0.notes,ce1_0.unit,ce1_0.user_id from carbon_entries ce1_0 where ce1_0.user_id=? order by ce1_0.date desc,ce1_0.created_at desc
2026-03-30T04:11:20.055+05:30 DEBUG 25844 --- [nio-8085-exec-2] o.s.w.s.m.m.a.HttpEntityMethodProcessor  : Using 'application/json', given [*/*] and supported [application/json, application/*+json]
2026-03-30T04:11:20.055+05:30 DEBUG 25844 --- [nio-8085-exec-2] o.s.w.s.m.m.a.HttpEntityMethodProcessor  : Writing [[CarbonEntryResponse(id=4, category=transport, activity=Weekend ride-share, amount=5.1, unit=kg CO2, (truncated)...]
2026-03-30T04:11:20.056+05:30 DEBUG 25844 --- [nio-8085-exec-2] o.s.web.servlet.DispatcherServlet        : Completed 200 OK
2026-03-30T04:11:20.756+05:30 DEBUG 25844 --- [nio-8085-exec-8] org.hibernate.SQL                        : select u1_0.id,u1_0.created_at,u1_0.email,u1_0.enabled,u1_0.name,u1_0.otp,u1_0.otp_expiry,u1_0.password,u1_0.role from users u1_0 where u1_0.email=?
2026-03-30T04:11:20.759+05:30 DEBUG 25844 --- [nio-8085-exec-3] org.hibernate.SQL                        : select u1_0.id,u1_0.created_at,u1_0.email,u1_0.enabled,u1_0.name,u1_0.otp,u1_0.otp_expiry,u1_0.password,u1_0.role from users u1_0 where u1_0.email=?
2026-03-30T04:11:20.761+05:30 DEBUG 25844 --- [nio-8085-exec-8] o.s.web.servlet.DispatcherServlet        : GET "/api/notifications", parameters={}
2026-03-30T04:11:20.761+05:30 DEBUG 25844 --- [nio-8085-exec-3] o.s.web.servlet.DispatcherServlet        : GET "/api/goals", parameters={}
2026-03-30T04:11:20.761+05:30 DEBUG 25844 --- [nio-8085-exec-8] s.w.s.m.m.a.RequestMappingHandlerMapping : Mapped to com.ecotrack.backend.controller.NotificationController#getNotifications(User)
2026-03-30T04:11:20.761+05:30 DEBUG 25844 --- [nio-8085-exec-3] s.w.s.m.m.a.RequestMappingHandlerMapping : Mapped to com.ecotrack.backend.controller.GoalController#getAll(User)
2026-03-30T04:11:20.762+05:30 DEBUG 25844 --- [nio-8085-exec-8] org.hibernate.SQL                        : select un1_0.id,un1_0.created_at,un1_0.message,un1_0.is_read,un1_0.title,un1_0.type,un1_0.user_id from notifications un1_0 where un1_0.user_id=? order by un1_0.created_at desc
2026-03-30T04:11:20.762+05:30 DEBUG 25844 --- [nio-8085-exec-3] org.hibernate.SQL                        : select g1_0.id,g1_0.category,g1_0.created_at,g1_0.current_progress,g1_0.deadline,g1_0.description,g1_0.status,g1_0.target_amount,g1_0.title,g1_0.user_id from goals g1_0 where g1_0.user_id=? order by g1_0.created_at desc
2026-03-30T04:11:20.764+05:30 DEBUG 25844 --- [nio-8085-exec-3] o.s.w.s.m.m.a.HttpEntityMethodProcessor  : Using 'application/json', given [*/*] and supported [application/json, application/*+json]
2026-03-30T04:11:20.764+05:30 DEBUG 25844 --- [nio-8085-exec-8] o.s.w.s.m.m.a.HttpEntityMethodProcessor  : Using 'application/json', given [*/*] and supported [application/json, application/*+json]
2026-03-30T04:11:20.765+05:30 DEBUG 25844 --- [nio-8085-exec-3] o.s.w.s.m.m.a.HttpEntityMethodProcessor  : Writing [[GoalResponse(id=1, title=Cut commuting emissions, description=Reduce transport emissions by using p (truncated)...]
2026-03-30T04:11:20.765+05:30 DEBUG 25844 --- [nio-8085-exec-8] o.s.w.s.m.m.a.HttpEntityMethodProcessor  : Writing [[{id=5, title=Purchase confirmed, message=You purchased tree1 for 2000.0 and offset 15.0 kg CO2e., t (truncated)...]
2026-03-30T04:11:20.765+05:30 DEBUG 25844 --- [nio-8085-exec-3] o.s.web.servlet.DispatcherServlet        : Completed 200 OK
2026-03-30T04:11:20.766+05:30 DEBUG 25844 --- [nio-8085-exec-8] o.s.web.servlet.DispatcherServlet        : Completed 200 OK
2026-03-30T04:11:20.769+05:30 DEBUG 25844 --- [nio-8085-exec-7] org.hibernate.SQL                        : select u1_0.id,u1_0.created_at,u1_0.email,u1_0.enabled,u1_0.name,u1_0.otp,u1_0.otp_expiry,u1_0.password,u1_0.role from users u1_0 where u1_0.email=?
2026-03-30T04:11:20.770+05:30 DEBUG 25844 --- [nio-8085-exec-7] o.s.web.servlet.DispatcherServlet        : GET "/api/goals", parameters={}
2026-03-30T04:11:20.770+05:30 DEBUG 25844 --- [nio-8085-exec-7] s.w.s.m.m.a.RequestMappingHandlerMapping : Mapped to com.ecotrack.backend.controller.GoalController#getAll(User)
2026-03-30T04:11:20.772+05:30 DEBUG 25844 --- [nio-8085-exec-7] org.hibernate.SQL                        : select g1_0.id,g1_0.category,g1_0.created_at,g1_0.current_progress,g1_0.deadline,g1_0.description,g1_0.status,g1_0.target_amount,g1_0.title,g1_0.user_id from goals g1_0 where g1_0.user_id=? order by g1_0.created_at desc
2026-03-30T04:11:20.773+05:30 DEBUG 25844 --- [nio-8085-exec-7] o.s.w.s.m.m.a.HttpEntityMethodProcessor  : Using 'application/json', given [*/*] and supported [application/json, application/*+json]
2026-03-30T04:11:20.774+05:30 DEBUG 25844 --- [nio-8085-exec-7] o.s.w.s.m.m.a.HttpEntityMethodProcessor  : Writing [[GoalResponse(id=1, title=Cut commuting emissions, description=Reduce transport emissions by using p (truncated)...]
2026-03-30T04:11:20.775+05:30 DEBUG 25844 --- [nio-8085-exec-7] o.s.web.servlet.DispatcherServlet        : Completed 200 OK
2026-03-30T04:11:22.042+05:30 DEBUG 25844 --- [nio-8085-exec-6] org.hibernate.SQL                        : select u1_0.id,u1_0.created_at,u1_0.email,u1_0.enabled,u1_0.name,u1_0.otp,u1_0.otp_expiry,u1_0.password,u1_0.role from users u1_0 where u1_0.email=?
2026-03-30T04:11:22.044+05:30 DEBUG 25844 --- [io-8085-exec-10] org.hibernate.SQL                        : select u1_0.id,u1_0.created_at,u1_0.email,u1_0.enabled,u1_0.name,u1_0.otp,u1_0.otp_expiry,u1_0.password,u1_0.role from users u1_0 where u1_0.email=?
2026-03-30T04:11:22.047+05:30 DEBUG 25844 --- [io-8085-exec-10] o.s.web.servlet.DispatcherServlet        : GET "/api/leaderboard", parameters={}
2026-03-30T04:11:22.047+05:30 DEBUG 25844 --- [nio-8085-exec-6] o.s.web.servlet.DispatcherServlet        : GET "/api/notifications", parameters={}
2026-03-30T04:11:22.048+05:30 DEBUG 25844 --- [nio-8085-exec-6] s.w.s.m.m.a.RequestMappingHandlerMapping : Mapped to com.ecotrack.backend.controller.NotificationController#getNotifications(User)
2026-03-30T04:11:22.047+05:30 DEBUG 25844 --- [io-8085-exec-10] s.w.s.m.m.a.RequestMappingHandlerMapping : Mapped to com.ecotrack.backend.controller.LeaderboardController#get(User)
2026-03-30T04:11:22.048+05:30 DEBUG 25844 --- [io-8085-exec-10] org.hibernate.SQL                        : select ce1_0.id from carbon_entries ce1_0 where ce1_0.user_id=? fetch first ? rows only
2026-03-30T04:11:22.048+05:30 DEBUG 25844 --- [nio-8085-exec-6] org.hibernate.SQL                        : select un1_0.id,un1_0.created_at,un1_0.message,un1_0.is_read,un1_0.title,un1_0.type,un1_0.user_id from notifications un1_0 where un1_0.user_id=? order by un1_0.created_at desc
2026-03-30T04:11:22.049+05:30 DEBUG 25844 --- [io-8085-exec-10] org.hibernate.SQL                        : select u1_0.id,u1_0.created_at,u1_0.email,u1_0.enabled,u1_0.name,u1_0.otp,u1_0.otp_expiry,u1_0.password,u1_0.role from users u1_0
2026-03-30T04:11:22.049+05:30 DEBUG 25844 --- [nio-8085-exec-6] o.s.w.s.m.m.a.HttpEntityMethodProcessor  : Using 'application/json', given [*/*] and supported [application/json, application/*+json]
2026-03-30T04:11:22.050+05:30 DEBUG 25844 --- [nio-8085-exec-6] o.s.w.s.m.m.a.HttpEntityMethodProcessor  : Writing [[{id=5, title=Purchase confirmed, message=You purchased tree1 for 2000.0 and offset 15.0 kg CO2e., t (truncated)...]
2026-03-30T04:11:22.050+05:30 DEBUG 25844 --- [io-8085-exec-10] org.hibernate.SQL                        : select ce1_0.id from carbon_entries ce1_0 where ce1_0.user_id=? fetch first ? rows only
2026-03-30T04:11:22.051+05:30 DEBUG 25844 --- [nio-8085-exec-6] o.s.web.servlet.DispatcherServlet        : Completed 200 OK
2026-03-30T04:11:22.051+05:30 DEBUG 25844 --- [io-8085-exec-10] org.hibernate.SQL                        : select ce1_0.id from carbon_entries ce1_0 where ce1_0.user_id=? fetch first ? rows only
2026-03-30T04:11:22.052+05:30 DEBUG 25844 --- [io-8085-exec-10] org.hibernate.SQL                        : select sum(ce1_0.amount) from carbon_entries ce1_0 where ce1_0.user_id=?
2026-03-30T04:11:22.052+05:30 DEBUG 25844 --- [io-8085-exec-10] org.hibernate.SQL                        : select sum(ce1_0.amount) from carbon_entries ce1_0 where ce1_0.user_id=?
2026-03-30T04:11:22.053+05:30 DEBUG 25844 --- [io-8085-exec-10] org.hibernate.SQL                        : select ce1_0.category,sum(ce1_0.amount) from carbon_entries ce1_0 where ce1_0.user_id=? group by ce1_0.category
2026-03-30T04:11:22.055+05:30 DEBUG 25844 --- [io-8085-exec-10] org.hibernate.SQL                        : select ls1_0.id,ls1_0.buys_local_food,ls1_0.buys_second_hand,ls1_0.car_type,ls1_0.diet_type,ls1_0.estimated_annual_footprint,ls1_0.has_renewable_energy,ls1_0.home_heating,ls1_0.long_flights_per_year,ls1_0.meat_meals_per_week,ls1_0.monthly_electricity_kwh,ls1_0.primary_transport,ls1_0.shopping_habits,ls1_0.short_flights_per_year,ls1_0.user_id,ls1_0.weekly_driving_km from lifestyle_surveys ls1_0 where ls1_0.user_id=?
2026-03-30T04:11:22.056+05:30 DEBUG 25844 --- [io-8085-exec-10] org.hibernate.SQL                        : select count(g1_0.id) from goals g1_0 where g1_0.user_id=? and g1_0.status=?
2026-03-30T04:11:22.058+05:30 DEBUG 25844 --- [io-8085-exec-10] org.hibernate.SQL                        : select ce1_0.id,ce1_0.activity,ce1_0.amount,ce1_0.category,ce1_0.created_at,ce1_0.date,ce1_0.notes,ce1_0.unit,ce1_0.user_id from carbon_entries ce1_0 where ce1_0.user_id=? order by ce1_0.date desc,ce1_0.created_at desc
2026-03-30T04:11:22.059+05:30 DEBUG 25844 --- [io-8085-exec-10] org.hibernate.SQL                        : select sum(ce1_0.amount) from carbon_entries ce1_0 where ce1_0.user_id=? and ce1_0.date>=? and ce1_0.date<=?
2026-03-30T04:11:22.060+05:30 DEBUG 25844 --- [io-8085-exec-10] org.hibernate.SQL                        : select b1_0.id,b1_0.active,b1_0.bg_color,b1_0.category,b1_0.color,b1_0.created_at,b1_0.created_by,b1_0.description,b1_0.icon,b1_0.name,b1_0.threshold_kg from badges b1_0 where b1_0.active
2026-03-30T04:11:22.061+05:30 DEBUG 25844 --- [io-8085-exec-10] org.hibernate.SQL                        : select ce1_0.id from carbon_entries ce1_0 where ce1_0.user_id=? fetch first ? rows only
2026-03-30T04:11:22.063+05:30 DEBUG 25844 --- [io-8085-exec-10] org.hibernate.SQL                        : select sum(ce1_0.amount) from carbon_entries ce1_0 where ce1_0.user_id=?
2026-03-30T04:11:22.064+05:30 DEBUG 25844 --- [io-8085-exec-10] org.hibernate.SQL                        : select sum(ce1_0.amount) from carbon_entries ce1_0 where ce1_0.user_id=?
2026-03-30T04:11:22.064+05:30 DEBUG 25844 --- [io-8085-exec-10] org.hibernate.SQL                        : select ce1_0.category,sum(ce1_0.amount) from carbon_entries ce1_0 where ce1_0.user_id=? group by ce1_0.category
2026-03-30T04:11:22.066+05:30 DEBUG 25844 --- [io-8085-exec-10] org.hibernate.SQL                        : select ls1_0.id,ls1_0.buys_local_food,ls1_0.buys_second_hand,ls1_0.car_type,ls1_0.diet_type,ls1_0.estimated_annual_footprint,ls1_0.has_renewable_energy,ls1_0.home_heating,ls1_0.long_flights_per_year,ls1_0.meat_meals_per_week,ls1_0.monthly_electricity_kwh,ls1_0.primary_transport,ls1_0.shopping_habits,ls1_0.short_flights_per_year,ls1_0.user_id,ls1_0.weekly_driving_km from lifestyle_surveys ls1_0 where ls1_0.user_id=?
2026-03-30T04:11:22.067+05:30 DEBUG 25844 --- [io-8085-exec-10] org.hibernate.SQL                        : select count(g1_0.id) from goals g1_0 where g1_0.user_id=? and g1_0.status=?
2026-03-30T04:11:22.067+05:30 DEBUG 25844 --- [io-8085-exec-10] org.hibernate.SQL                        : select ce1_0.id,ce1_0.activity,ce1_0.amount,ce1_0.category,ce1_0.created_at,ce1_0.date,ce1_0.notes,ce1_0.unit,ce1_0.user_id from carbon_entries ce1_0 where ce1_0.user_id=? order by ce1_0.date desc,ce1_0.created_at desc
2026-03-30T04:11:22.068+05:30 DEBUG 25844 --- [io-8085-exec-10] org.hibernate.SQL                        : select sum(ce1_0.amount) from carbon_entries ce1_0 where ce1_0.user_id=? and ce1_0.date>=? and ce1_0.date<=?
2026-03-30T04:11:22.069+05:30 DEBUG 25844 --- [io-8085-exec-10] org.hibernate.SQL                        : select b1_0.id,b1_0.active,b1_0.bg_color,b1_0.category,b1_0.color,b1_0.created_at,b1_0.created_by,b1_0.description,b1_0.icon,b1_0.name,b1_0.threshold_kg from badges b1_0 where b1_0.active
2026-03-30T04:11:22.069+05:30 DEBUG 25844 --- [io-8085-exec-10] org.hibernate.SQL                        : select ce1_0.id from carbon_entries ce1_0 where ce1_0.user_id=? fetch first ? rows only
2026-03-30T04:11:22.070+05:30 DEBUG 25844 --- [io-8085-exec-10] org.hibernate.SQL                        : select sum(ce1_0.amount) from carbon_entries ce1_0 where ce1_0.user_id=?
2026-03-30T04:11:22.071+05:30 DEBUG 25844 --- [io-8085-exec-10] org.hibernate.SQL                        : select sum(ce1_0.amount) from carbon_entries ce1_0 where ce1_0.user_id=?
2026-03-30T04:11:22.071+05:30 DEBUG 25844 --- [io-8085-exec-10] org.hibernate.SQL                        : select ce1_0.category,sum(ce1_0.amount) from carbon_entries ce1_0 where ce1_0.user_id=? group by ce1_0.category
2026-03-30T04:11:22.072+05:30 DEBUG 25844 --- [io-8085-exec-10] org.hibernate.SQL                        : select ls1_0.id,ls1_0.buys_local_food,ls1_0.buys_second_hand,ls1_0.car_type,ls1_0.diet_type,ls1_0.estimated_annual_footprint,ls1_0.has_renewable_energy,ls1_0.home_heating,ls1_0.long_flights_per_year,ls1_0.meat_meals_per_week,ls1_0.monthly_electricity_kwh,ls1_0.primary_transport,ls1_0.shopping_habits,ls1_0.short_flights_per_year,ls1_0.user_id,ls1_0.weekly_driving_km from lifestyle_surveys ls1_0 where ls1_0.user_id=?
2026-03-30T04:11:22.073+05:30 DEBUG 25844 --- [io-8085-exec-10] org.hibernate.SQL                        : select count(g1_0.id) from goals g1_0 where g1_0.user_id=? and g1_0.status=?
2026-03-30T04:11:22.075+05:30 DEBUG 25844 --- [io-8085-exec-10] org.hibernate.SQL                        : select ce1_0.id,ce1_0.activity,ce1_0.amount,ce1_0.category,ce1_0.created_at,ce1_0.date,ce1_0.notes,ce1_0.unit,ce1_0.user_id from carbon_entries ce1_0 where ce1_0.user_id=? order by ce1_0.date desc,ce1_0.created_at desc
2026-03-30T04:11:22.076+05:30 DEBUG 25844 --- [io-8085-exec-10] org.hibernate.SQL                        : select sum(ce1_0.amount) from carbon_entries ce1_0 where ce1_0.user_id=? and ce1_0.date>=? and ce1_0.date<=?
2026-03-30T04:11:22.078+05:30 DEBUG 25844 --- [io-8085-exec-10] org.hibernate.SQL                        : select b1_0.id,b1_0.active,b1_0.bg_color,b1_0.category,b1_0.color,b1_0.created_at,b1_0.created_by,b1_0.description,b1_0.icon,b1_0.name,b1_0.threshold_kg from badges b1_0 where b1_0.active
2026-03-30T04:11:22.079+05:30 DEBUG 25844 --- [io-8085-exec-10] org.hibernate.SQL                        : select sum(ce1_0.amount) from carbon_entries ce1_0 where ce1_0.user_id=?
2026-03-30T04:11:22.080+05:30 DEBUG 25844 --- [io-8085-exec-10] o.s.w.s.m.m.a.HttpEntityMethodProcessor  : Using 'application/json', given [*/*] and supported [application/json, application/*+json]
2026-03-30T04:11:22.080+05:30 DEBUG 25844 --- [io-8085-exec-10] o.s.w.s.m.m.a.HttpEntityMethodProcessor  : Writing [{entries=[{userId=3, userName=Ava Green, totalCarbonKg=4.3, score=495.7, badgeCount=5, isCurrentUser (truncated)...]
2026-03-30T04:11:22.081+05:30 DEBUG 25844 --- [io-8085-exec-10] o.s.web.servlet.DispatcherServlet        : Completed 200 OK
2026-03-30T04:11:22.085+05:30 DEBUG 25844 --- [nio-8085-exec-2] org.hibernate.SQL                        : select u1_0.id,u1_0.created_at,u1_0.email,u1_0.enabled,u1_0.name,u1_0.otp,u1_0.otp_expiry,u1_0.password,u1_0.role from users u1_0 where u1_0.email=?
2026-03-30T04:11:22.086+05:30 DEBUG 25844 --- [nio-8085-exec-2] o.s.web.servlet.DispatcherServlet        : GET "/api/leaderboard", parameters={}
2026-03-30T04:11:22.087+05:30 DEBUG 25844 --- [nio-8085-exec-2] s.w.s.m.m.a.RequestMappingHandlerMapping : Mapped to com.ecotrack.backend.controller.LeaderboardController#get(User)
2026-03-30T04:11:22.088+05:30 DEBUG 25844 --- [nio-8085-exec-2] org.hibernate.SQL                        : select ce1_0.id from carbon_entries ce1_0 where ce1_0.user_id=? fetch first ? rows only
2026-03-30T04:11:22.090+05:30 DEBUG 25844 --- [nio-8085-exec-2] org.hibernate.SQL                        : select u1_0.id,u1_0.created_at,u1_0.email,u1_0.enabled,u1_0.name,u1_0.otp,u1_0.otp_expiry,u1_0.password,u1_0.role from users u1_0
2026-03-30T04:11:22.092+05:30 DEBUG 25844 --- [nio-8085-exec-2] org.hibernate.SQL                        : select ce1_0.id from carbon_entries ce1_0 where ce1_0.user_id=? fetch first ? rows only
2026-03-30T04:11:22.092+05:30 DEBUG 25844 --- [nio-8085-exec-2] org.hibernate.SQL                        : select ce1_0.id from carbon_entries ce1_0 where ce1_0.user_id=? fetch first ? rows only
2026-03-30T04:11:22.094+05:30 DEBUG 25844 --- [nio-8085-exec-2] org.hibernate.SQL                        : select sum(ce1_0.amount) from carbon_entries ce1_0 where ce1_0.user_id=?
2026-03-30T04:11:22.095+05:30 DEBUG 25844 --- [nio-8085-exec-2] org.hibernate.SQL                        : select sum(ce1_0.amount) from carbon_entries ce1_0 where ce1_0.user_id=?
2026-03-30T04:11:22.096+05:30 DEBUG 25844 --- [nio-8085-exec-2] org.hibernate.SQL                        : select ce1_0.category,sum(ce1_0.amount) from carbon_entries ce1_0 where ce1_0.user_id=? group by ce1_0.category
2026-03-30T04:11:22.098+05:30 DEBUG 25844 --- [nio-8085-exec-2] org.hibernate.SQL                        : select ls1_0.id,ls1_0.buys_local_food,ls1_0.buys_second_hand,ls1_0.car_type,ls1_0.diet_type,ls1_0.estimated_annual_footprint,ls1_0.has_renewable_energy,ls1_0.home_heating,ls1_0.long_flights_per_year,ls1_0.meat_meals_per_week,ls1_0.monthly_electricity_kwh,ls1_0.primary_transport,ls1_0.shopping_habits,ls1_0.short_flights_per_year,ls1_0.user_id,ls1_0.weekly_driving_km from lifestyle_surveys ls1_0 where ls1_0.user_id=?
2026-03-30T04:11:22.099+05:30 DEBUG 25844 --- [nio-8085-exec-2] org.hibernate.SQL                        : select count(g1_0.id) from goals g1_0 where g1_0.user_id=? and g1_0.status=?
2026-03-30T04:11:22.100+05:30 DEBUG 25844 --- [nio-8085-exec-2] org.hibernate.SQL                        : select ce1_0.id,ce1_0.activity,ce1_0.amount,ce1_0.category,ce1_0.created_at,ce1_0.date,ce1_0.notes,ce1_0.unit,ce1_0.user_id from carbon_entries ce1_0 where ce1_0.user_id=? order by ce1_0.date desc,ce1_0.created_at desc
2026-03-30T04:11:22.102+05:30 DEBUG 25844 --- [nio-8085-exec-2] org.hibernate.SQL                        : select sum(ce1_0.amount) from carbon_entries ce1_0 where ce1_0.user_id=? and ce1_0.date>=? and ce1_0.date<=?
2026-03-30T04:11:22.103+05:30 DEBUG 25844 --- [nio-8085-exec-2] org.hibernate.SQL                        : select b1_0.id,b1_0.active,b1_0.bg_color,b1_0.category,b1_0.color,b1_0.created_at,b1_0.created_by,b1_0.description,b1_0.icon,b1_0.name,b1_0.threshold_kg from badges b1_0 where b1_0.active
2026-03-30T04:11:22.103+05:30 DEBUG 25844 --- [nio-8085-exec-2] org.hibernate.SQL                        : select ce1_0.id from carbon_entries ce1_0 where ce1_0.user_id=? fetch first ? rows only
2026-03-30T04:11:22.104+05:30 DEBUG 25844 --- [nio-8085-exec-2] org.hibernate.SQL                        : select sum(ce1_0.amount) from carbon_entries ce1_0 where ce1_0.user_id=?
2026-03-30T04:11:22.105+05:30 DEBUG 25844 --- [nio-8085-exec-2] org.hibernate.SQL                        : select sum(ce1_0.amount) from carbon_entries ce1_0 where ce1_0.user_id=?
2026-03-30T04:11:22.107+05:30 DEBUG 25844 --- [nio-8085-exec-2] org.hibernate.SQL                        : select ce1_0.category,sum(ce1_0.amount) from carbon_entries ce1_0 where ce1_0.user_id=? group by ce1_0.category
2026-03-30T04:11:22.109+05:30 DEBUG 25844 --- [nio-8085-exec-2] org.hibernate.SQL                        : select ls1_0.id,ls1_0.buys_local_food,ls1_0.buys_second_hand,ls1_0.car_type,ls1_0.diet_type,ls1_0.estimated_annual_footprint,ls1_0.has_renewable_energy,ls1_0.home_heating,ls1_0.long_flights_per_year,ls1_0.meat_meals_per_week,ls1_0.monthly_electricity_kwh,ls1_0.primary_transport,ls1_0.shopping_habits,ls1_0.short_flights_per_year,ls1_0.user_id,ls1_0.weekly_driving_km from lifestyle_surveys ls1_0 where ls1_0.user_id=?
2026-03-30T04:11:22.111+05:30 DEBUG 25844 --- [nio-8085-exec-2] org.hibernate.SQL                        : select count(g1_0.id) from goals g1_0 where g1_0.user_id=? and g1_0.status=?
2026-03-30T04:11:22.112+05:30 DEBUG 25844 --- [nio-8085-exec-2] org.hibernate.SQL                        : select ce1_0.id,ce1_0.activity,ce1_0.amount,ce1_0.category,ce1_0.created_at,ce1_0.date,ce1_0.notes,ce1_0.unit,ce1_0.user_id from carbon_entries ce1_0 where ce1_0.user_id=? order by ce1_0.date desc,ce1_0.created_at desc
2026-03-30T04:11:22.115+05:30 DEBUG 25844 --- [nio-8085-exec-2] org.hibernate.SQL                        : select sum(ce1_0.amount) from carbon_entries ce1_0 where ce1_0.user_id=? and ce1_0.date>=? and ce1_0.date<=?
2026-03-30T04:11:22.116+05:30 DEBUG 25844 --- [nio-8085-exec-2] org.hibernate.SQL                        : select b1_0.id,b1_0.active,b1_0.bg_color,b1_0.category,b1_0.color,b1_0.created_at,b1_0.created_by,b1_0.description,b1_0.icon,b1_0.name,b1_0.threshold_kg from badges b1_0 where b1_0.active
2026-03-30T04:11:22.118+05:30 DEBUG 25844 --- [nio-8085-exec-2] org.hibernate.SQL                        : select ce1_0.id from carbon_entries ce1_0 where ce1_0.user_id=? fetch first ? rows only
2026-03-30T04:11:22.119+05:30 DEBUG 25844 --- [nio-8085-exec-2] org.hibernate.SQL                        : select sum(ce1_0.amount) from carbon_entries ce1_0 where ce1_0.user_id=?
2026-03-30T04:11:22.120+05:30 DEBUG 25844 --- [nio-8085-exec-2] org.hibernate.SQL                        : select sum(ce1_0.amount) from carbon_entries ce1_0 where ce1_0.user_id=?
2026-03-30T04:11:22.122+05:30 DEBUG 25844 --- [nio-8085-exec-2] org.hibernate.SQL                        : select ce1_0.category,sum(ce1_0.amount) from carbon_entries ce1_0 where ce1_0.user_id=? group by ce1_0.category
2026-03-30T04:11:22.123+05:30 DEBUG 25844 --- [nio-8085-exec-2] org.hibernate.SQL                        : select ls1_0.id,ls1_0.buys_local_food,ls1_0.buys_second_hand,ls1_0.car_type,ls1_0.diet_type,ls1_0.estimated_annual_footprint,ls1_0.has_renewable_energy,ls1_0.home_heating,ls1_0.long_flights_per_year,ls1_0.meat_meals_per_week,ls1_0.monthly_electricity_kwh,ls1_0.primary_transport,ls1_0.shopping_habits,ls1_0.short_flights_per_year,ls1_0.user_id,ls1_0.weekly_driving_km from lifestyle_surveys ls1_0 where ls1_0.user_id=?
2026-03-30T04:11:22.125+05:30 DEBUG 25844 --- [nio-8085-exec-2] org.hibernate.SQL                        : select count(g1_0.id) from goals g1_0 where g1_0.user_id=? and g1_0.status=?
2026-03-30T04:11:22.127+05:30 DEBUG 25844 --- [nio-8085-exec-2] org.hibernate.SQL                        : select ce1_0.id,ce1_0.activity,ce1_0.amount,ce1_0.category,ce1_0.created_at,ce1_0.date,ce1_0.notes,ce1_0.unit,ce1_0.user_id from carbon_entries ce1_0 where ce1_0.user_id=? order by ce1_0.date desc,ce1_0.created_at desc
2026-03-30T04:11:22.128+05:30 DEBUG 25844 --- [nio-8085-exec-2] org.hibernate.SQL                        : select sum(ce1_0.amount) from carbon_entries ce1_0 where ce1_0.user_id=? and ce1_0.date>=? and ce1_0.date<=?
2026-03-30T04:11:22.129+05:30 DEBUG 25844 --- [nio-8085-exec-2] org.hibernate.SQL                        : select b1_0.id,b1_0.active,b1_0.bg_color,b1_0.category,b1_0.color,b1_0.created_at,b1_0.created_by,b1_0.description,b1_0.icon,b1_0.name,b1_0.threshold_kg from badges b1_0 where b1_0.active
2026-03-30T04:11:22.131+05:30 DEBUG 25844 --- [nio-8085-exec-2] org.hibernate.SQL                        : select sum(ce1_0.amount) from carbon_entries ce1_0 where ce1_0.user_id=?
2026-03-30T04:11:22.132+05:30 DEBUG 25844 --- [nio-8085-exec-2] o.s.w.s.m.m.a.HttpEntityMethodProcessor  : Using 'application/json', given [*/*] and supported [application/json, application/*+json]
2026-03-30T04:11:22.132+05:30 DEBUG 25844 --- [nio-8085-exec-2] o.s.w.s.m.m.a.HttpEntityMethodProcessor  : Writing [{entries=[{userId=3, userName=Ava Green, totalCarbonKg=4.3, score=495.7, badgeCount=5, isCurrentUser (truncated)...]
2026-03-30T04:11:22.133+05:30 DEBUG 25844 --- [nio-8085-exec-2] o.s.web.servlet.DispatcherServlet        : Completed 200 OK
2026-03-30T04:11:29.646+05:30 DEBUG 25844 --- [nio-8085-exec-7] org.hibernate.SQL                        : select u1_0.id,u1_0.created_at,u1_0.email,u1_0.enabled,u1_0.name,u1_0.otp,u1_0.otp_expiry,u1_0.password,u1_0.role from users u1_0 where u1_0.email=?
2026-03-30T04:11:29.646+05:30 DEBUG 25844 --- [nio-8085-exec-8] org.hibernate.SQL                        : select u1_0.id,u1_0.created_at,u1_0.email,u1_0.enabled,u1_0.name,u1_0.otp,u1_0.otp_expiry,u1_0.password,u1_0.role from users u1_0 where u1_0.email=?
2026-03-30T04:11:29.650+05:30 DEBUG 25844 --- [nio-8085-exec-7] o.s.web.servlet.DispatcherServlet        : GET "/api/notifications", parameters={}
2026-03-30T04:11:29.650+05:30 DEBUG 25844 --- [nio-8085-exec-8] o.s.web.servlet.DispatcherServlet        : GET "/api/dashboard?period=weekly", parameters={masked}
2026-03-30T04:11:29.651+05:30 DEBUG 25844 --- [nio-8085-exec-7] s.w.s.m.m.a.RequestMappingHandlerMapping : Mapped to com.ecotrack.backend.controller.NotificationController#getNotifications(User)
2026-03-30T04:11:29.651+05:30 DEBUG 25844 --- [nio-8085-exec-8] s.w.s.m.m.a.RequestMappingHandlerMapping : Mapped to com.ecotrack.backend.controller.DashboardController#get(User, String)
2026-03-30T04:11:29.652+05:30 DEBUG 25844 --- [nio-8085-exec-8] org.hibernate.SQL                        : select sum(ce1_0.amount) from carbon_entries ce1_0 where ce1_0.user_id=?
2026-03-30T04:11:29.652+05:30 DEBUG 25844 --- [nio-8085-exec-7] org.hibernate.SQL                        : select un1_0.id,un1_0.created_at,un1_0.message,un1_0.is_read,un1_0.title,un1_0.type,un1_0.user_id from notifications un1_0 where un1_0.user_id=? order by un1_0.created_at desc
2026-03-30T04:11:29.654+05:30 DEBUG 25844 --- [nio-8085-exec-8] org.hibernate.SQL                        : select sum(ce1_0.amount) from carbon_entries ce1_0 where ce1_0.user_id=? and ce1_0.date>=? and ce1_0.date<=?
2026-03-30T04:11:29.654+05:30 DEBUG 25844 --- [nio-8085-exec-7] o.s.w.s.m.m.a.HttpEntityMethodProcessor  : Using 'application/json', given [*/*] and supported [application/json, application/*+json]
2026-03-30T04:11:29.655+05:30 DEBUG 25844 --- [nio-8085-exec-7] o.s.w.s.m.m.a.HttpEntityMethodProcessor  : Writing [[{id=5, title=Purchase confirmed, message=You purchased tree1 for 2000.0 and offset 15.0 kg CO2e., t (truncated)...]
2026-03-30T04:11:29.655+05:30 DEBUG 25844 --- [nio-8085-exec-8] org.hibernate.SQL                        : select sum(ce1_0.amount) from carbon_entries ce1_0 where ce1_0.user_id=? and ce1_0.date>=? and ce1_0.date<=?
2026-03-30T04:11:29.656+05:30 DEBUG 25844 --- [nio-8085-exec-7] o.s.web.servlet.DispatcherServlet        : Completed 200 OK
2026-03-30T04:11:29.656+05:30 DEBUG 25844 --- [nio-8085-exec-8] org.hibernate.SQL                        : select sum(ce1_0.amount) from carbon_entries ce1_0 where ce1_0.user_id=? and ce1_0.date>=? and ce1_0.date<=?
2026-03-30T04:11:29.656+05:30 DEBUG 25844 --- [nio-8085-exec-8] org.hibernate.SQL                        : select ce1_0.category,sum(ce1_0.amount) from carbon_entries ce1_0 where ce1_0.user_id=? group by ce1_0.category
2026-03-30T04:11:29.659+05:30 DEBUG 25844 --- [nio-8085-exec-8] org.hibernate.SQL                        : select ce1_0.date,sum(ce1_0.amount) from carbon_entries ce1_0 where ce1_0.user_id=? and ce1_0.date>=? group by ce1_0.date order by ce1_0.date
2026-03-30T04:11:29.660+05:30 DEBUG 25844 --- [nio-8085-exec-8] org.hibernate.SQL                        : select ce1_0.id,ce1_0.activity,ce1_0.amount,ce1_0.category,ce1_0.created_at,ce1_0.date,ce1_0.notes,ce1_0.unit,ce1_0.user_id from carbon_entries ce1_0 where ce1_0.user_id=? order by ce1_0.date desc,ce1_0.created_at desc
2026-03-30T04:11:29.662+05:30 DEBUG 25844 --- [nio-8085-exec-8] org.hibernate.SQL                        : select ls1_0.id,ls1_0.buys_local_food,ls1_0.buys_second_hand,ls1_0.car_type,ls1_0.diet_type,ls1_0.estimated_annual_footprint,ls1_0.has_renewable_energy,ls1_0.home_heating,ls1_0.long_flights_per_year,ls1_0.meat_meals_per_week,ls1_0.monthly_electricity_kwh,ls1_0.primary_transport,ls1_0.shopping_habits,ls1_0.short_flights_per_year,ls1_0.user_id,ls1_0.weekly_driving_km from lifestyle_surveys ls1_0 where ls1_0.user_id=?
2026-03-30T04:11:29.664+05:30 DEBUG 25844 --- [nio-8085-exec-8] org.hibernate.SQL                        : select ce1_0.id from carbon_entries ce1_0 where ce1_0.user_id=? fetch first ? rows only
2026-03-30T04:11:29.665+05:30 DEBUG 25844 --- [nio-8085-exec-8] org.hibernate.SQL                        : select u1_0.id,u1_0.created_at,u1_0.email,u1_0.enabled,u1_0.name,u1_0.otp,u1_0.otp_expiry,u1_0.password,u1_0.role from users u1_0
2026-03-30T04:11:29.666+05:30 DEBUG 25844 --- [nio-8085-exec-8] org.hibernate.SQL                        : select ce1_0.id from carbon_entries ce1_0 where ce1_0.user_id=? fetch first ? rows only
2026-03-30T04:11:29.667+05:30 DEBUG 25844 --- [nio-8085-exec-8] org.hibernate.SQL                        : select ce1_0.id from carbon_entries ce1_0 where ce1_0.user_id=? fetch first ? rows only
2026-03-30T04:11:29.668+05:30 DEBUG 25844 --- [nio-8085-exec-8] org.hibernate.SQL                        : select sum(ce1_0.amount) from carbon_entries ce1_0 where ce1_0.user_id=?
2026-03-30T04:11:29.670+05:30 DEBUG 25844 --- [nio-8085-exec-8] org.hibernate.SQL                        : select sum(ce1_0.amount) from carbon_entries ce1_0 where ce1_0.user_id=?
2026-03-30T04:11:29.670+05:30 DEBUG 25844 --- [nio-8085-exec-8] org.hibernate.SQL                        : select ce1_0.category,sum(ce1_0.amount) from carbon_entries ce1_0 where ce1_0.user_id=? group by ce1_0.category
2026-03-30T04:11:29.671+05:30 DEBUG 25844 --- [nio-8085-exec-8] org.hibernate.SQL                        : select ls1_0.id,ls1_0.buys_local_food,ls1_0.buys_second_hand,ls1_0.car_type,ls1_0.diet_type,ls1_0.estimated_annual_footprint,ls1_0.has_renewable_energy,ls1_0.home_heating,ls1_0.long_flights_per_year,ls1_0.meat_meals_per_week,ls1_0.monthly_electricity_kwh,ls1_0.primary_transport,ls1_0.shopping_habits,ls1_0.short_flights_per_year,ls1_0.user_id,ls1_0.weekly_driving_km from lifestyle_surveys ls1_0 where ls1_0.user_id=?
2026-03-30T04:11:29.672+05:30 DEBUG 25844 --- [nio-8085-exec-8] org.hibernate.SQL                        : select count(g1_0.id) from goals g1_0 where g1_0.user_id=? and g1_0.status=?
2026-03-30T04:11:29.673+05:30 DEBUG 25844 --- [nio-8085-exec-8] org.hibernate.SQL                        : select ce1_0.id,ce1_0.activity,ce1_0.amount,ce1_0.category,ce1_0.created_at,ce1_0.date,ce1_0.notes,ce1_0.unit,ce1_0.user_id from carbon_entries ce1_0 where ce1_0.user_id=? order by ce1_0.date desc,ce1_0.created_at desc
2026-03-30T04:11:29.674+05:30 DEBUG 25844 --- [nio-8085-exec-8] org.hibernate.SQL                        : select sum(ce1_0.amount) from carbon_entries ce1_0 where ce1_0.user_id=? and ce1_0.date>=? and ce1_0.date<=?
2026-03-30T04:11:29.674+05:30 DEBUG 25844 --- [nio-8085-exec-8] org.hibernate.SQL                        : select b1_0.id,b1_0.active,b1_0.bg_color,b1_0.category,b1_0.color,b1_0.created_at,b1_0.created_by,b1_0.description,b1_0.icon,b1_0.name,b1_0.threshold_kg from badges b1_0 where b1_0.active
2026-03-30T04:11:29.675+05:30 DEBUG 25844 --- [nio-8085-exec-8] org.hibernate.SQL                        : select ce1_0.id from carbon_entries ce1_0 where ce1_0.user_id=? fetch first ? rows only
2026-03-30T04:11:29.676+05:30 DEBUG 25844 --- [nio-8085-exec-8] org.hibernate.SQL                        : select sum(ce1_0.amount) from carbon_entries ce1_0 where ce1_0.user_id=?
2026-03-30T04:11:29.677+05:30 DEBUG 25844 --- [nio-8085-exec-8] org.hibernate.SQL                        : select sum(ce1_0.amount) from carbon_entries ce1_0 where ce1_0.user_id=?
2026-03-30T04:11:29.678+05:30 DEBUG 25844 --- [nio-8085-exec-8] org.hibernate.SQL                        : select ce1_0.category,sum(ce1_0.amount) from carbon_entries ce1_0 where ce1_0.user_id=? group by ce1_0.category
2026-03-30T04:11:29.679+05:30 DEBUG 25844 --- [nio-8085-exec-8] org.hibernate.SQL                        : select ls1_0.id,ls1_0.buys_local_food,ls1_0.buys_second_hand,ls1_0.car_type,ls1_0.diet_type,ls1_0.estimated_annual_footprint,ls1_0.has_renewable_energy,ls1_0.home_heating,ls1_0.long_flights_per_year,ls1_0.meat_meals_per_week,ls1_0.monthly_electricity_kwh,ls1_0.primary_transport,ls1_0.shopping_habits,ls1_0.short_flights_per_year,ls1_0.user_id,ls1_0.weekly_driving_km from lifestyle_surveys ls1_0 where ls1_0.user_id=?
2026-03-30T04:11:29.679+05:30 DEBUG 25844 --- [nio-8085-exec-8] org.hibernate.SQL                        : select count(g1_0.id) from goals g1_0 where g1_0.user_id=? and g1_0.status=?
2026-03-30T04:11:29.681+05:30 DEBUG 25844 --- [nio-8085-exec-8] org.hibernate.SQL                        : select ce1_0.id,ce1_0.activity,ce1_0.amount,ce1_0.category,ce1_0.created_at,ce1_0.date,ce1_0.notes,ce1_0.unit,ce1_0.user_id from carbon_entries ce1_0 where ce1_0.user_id=? order by ce1_0.date desc,ce1_0.created_at desc
2026-03-30T04:11:29.682+05:30 DEBUG 25844 --- [nio-8085-exec-8] org.hibernate.SQL                        : select sum(ce1_0.amount) from carbon_entries ce1_0 where ce1_0.user_id=? and ce1_0.date>=? and ce1_0.date<=?
2026-03-30T04:11:29.683+05:30 DEBUG 25844 --- [nio-8085-exec-8] org.hibernate.SQL                        : select b1_0.id,b1_0.active,b1_0.bg_color,b1_0.category,b1_0.color,b1_0.created_at,b1_0.created_by,b1_0.description,b1_0.icon,b1_0.name,b1_0.threshold_kg from badges b1_0 where b1_0.active
2026-03-30T04:11:29.685+05:30 DEBUG 25844 --- [nio-8085-exec-8] org.hibernate.SQL                        : select ce1_0.id from carbon_entries ce1_0 where ce1_0.user_id=? fetch first ? rows only
2026-03-30T04:11:29.686+05:30 DEBUG 25844 --- [nio-8085-exec-8] org.hibernate.SQL                        : select sum(ce1_0.amount) from carbon_entries ce1_0 where ce1_0.user_id=?
2026-03-30T04:11:29.687+05:30 DEBUG 25844 --- [nio-8085-exec-8] org.hibernate.SQL                        : select sum(ce1_0.amount) from carbon_entries ce1_0 where ce1_0.user_id=?
2026-03-30T04:11:29.688+05:30 DEBUG 25844 --- [nio-8085-exec-8] org.hibernate.SQL                        : select ce1_0.category,sum(ce1_0.amount) from carbon_entries ce1_0 where ce1_0.user_id=? group by ce1_0.category
2026-03-30T04:11:29.689+05:30 DEBUG 25844 --- [nio-8085-exec-8] org.hibernate.SQL                        : select ls1_0.id,ls1_0.buys_local_food,ls1_0.buys_second_hand,ls1_0.car_type,ls1_0.diet_type,ls1_0.estimated_annual_footprint,ls1_0.has_renewable_energy,ls1_0.home_heating,ls1_0.long_flights_per_year,ls1_0.meat_meals_per_week,ls1_0.monthly_electricity_kwh,ls1_0.primary_transport,ls1_0.shopping_habits,ls1_0.short_flights_per_year,ls1_0.user_id,ls1_0.weekly_driving_km from lifestyle_surveys ls1_0 where ls1_0.user_id=?
2026-03-30T04:11:29.690+05:30 DEBUG 25844 --- [nio-8085-exec-8] org.hibernate.SQL                        : select count(g1_0.id) from goals g1_0 where g1_0.user_id=? and g1_0.status=?
2026-03-30T04:11:29.691+05:30 DEBUG 25844 --- [nio-8085-exec-8] org.hibernate.SQL                        : select ce1_0.id,ce1_0.activity,ce1_0.amount,ce1_0.category,ce1_0.created_at,ce1_0.date,ce1_0.notes,ce1_0.unit,ce1_0.user_id from carbon_entries ce1_0 where ce1_0.user_id=? order by ce1_0.date desc,ce1_0.created_at desc
2026-03-30T04:11:29.692+05:30 DEBUG 25844 --- [nio-8085-exec-8] org.hibernate.SQL                        : select sum(ce1_0.amount) from carbon_entries ce1_0 where ce1_0.user_id=? and ce1_0.date>=? and ce1_0.date<=?
2026-03-30T04:11:29.693+05:30 DEBUG 25844 --- [nio-8085-exec-8] org.hibernate.SQL                        : select b1_0.id,b1_0.active,b1_0.bg_color,b1_0.category,b1_0.color,b1_0.created_at,b1_0.created_by,b1_0.description,b1_0.icon,b1_0.name,b1_0.threshold_kg from badges b1_0 where b1_0.active
2026-03-30T04:11:29.694+05:30 DEBUG 25844 --- [nio-8085-exec-8] org.hibernate.SQL                        : select sum(ce1_0.amount) from carbon_entries ce1_0 where ce1_0.user_id=?
2026-03-30T04:11:29.695+05:30 DEBUG 25844 --- [nio-8085-exec-8] org.hibernate.SQL                        : select un1_0.id,un1_0.created_at,un1_0.message,un1_0.is_read,un1_0.title,un1_0.type,un1_0.user_id from notifications un1_0 where un1_0.user_id=? order by un1_0.created_at desc
2026-03-30T04:11:29.696+05:30 DEBUG 25844 --- [nio-8085-exec-8] org.hibernate.SQL                        : select count(un1_0.id) from notifications un1_0 where un1_0.user_id=? and not(un1_0.is_read)
2026-03-30T04:11:29.697+05:30 DEBUG 25844 --- [nio-8085-exec-8] org.hibernate.SQL                        : select count(g1_0.id) from goals g1_0 where g1_0.user_id=? and g1_0.status=?
2026-03-30T04:11:29.698+05:30 DEBUG 25844 --- [nio-8085-exec-8] org.hibernate.SQL                        : select count(g1_0.id) from goals g1_0 where g1_0.user_id=? and g1_0.status=?
2026-03-30T04:11:29.699+05:30 DEBUG 25844 --- [nio-8085-exec-8] org.hibernate.SQL                        : select sum(ce1_0.amount) from carbon_entries ce1_0 where ce1_0.user_id=?
2026-03-30T04:11:29.699+05:30 DEBUG 25844 --- [nio-8085-exec-8] org.hibernate.SQL                        : select ce1_0.category,sum(ce1_0.amount) from carbon_entries ce1_0 where ce1_0.user_id=? group by ce1_0.category
2026-03-30T04:11:29.701+05:30 DEBUG 25844 --- [nio-8085-exec-8] org.hibernate.SQL                        : select ls1_0.id,ls1_0.buys_local_food,ls1_0.buys_second_hand,ls1_0.car_type,ls1_0.diet_type,ls1_0.estimated_annual_footprint,ls1_0.has_renewable_energy,ls1_0.home_heating,ls1_0.long_flights_per_year,ls1_0.meat_meals_per_week,ls1_0.monthly_electricity_kwh,ls1_0.primary_transport,ls1_0.shopping_habits,ls1_0.short_flights_per_year,ls1_0.user_id,ls1_0.weekly_driving_km from lifestyle_surveys ls1_0 where ls1_0.user_id=?
2026-03-30T04:11:29.702+05:30 DEBUG 25844 --- [nio-8085-exec-8] org.hibernate.SQL                        : select count(g1_0.id) from goals g1_0 where g1_0.user_id=? and g1_0.status=?
2026-03-30T04:11:29.704+05:30 DEBUG 25844 --- [nio-8085-exec-8] org.hibernate.SQL                        : select ce1_0.id,ce1_0.activity,ce1_0.amount,ce1_0.category,ce1_0.created_at,ce1_0.date,ce1_0.notes,ce1_0.unit,ce1_0.user_id from carbon_entries ce1_0 where ce1_0.user_id=? order by ce1_0.date desc,ce1_0.created_at desc
2026-03-30T04:11:29.704+05:30 DEBUG 25844 --- [nio-8085-exec-8] org.hibernate.SQL                        : select sum(ce1_0.amount) from carbon_entries ce1_0 where ce1_0.user_id=? and ce1_0.date>=? and ce1_0.date<=?
2026-03-30T04:11:29.705+05:30 DEBUG 25844 --- [nio-8085-exec-8] org.hibernate.SQL                        : select b1_0.id,b1_0.active,b1_0.bg_color,b1_0.category,b1_0.color,b1_0.created_at,b1_0.created_by,b1_0.description,b1_0.icon,b1_0.name,b1_0.threshold_kg from badges b1_0 where b1_0.active
2026-03-30T04:11:29.706+05:30 DEBUG 25844 --- [nio-8085-exec-8] o.s.w.s.m.m.a.HttpEntityMethodProcessor  : Using 'application/json', given [*/*] and supported [application/json, application/*+json]
2026-03-30T04:11:29.706+05:30 DEBUG 25844 --- [nio-8085-exec-8] o.s.w.s.m.m.a.HttpEntityMethodProcessor  : Writing [DashboardResponse(userName=CarbonCalc Admin, memberSince=Sept 30, 2025, totalCarbonKg=15.9, thisMont (truncated)...]
2026-03-30T04:11:29.707+05:30 DEBUG 25844 --- [nio-8085-exec-8] o.s.web.servlet.DispatcherServlet        : Completed 200 OK
2026-03-30T04:11:29.710+05:30 DEBUG 25844 --- [nio-8085-exec-9] org.hibernate.SQL                        : select u1_0.id,u1_0.created_at,u1_0.email,u1_0.enabled,u1_0.name,u1_0.otp,u1_0.otp_expiry,u1_0.password,u1_0.role from users u1_0 where u1_0.email=?
2026-03-30T04:11:29.711+05:30 DEBUG 25844 --- [nio-8085-exec-9] o.s.web.servlet.DispatcherServlet        : GET "/api/dashboard?period=weekly", parameters={masked}
2026-03-30T04:11:29.711+05:30 DEBUG 25844 --- [nio-8085-exec-9] s.w.s.m.m.a.RequestMappingHandlerMapping : Mapped to com.ecotrack.backend.controller.DashboardController#get(User, String)
2026-03-30T04:11:29.712+05:30 DEBUG 25844 --- [nio-8085-exec-9] org.hibernate.SQL                        : select sum(ce1_0.amount) from carbon_entries ce1_0 where ce1_0.user_id=?
2026-03-30T04:11:29.713+05:30 DEBUG 25844 --- [nio-8085-exec-9] org.hibernate.SQL                        : select sum(ce1_0.amount) from carbon_entries ce1_0 where ce1_0.user_id=? and ce1_0.date>=? and ce1_0.date<=?
2026-03-30T04:11:29.714+05:30 DEBUG 25844 --- [nio-8085-exec-9] org.hibernate.SQL                        : select sum(ce1_0.amount) from carbon_entries ce1_0 where ce1_0.user_id=? and ce1_0.date>=? and ce1_0.date<=?
2026-03-30T04:11:29.714+05:30 DEBUG 25844 --- [nio-8085-exec-9] org.hibernate.SQL                        : select sum(ce1_0.amount) from carbon_entries ce1_0 where ce1_0.user_id=? and ce1_0.date>=? and ce1_0.date<=?
2026-03-30T04:11:29.715+05:30 DEBUG 25844 --- [nio-8085-exec-9] org.hibernate.SQL                        : select ce1_0.category,sum(ce1_0.amount) from carbon_entries ce1_0 where ce1_0.user_id=? group by ce1_0.category
2026-03-30T04:11:29.716+05:30 DEBUG 25844 --- [nio-8085-exec-9] org.hibernate.SQL                        : select ce1_0.date,sum(ce1_0.amount) from carbon_entries ce1_0 where ce1_0.user_id=? and ce1_0.date>=? group by ce1_0.date order by ce1_0.date
2026-03-30T04:11:29.717+05:30 DEBUG 25844 --- [nio-8085-exec-9] org.hibernate.SQL                        : select ce1_0.id,ce1_0.activity,ce1_0.amount,ce1_0.category,ce1_0.created_at,ce1_0.date,ce1_0.notes,ce1_0.unit,ce1_0.user_id from carbon_entries ce1_0 where ce1_0.user_id=? order by ce1_0.date desc,ce1_0.created_at desc
2026-03-30T04:11:29.718+05:30 DEBUG 25844 --- [nio-8085-exec-9] org.hibernate.SQL                        : select ls1_0.id,ls1_0.buys_local_food,ls1_0.buys_second_hand,ls1_0.car_type,ls1_0.diet_type,ls1_0.estimated_annual_footprint,ls1_0.has_renewable_energy,ls1_0.home_heating,ls1_0.long_flights_per_year,ls1_0.meat_meals_per_week,ls1_0.monthly_electricity_kwh,ls1_0.primary_transport,ls1_0.shopping_habits,ls1_0.short_flights_per_year,ls1_0.user_id,ls1_0.weekly_driving_km from lifestyle_surveys ls1_0 where ls1_0.user_id=?
2026-03-30T04:11:29.719+05:30 DEBUG 25844 --- [nio-8085-exec-9] org.hibernate.SQL                        : select ce1_0.id from carbon_entries ce1_0 where ce1_0.user_id=? fetch first ? rows only
2026-03-30T04:11:29.720+05:30 DEBUG 25844 --- [nio-8085-exec-9] org.hibernate.SQL                        : select u1_0.id,u1_0.created_at,u1_0.email,u1_0.enabled,u1_0.name,u1_0.otp,u1_0.otp_expiry,u1_0.password,u1_0.role from users u1_0
2026-03-30T04:11:29.721+05:30 DEBUG 25844 --- [nio-8085-exec-9] org.hibernate.SQL                        : select ce1_0.id from carbon_entries ce1_0 where ce1_0.user_id=? fetch first ? rows only
2026-03-30T04:11:29.722+05:30 DEBUG 25844 --- [nio-8085-exec-9] org.hibernate.SQL                        : select ce1_0.id from carbon_entries ce1_0 where ce1_0.user_id=? fetch first ? rows only
2026-03-30T04:11:29.722+05:30 DEBUG 25844 --- [nio-8085-exec-9] org.hibernate.SQL                        : select sum(ce1_0.amount) from carbon_entries ce1_0 where ce1_0.user_id=?
2026-03-30T04:11:29.723+05:30 DEBUG 25844 --- [nio-8085-exec-9] org.hibernate.SQL                        : select sum(ce1_0.amount) from carbon_entries ce1_0 where ce1_0.user_id=?
2026-03-30T04:11:29.724+05:30 DEBUG 25844 --- [nio-8085-exec-9] org.hibernate.SQL                        : select ce1_0.category,sum(ce1_0.amount) from carbon_entries ce1_0 where ce1_0.user_id=? group by ce1_0.category
2026-03-30T04:11:29.724+05:30 DEBUG 25844 --- [nio-8085-exec-9] org.hibernate.SQL                        : select ls1_0.id,ls1_0.buys_local_food,ls1_0.buys_second_hand,ls1_0.car_type,ls1_0.diet_type,ls1_0.estimated_annual_footprint,ls1_0.has_renewable_energy,ls1_0.home_heating,ls1_0.long_flights_per_year,ls1_0.meat_meals_per_week,ls1_0.monthly_electricity_kwh,ls1_0.primary_transport,ls1_0.shopping_habits,ls1_0.short_flights_per_year,ls1_0.user_id,ls1_0.weekly_driving_km from lifestyle_surveys ls1_0 where ls1_0.user_id=?
2026-03-30T04:11:29.725+05:30 DEBUG 25844 --- [nio-8085-exec-9] org.hibernate.SQL                        : select count(g1_0.id) from goals g1_0 where g1_0.user_id=? and g1_0.status=?
2026-03-30T04:11:29.726+05:30 DEBUG 25844 --- [nio-8085-exec-9] org.hibernate.SQL                        : select ce1_0.id,ce1_0.activity,ce1_0.amount,ce1_0.category,ce1_0.created_at,ce1_0.date,ce1_0.notes,ce1_0.unit,ce1_0.user_id from carbon_entries ce1_0 where ce1_0.user_id=? order by ce1_0.date desc,ce1_0.created_at desc
2026-03-30T04:11:29.727+05:30 DEBUG 25844 --- [nio-8085-exec-9] org.hibernate.SQL                        : select sum(ce1_0.amount) from carbon_entries ce1_0 where ce1_0.user_id=? and ce1_0.date>=? and ce1_0.date<=?
2026-03-30T04:11:29.727+05:30 DEBUG 25844 --- [nio-8085-exec-9] org.hibernate.SQL                        : select b1_0.id,b1_0.active,b1_0.bg_color,b1_0.category,b1_0.color,b1_0.created_at,b1_0.created_by,b1_0.description,b1_0.icon,b1_0.name,b1_0.threshold_kg from badges b1_0 where b1_0.active
2026-03-30T04:11:29.728+05:30 DEBUG 25844 --- [nio-8085-exec-9] org.hibernate.SQL                        : select ce1_0.id from carbon_entries ce1_0 where ce1_0.user_id=? fetch first ? rows only
2026-03-30T04:11:29.729+05:30 DEBUG 25844 --- [nio-8085-exec-9] org.hibernate.SQL                        : select sum(ce1_0.amount) from carbon_entries ce1_0 where ce1_0.user_id=?
2026-03-30T04:11:29.730+05:30 DEBUG 25844 --- [nio-8085-exec-9] org.hibernate.SQL                        : select sum(ce1_0.amount) from carbon_entries ce1_0 where ce1_0.user_id=?
2026-03-30T04:11:29.730+05:30 DEBUG 25844 --- [nio-8085-exec-9] org.hibernate.SQL                        : select ce1_0.category,sum(ce1_0.amount) from carbon_entries ce1_0 where ce1_0.user_id=? group by ce1_0.category
2026-03-30T04:11:29.731+05:30 DEBUG 25844 --- [nio-8085-exec-9] org.hibernate.SQL                        : select ls1_0.id,ls1_0.buys_local_food,ls1_0.buys_second_hand,ls1_0.car_type,ls1_0.diet_type,ls1_0.estimated_annual_footprint,ls1_0.has_renewable_energy,ls1_0.home_heating,ls1_0.long_flights_per_year,ls1_0.meat_meals_per_week,ls1_0.monthly_electricity_kwh,ls1_0.primary_transport,ls1_0.shopping_habits,ls1_0.short_flights_per_year,ls1_0.user_id,ls1_0.weekly_driving_km from lifestyle_surveys ls1_0 where ls1_0.user_id=?
2026-03-30T04:11:29.732+05:30 DEBUG 25844 --- [nio-8085-exec-9] org.hibernate.SQL                        : select count(g1_0.id) from goals g1_0 where g1_0.user_id=? and g1_0.status=?
2026-03-30T04:11:29.733+05:30 DEBUG 25844 --- [nio-8085-exec-9] org.hibernate.SQL                        : select ce1_0.id,ce1_0.activity,ce1_0.amount,ce1_0.category,ce1_0.created_at,ce1_0.date,ce1_0.notes,ce1_0.unit,ce1_0.user_id from carbon_entries ce1_0 where ce1_0.user_id=? order by ce1_0.date desc,ce1_0.created_at desc
2026-03-30T04:11:29.734+05:30 DEBUG 25844 --- [nio-8085-exec-9] org.hibernate.SQL                        : select sum(ce1_0.amount) from carbon_entries ce1_0 where ce1_0.user_id=? and ce1_0.date>=? and ce1_0.date<=?
2026-03-30T04:11:29.734+05:30 DEBUG 25844 --- [nio-8085-exec-9] org.hibernate.SQL                        : select b1_0.id,b1_0.active,b1_0.bg_color,b1_0.category,b1_0.color,b1_0.created_at,b1_0.created_by,b1_0.description,b1_0.icon,b1_0.name,b1_0.threshold_kg from badges b1_0 where b1_0.active
2026-03-30T04:11:29.736+05:30 DEBUG 25844 --- [nio-8085-exec-9] org.hibernate.SQL                        : select ce1_0.id from carbon_entries ce1_0 where ce1_0.user_id=? fetch first ? rows only
2026-03-30T04:11:29.737+05:30 DEBUG 25844 --- [nio-8085-exec-9] org.hibernate.SQL                        : select sum(ce1_0.amount) from carbon_entries ce1_0 where ce1_0.user_id=?
2026-03-30T04:11:29.737+05:30 DEBUG 25844 --- [nio-8085-exec-9] org.hibernate.SQL                        : select sum(ce1_0.amount) from carbon_entries ce1_0 where ce1_0.user_id=?
2026-03-30T04:11:29.738+05:30 DEBUG 25844 --- [nio-8085-exec-9] org.hibernate.SQL                        : select ce1_0.category,sum(ce1_0.amount) from carbon_entries ce1_0 where ce1_0.user_id=? group by ce1_0.category
2026-03-30T04:11:29.739+05:30 DEBUG 25844 --- [nio-8085-exec-9] org.hibernate.SQL                        : select ls1_0.id,ls1_0.buys_local_food,ls1_0.buys_second_hand,ls1_0.car_type,ls1_0.diet_type,ls1_0.estimated_annual_footprint,ls1_0.has_renewable_energy,ls1_0.home_heating,ls1_0.long_flights_per_year,ls1_0.meat_meals_per_week,ls1_0.monthly_electricity_kwh,ls1_0.primary_transport,ls1_0.shopping_habits,ls1_0.short_flights_per_year,ls1_0.user_id,ls1_0.weekly_driving_km from lifestyle_surveys ls1_0 where ls1_0.user_id=?
2026-03-30T04:11:29.739+05:30 DEBUG 25844 --- [nio-8085-exec-9] org.hibernate.SQL                        : select count(g1_0.id) from goals g1_0 where g1_0.user_id=? and g1_0.status=?
2026-03-30T04:11:29.740+05:30 DEBUG 25844 --- [nio-8085-exec-9] org.hibernate.SQL                        : select ce1_0.id,ce1_0.activity,ce1_0.amount,ce1_0.category,ce1_0.created_at,ce1_0.date,ce1_0.notes,ce1_0.unit,ce1_0.user_id from carbon_entries ce1_0 where ce1_0.user_id=? order by ce1_0.date desc,ce1_0.created_at desc
2026-03-30T04:11:29.741+05:30 DEBUG 25844 --- [nio-8085-exec-9] org.hibernate.SQL                        : select sum(ce1_0.amount) from carbon_entries ce1_0 where ce1_0.user_id=? and ce1_0.date>=? and ce1_0.date<=?
2026-03-30T04:11:29.742+05:30 DEBUG 25844 --- [nio-8085-exec-9] org.hibernate.SQL                        : select b1_0.id,b1_0.active,b1_0.bg_color,b1_0.category,b1_0.color,b1_0.created_at,b1_0.created_by,b1_0.description,b1_0.icon,b1_0.name,b1_0.threshold_kg from badges b1_0 where b1_0.active
2026-03-30T04:11:29.744+05:30 DEBUG 25844 --- [nio-8085-exec-9] org.hibernate.SQL                        : select sum(ce1_0.amount) from carbon_entries ce1_0 where ce1_0.user_id=?
2026-03-30T04:11:29.745+05:30 DEBUG 25844 --- [nio-8085-exec-9] org.hibernate.SQL                        : select un1_0.id,un1_0.created_at,un1_0.message,un1_0.is_read,un1_0.title,un1_0.type,un1_0.user_id from notifications un1_0 where un1_0.user_id=? order by un1_0.created_at desc
2026-03-30T04:11:29.747+05:30 DEBUG 25844 --- [nio-8085-exec-9] org.hibernate.SQL                        : select count(un1_0.id) from notifications un1_0 where un1_0.user_id=? and not(un1_0.is_read)
2026-03-30T04:11:29.748+05:30 DEBUG 25844 --- [nio-8085-exec-9] org.hibernate.SQL                        : select count(g1_0.id) from goals g1_0 where g1_0.user_id=? and g1_0.status=?
2026-03-30T04:11:29.749+05:30 DEBUG 25844 --- [nio-8085-exec-9] org.hibernate.SQL                        : select count(g1_0.id) from goals g1_0 where g1_0.user_id=? and g1_0.status=?
2026-03-30T04:11:29.750+05:30 DEBUG 25844 --- [nio-8085-exec-9] org.hibernate.SQL                        : select sum(ce1_0.amount) from carbon_entries ce1_0 where ce1_0.user_id=?
2026-03-30T04:11:29.750+05:30 DEBUG 25844 --- [nio-8085-exec-9] org.hibernate.SQL                        : select ce1_0.category,sum(ce1_0.amount) from carbon_entries ce1_0 where ce1_0.user_id=? group by ce1_0.category
2026-03-30T04:11:29.752+05:30 DEBUG 25844 --- [nio-8085-exec-9] org.hibernate.SQL                        : select ls1_0.id,ls1_0.buys_local_food,ls1_0.buys_second_hand,ls1_0.car_type,ls1_0.diet_type,ls1_0.estimated_annual_footprint,ls1_0.has_renewable_energy,ls1_0.home_heating,ls1_0.long_flights_per_year,ls1_0.meat_meals_per_week,ls1_0.monthly_electricity_kwh,ls1_0.primary_transport,ls1_0.shopping_habits,ls1_0.short_flights_per_year,ls1_0.user_id,ls1_0.weekly_driving_km from lifestyle_surveys ls1_0 where ls1_0.user_id=?
2026-03-30T04:11:29.753+05:30 DEBUG 25844 --- [nio-8085-exec-9] org.hibernate.SQL                        : select count(g1_0.id) from goals g1_0 where g1_0.user_id=? and g1_0.status=?
2026-03-30T04:11:29.754+05:30 DEBUG 25844 --- [nio-8085-exec-9] org.hibernate.SQL                        : select ce1_0.id,ce1_0.activity,ce1_0.amount,ce1_0.category,ce1_0.created_at,ce1_0.date,ce1_0.notes,ce1_0.unit,ce1_0.user_id from carbon_entries ce1_0 where ce1_0.user_id=? order by ce1_0.date desc,ce1_0.created_at desc
2026-03-30T04:11:29.755+05:30 DEBUG 25844 --- [nio-8085-exec-9] org.hibernate.SQL                        : select sum(ce1_0.amount) from carbon_entries ce1_0 where ce1_0.user_id=? and ce1_0.date>=? and ce1_0.date<=?
2026-03-30T04:11:29.756+05:30 DEBUG 25844 --- [nio-8085-exec-9] org.hibernate.SQL                        : select b1_0.id,b1_0.active,b1_0.bg_color,b1_0.category,b1_0.color,b1_0.created_at,b1_0.created_by,b1_0.description,b1_0.icon,b1_0.name,b1_0.threshold_kg from badges b1_0 where b1_0.active
2026-03-30T04:11:29.757+05:30 DEBUG 25844 --- [nio-8085-exec-9] o.s.w.s.m.m.a.HttpEntityMethodProcessor  : Using 'application/json', given [*/*] and supported [application/json, application/*+json]
2026-03-30T04:11:29.757+05:30 DEBUG 25844 --- [nio-8085-exec-9] o.s.w.s.m.m.a.HttpEntityMethodProcessor  : Writing [DashboardResponse(userName=CarbonCalc Admin, memberSince=Sept 30, 2025, totalCarbonKg=15.9, thisMont (truncated)...]
2026-03-30T04:11:29.758+05:30 DEBUG 25844 --- [nio-8085-exec-9] o.s.web.servlet.DispatcherServlet        : Completed 200 OK
2026-03-30T04:11:30.965+05:30 DEBUG 25844 --- [nio-8085-exec-1] org.hibernate.SQL                        : select u1_0.id,u1_0.created_at,u1_0.email,u1_0.enabled,u1_0.name,u1_0.otp,u1_0.otp_expiry,u1_0.password,u1_0.role from users u1_0 where u1_0.email=?
2026-03-30T04:11:30.969+05:30 DEBUG 25844 --- [nio-8085-exec-1] o.s.web.servlet.DispatcherServlet        : GET "/api/notifications", parameters={}
2026-03-30T04:11:30.970+05:30 DEBUG 25844 --- [nio-8085-exec-1] s.w.s.m.m.a.RequestMappingHandlerMapping : Mapped to com.ecotrack.backend.controller.NotificationController#getNotifications(User)
2026-03-30T04:11:30.972+05:30 DEBUG 25844 --- [nio-8085-exec-1] org.hibernate.SQL                        : select un1_0.id,un1_0.created_at,un1_0.message,un1_0.is_read,un1_0.title,un1_0.type,un1_0.user_id from notifications un1_0 where un1_0.user_id=? order by un1_0.created_at desc
2026-03-30T04:11:30.973+05:30 DEBUG 25844 --- [nio-8085-exec-1] o.s.w.s.m.m.a.HttpEntityMethodProcessor  : Using 'application/json', given [*/*] and supported [application/json, application/*+json]
2026-03-30T04:11:30.973+05:30 DEBUG 25844 --- [nio-8085-exec-1] o.s.w.s.m.m.a.HttpEntityMethodProcessor  : Writing [[{id=5, title=Purchase confirmed, message=You purchased tree1 for 2000.0 and offset 15.0 kg CO2e., t (truncated)...]
2026-03-30T04:11:30.974+05:30 DEBUG 25844 --- [nio-8085-exec-1] o.s.web.servlet.DispatcherServlet        : Completed 200 OK
2026-03-30T04:11:30.978+05:30 DEBUG 25844 --- [nio-8085-exec-6] org.hibernate.SQL                        : select u1_0.id,u1_0.created_at,u1_0.email,u1_0.enabled,u1_0.name,u1_0.otp,u1_0.otp_expiry,u1_0.password,u1_0.role from users u1_0 where u1_0.email=?
2026-03-30T04:11:30.980+05:30 DEBUG 25844 --- [nio-8085-exec-6] o.s.web.servlet.DispatcherServlet        : GET "/api/notifications", parameters={}
2026-03-30T04:11:30.980+05:30 DEBUG 25844 --- [nio-8085-exec-6] s.w.s.m.m.a.RequestMappingHandlerMapping : Mapped to com.ecotrack.backend.controller.NotificationController#getNotifications(User)
2026-03-30T04:11:30.981+05:30 DEBUG 25844 --- [nio-8085-exec-6] org.hibernate.SQL                        : select un1_0.id,un1_0.created_at,un1_0.message,un1_0.is_read,un1_0.title,un1_0.type,un1_0.user_id from notifications un1_0 where un1_0.user_id=? order by un1_0.created_at desc
2026-03-30T04:11:30.983+05:30 DEBUG 25844 --- [nio-8085-exec-6] o.s.w.s.m.m.a.HttpEntityMethodProcessor  : Using 'application/json', given [*/*] and supported [application/json, application/*+json]
2026-03-30T04:11:30.983+05:30 DEBUG 25844 --- [nio-8085-exec-6] o.s.w.s.m.m.a.HttpEntityMethodProcessor  : Writing [[{id=5, title=Purchase confirmed, message=You purchased tree1 for 2000.0 and offset 15.0 kg CO2e., t (truncated)...]
2026-03-30T04:11:30.984+05:30 DEBUG 25844 --- [nio-8085-exec-6] o.s.web.servlet.DispatcherServlet        : Completed 200 OK
2026-03-30T04:11:30.988+05:30 DEBUG 25844 --- [io-8085-exec-10] org.hibernate.SQL                        : select u1_0.id,u1_0.created_at,u1_0.email,u1_0.enabled,u1_0.name,u1_0.otp,u1_0.otp_expiry,u1_0.password,u1_0.role from users u1_0 where u1_0.email=?
2026-03-30T04:11:30.991+05:30 DEBUG 25844 --- [io-8085-exec-10] o.s.web.servlet.DispatcherServlet        : GET "/api/notifications", parameters={}
2026-03-30T04:11:30.991+05:30 DEBUG 25844 --- [io-8085-exec-10] s.w.s.m.m.a.RequestMappingHandlerMapping : Mapped to com.ecotrack.backend.controller.NotificationController#getNotifications(User)
2026-03-30T04:11:30.993+05:30 DEBUG 25844 --- [io-8085-exec-10] org.hibernate.SQL                        : select un1_0.id,un1_0.created_at,un1_0.message,un1_0.is_read,un1_0.title,un1_0.type,un1_0.user_id from notifications un1_0 where un1_0.user_id=? order by un1_0.created_at desc
2026-03-30T04:11:30.995+05:30 DEBUG 25844 --- [io-8085-exec-10] o.s.w.s.m.m.a.HttpEntityMethodProcessor  : Using 'application/json', given [*/*] and supported [application/json, application/*+json]
2026-03-30T04:11:30.996+05:30 DEBUG 25844 --- [io-8085-exec-10] o.s.w.s.m.m.a.HttpEntityMethodProcessor  : Writing [[{id=5, title=Purchase confirmed, message=You purchased tree1 for 2000.0 and offset 15.0 kg CO2e., t (truncated)...]
2026-03-30T04:11:30.996+05:30 DEBUG 25844 --- [io-8085-exec-10] o.s.web.servlet.DispatcherServlet        : Completed 200 OK
2026-03-30T04:11:33.485+05:30 DEBUG 25844 --- [nio-8085-exec-2] org.hibernate.SQL                        : select u1_0.id,u1_0.created_at,u1_0.email,u1_0.enabled,u1_0.name,u1_0.otp,u1_0.otp_expiry,u1_0.password,u1_0.role from users u1_0 where u1_0.email=?
2026-03-30T04:11:33.486+05:30 DEBUG 25844 --- [nio-8085-exec-3] org.hibernate.SQL                        : select u1_0.id,u1_0.created_at,u1_0.email,u1_0.enabled,u1_0.name,u1_0.otp,u1_0.otp_expiry,u1_0.password,u1_0.role from users u1_0 where u1_0.email=?
2026-03-30T04:11:33.490+05:30 DEBUG 25844 --- [nio-8085-exec-2] o.s.web.servlet.DispatcherServlet        : GET "/api/notifications", parameters={}
2026-03-30T04:11:33.490+05:30 DEBUG 25844 --- [nio-8085-exec-3] o.s.web.servlet.DispatcherServlet        : GET "/api/admin/analytics", parameters={}
2026-03-30T04:11:33.490+05:30 DEBUG 25844 --- [nio-8085-exec-2] s.w.s.m.m.a.RequestMappingHandlerMapping : Mapped to com.ecotrack.backend.controller.NotificationController#getNotifications(User)
2026-03-30T04:11:33.491+05:30 DEBUG 25844 --- [nio-8085-exec-3] s.w.s.m.m.a.RequestMappingHandlerMapping : Mapped to com.ecotrack.backend.controller.AdminController#getAnalytics(User)
2026-03-30T04:11:33.492+05:30 DEBUG 25844 --- [nio-8085-exec-3] org.hibernate.SQL                        : select count(*) from users u1_0
2026-03-30T04:11:33.492+05:30 DEBUG 25844 --- [nio-8085-exec-2] org.hibernate.SQL                        : select un1_0.id,un1_0.created_at,un1_0.message,un1_0.is_read,un1_0.title,un1_0.type,un1_0.user_id from notifications un1_0 where un1_0.user_id=? order by un1_0.created_at desc
2026-03-30T04:11:33.494+05:30 DEBUG 25844 --- [nio-8085-exec-3] org.hibernate.SQL                        : select count(distinct ce1_0.user_id) from carbon_entries ce1_0
2026-03-30T04:11:33.494+05:30 DEBUG 25844 --- [nio-8085-exec-2] o.s.w.s.m.m.a.HttpEntityMethodProcessor  : Using 'application/json', given [*/*] and supported [application/json, application/*+json]
2026-03-30T04:11:33.495+05:30 DEBUG 25844 --- [nio-8085-exec-2] o.s.w.s.m.m.a.HttpEntityMethodProcessor  : Writing [[{id=5, title=Purchase confirmed, message=You purchased tree1 for 2000.0 and offset 15.0 kg CO2e., t (truncated)...]
2026-03-30T04:11:33.495+05:30 DEBUG 25844 --- [nio-8085-exec-3] org.hibernate.SQL                        : select sum(ce1_0.amount) from carbon_entries ce1_0
2026-03-30T04:11:33.496+05:30 DEBUG 25844 --- [nio-8085-exec-2] o.s.web.servlet.DispatcherServlet        : Completed 200 OK
2026-03-30T04:11:33.497+05:30 DEBUG 25844 --- [nio-8085-exec-3] org.hibernate.SQL                        : select count(*) from goals g1_0
2026-03-30T04:11:33.499+05:30 DEBUG 25844 --- [nio-8085-exec-3] org.hibernate.SQL                        : select g1_0.id,g1_0.category,g1_0.created_at,g1_0.current_progress,g1_0.deadline,g1_0.description,g1_0.status,g1_0.target_amount,g1_0.title,g1_0.user_id from goals g1_0
2026-03-30T04:11:33.501+05:30 DEBUG 25844 --- [nio-8085-exec-3] org.hibernate.SQL                        : select ce1_0.category,sum(ce1_0.amount) from carbon_entries ce1_0 group by ce1_0.category
2026-03-30T04:11:33.502+05:30 DEBUG 25844 --- [nio-8085-exec-3] org.hibernate.SQL                        : select u1_0.id,u1_0.created_at,u1_0.email,u1_0.enabled,u1_0.name,u1_0.otp,u1_0.otp_expiry,u1_0.password,u1_0.role from users u1_0
2026-03-30T04:11:33.503+05:30 DEBUG 25844 --- [nio-8085-exec-3] org.hibernate.SQL                        : select sum(ce1_0.amount) from carbon_entries ce1_0 where ce1_0.user_id=?
2026-03-30T04:11:33.504+05:30 DEBUG 25844 --- [nio-8085-exec-3] org.hibernate.SQL                        : select sum(ce1_0.amount) from carbon_entries ce1_0 where ce1_0.user_id=?
2026-03-30T04:11:33.505+05:30 DEBUG 25844 --- [nio-8085-exec-3] org.hibernate.SQL                        : select sum(ce1_0.amount) from carbon_entries ce1_0 where ce1_0.user_id=?
2026-03-30T04:11:33.505+05:30 DEBUG 25844 --- [nio-8085-exec-3] org.hibernate.SQL                        : select sum(ce1_0.amount) from carbon_entries ce1_0 where ce1_0.user_id=?
2026-03-30T04:11:33.506+05:30 DEBUG 25844 --- [nio-8085-exec-3] o.s.w.s.m.m.a.HttpEntityMethodProcessor  : Using 'application/json', given [*/*] and supported [application/json, application/*+json]
2026-03-30T04:11:33.507+05:30 DEBUG 25844 --- [nio-8085-exec-3] o.s.w.s.m.m.a.HttpEntityMethodProcessor  : Writing [{totalUsers=4, activeUsers=3, totalCo2Kg=51.9, totalCarbonKg=51.9, avgCo2PerUser=13.0, avgCarbonPerU (truncated)...]
2026-03-30T04:11:33.508+05:30 DEBUG 25844 --- [nio-8085-exec-3] o.s.web.servlet.DispatcherServlet        : Completed 200 OK
2026-03-30T04:11:33.511+05:30 DEBUG 25844 --- [nio-8085-exec-7] org.hibernate.SQL                        : select u1_0.id,u1_0.created_at,u1_0.email,u1_0.enabled,u1_0.name,u1_0.otp,u1_0.otp_expiry,u1_0.password,u1_0.role from users u1_0 where u1_0.email=?
2026-03-30T04:11:33.513+05:30 DEBUG 25844 --- [nio-8085-exec-7] o.s.web.servlet.DispatcherServlet        : GET "/api/admin/analytics", parameters={}
2026-03-30T04:11:33.513+05:30 DEBUG 25844 --- [nio-8085-exec-7] s.w.s.m.m.a.RequestMappingHandlerMapping : Mapped to com.ecotrack.backend.controller.AdminController#getAnalytics(User)
2026-03-30T04:11:33.514+05:30 DEBUG 25844 --- [nio-8085-exec-7] org.hibernate.SQL                        : select count(*) from users u1_0
2026-03-30T04:11:33.515+05:30 DEBUG 25844 --- [nio-8085-exec-7] org.hibernate.SQL                        : select count(distinct ce1_0.user_id) from carbon_entries ce1_0
2026-03-30T04:11:33.517+05:30 DEBUG 25844 --- [nio-8085-exec-7] org.hibernate.SQL                        : select sum(ce1_0.amount) from carbon_entries ce1_0
2026-03-30T04:11:33.518+05:30 DEBUG 25844 --- [nio-8085-exec-7] org.hibernate.SQL                        : select count(*) from goals g1_0
2026-03-30T04:11:33.520+05:30 DEBUG 25844 --- [nio-8085-exec-7] org.hibernate.SQL                        : select g1_0.id,g1_0.category,g1_0.created_at,g1_0.current_progress,g1_0.deadline,g1_0.description,g1_0.status,g1_0.target_amount,g1_0.title,g1_0.user_id from goals g1_0
2026-03-30T04:11:33.521+05:30 DEBUG 25844 --- [nio-8085-exec-7] org.hibernate.SQL                        : select ce1_0.category,sum(ce1_0.amount) from carbon_entries ce1_0 group by ce1_0.category
2026-03-30T04:11:33.522+05:30 DEBUG 25844 --- [nio-8085-exec-7] org.hibernate.SQL                        : select u1_0.id,u1_0.created_at,u1_0.email,u1_0.enabled,u1_0.name,u1_0.otp,u1_0.otp_expiry,u1_0.password,u1_0.role from users u1_0
2026-03-30T04:11:33.523+05:30 DEBUG 25844 --- [nio-8085-exec-7] org.hibernate.SQL                        : select sum(ce1_0.amount) from carbon_entries ce1_0 where ce1_0.user_id=?
2026-03-30T04:11:33.523+05:30 DEBUG 25844 --- [nio-8085-exec-7] org.hibernate.SQL                        : select sum(ce1_0.amount) from carbon_entries ce1_0 where ce1_0.user_id=?
2026-03-30T04:11:33.524+05:30 DEBUG 25844 --- [nio-8085-exec-7] org.hibernate.SQL                        : select sum(ce1_0.amount) from carbon_entries ce1_0 where ce1_0.user_id=?
2026-03-30T04:11:33.524+05:30 DEBUG 25844 --- [nio-8085-exec-7] org.hibernate.SQL                        : select sum(ce1_0.amount) from carbon_entries ce1_0 where ce1_0.user_id=?
2026-03-30T04:11:33.525+05:30 DEBUG 25844 --- [nio-8085-exec-7] o.s.w.s.m.m.a.HttpEntityMethodProcessor  : Using 'application/json', given [*/*] and supported [application/json, application/*+json]
2026-03-30T04:11:33.526+05:30 DEBUG 25844 --- [nio-8085-exec-7] o.s.w.s.m.m.a.HttpEntityMethodProcessor  : Writing [{totalUsers=4, activeUsers=3, totalCo2Kg=51.9, totalCarbonKg=51.9, avgCo2PerUser=13.0, avgCarbonPerU (truncated)...]
2026-03-30T04:11:33.527+05:30 DEBUG 25844 --- [nio-8085-exec-7] o.s.web.servlet.DispatcherServlet        : Completed 200 OK
2026-03-30T04:11:34.283+05:30 DEBUG 25844 --- [nio-8085-exec-8] org.hibernate.SQL                        : select u1_0.id,u1_0.created_at,u1_0.email,u1_0.enabled,u1_0.name,u1_0.otp,u1_0.otp_expiry,u1_0.password,u1_0.role from users u1_0 where u1_0.email=?
2026-03-30T04:11:34.288+05:30 DEBUG 25844 --- [nio-8085-exec-8] o.s.web.servlet.DispatcherServlet        : GET "/api/notifications", parameters={}
2026-03-30T04:11:34.288+05:30 DEBUG 25844 --- [nio-8085-exec-8] s.w.s.m.m.a.RequestMappingHandlerMapping : Mapped to com.ecotrack.backend.controller.NotificationController#getNotifications(User)
2026-03-30T04:11:34.289+05:30 DEBUG 25844 --- [nio-8085-exec-8] org.hibernate.SQL                        : select un1_0.id,un1_0.created_at,un1_0.message,un1_0.is_read,un1_0.title,un1_0.type,un1_0.user_id from notifications un1_0 where un1_0.user_id=? order by un1_0.created_at desc
2026-03-30T04:11:34.291+05:30 DEBUG 25844 --- [nio-8085-exec-8] o.s.w.s.m.m.a.HttpEntityMethodProcessor  : Using 'application/json', given [*/*] and supported [application/json, application/*+json]
2026-03-30T04:11:34.291+05:30 DEBUG 25844 --- [nio-8085-exec-8] o.s.w.s.m.m.a.HttpEntityMethodProcessor  : Writing [[{id=5, title=Purchase confirmed, message=You purchased tree1 for 2000.0 and offset 15.0 kg CO2e., t (truncated)...]
2026-03-30T04:11:34.292+05:30 DEBUG 25844 --- [nio-8085-exec-8] o.s.web.servlet.DispatcherServlet        : Completed 200 OK
2026-03-30T04:11:34.296+05:30 DEBUG 25844 --- [nio-8085-exec-9] org.hibernate.SQL                        : select u1_0.id,u1_0.created_at,u1_0.email,u1_0.enabled,u1_0.name,u1_0.otp,u1_0.otp_expiry,u1_0.password,u1_0.role from users u1_0 where u1_0.email=?
2026-03-30T04:11:34.299+05:30 DEBUG 25844 --- [nio-8085-exec-9] o.s.web.servlet.DispatcherServlet        : GET "/api/notifications", parameters={}
2026-03-30T04:11:34.299+05:30 DEBUG 25844 --- [nio-8085-exec-9] s.w.s.m.m.a.RequestMappingHandlerMapping : Mapped to com.ecotrack.backend.controller.NotificationController#getNotifications(User)
2026-03-30T04:11:34.300+05:30 DEBUG 25844 --- [nio-8085-exec-9] org.hibernate.SQL                        : select un1_0.id,un1_0.created_at,un1_0.message,un1_0.is_read,un1_0.title,un1_0.type,un1_0.user_id from notifications un1_0 where un1_0.user_id=? order by un1_0.created_at desc
2026-03-30T04:11:34.302+05:30 DEBUG 25844 --- [nio-8085-exec-9] o.s.w.s.m.m.a.HttpEntityMethodProcessor  : Using 'application/json', given [*/*] and supported [application/json, application/*+json]
2026-03-30T04:11:34.302+05:30 DEBUG 25844 --- [nio-8085-exec-9] o.s.w.s.m.m.a.HttpEntityMethodProcessor  : Writing [[{id=5, title=Purchase confirmed, message=You purchased tree1 for 2000.0 and offset 15.0 kg CO2e., t (truncated)...]
2026-03-30T04:11:34.303+05:30 DEBUG 25844 --- [nio-8085-exec-9] o.s.web.servlet.DispatcherServlet        : Completed 200 OK
2026-03-30T04:11:34.307+05:30 DEBUG 25844 --- [nio-8085-exec-1] org.hibernate.SQL                        : select u1_0.id,u1_0.created_at,u1_0.email,u1_0.enabled,u1_0.name,u1_0.otp,u1_0.otp_expiry,u1_0.password,u1_0.role from users u1_0 where u1_0.email=?
2026-03-30T04:11:34.309+05:30 DEBUG 25844 --- [nio-8085-exec-1] o.s.web.servlet.DispatcherServlet        : GET "/api/notifications", parameters={}
2026-03-30T04:11:34.310+05:30 DEBUG 25844 --- [nio-8085-exec-1] s.w.s.m.m.a.RequestMappingHandlerMapping : Mapped to com.ecotrack.backend.controller.NotificationController#getNotifications(User)
2026-03-30T04:11:34.311+05:30 DEBUG 25844 --- [nio-8085-exec-1] org.hibernate.SQL                        : select un1_0.id,un1_0.created_at,un1_0.message,un1_0.is_read,un1_0.title,un1_0.type,un1_0.user_id from notifications un1_0 where un1_0.user_id=? order by un1_0.created_at desc
2026-03-30T04:11:34.313+05:30 DEBUG 25844 --- [nio-8085-exec-1] o.s.w.s.m.m.a.HttpEntityMethodProcessor  : Using 'application/json', given [*/*] and supported [application/json, application/*+json]
2026-03-30T04:11:34.314+05:30 DEBUG 25844 --- [nio-8085-exec-1] o.s.w.s.m.m.a.HttpEntityMethodProcessor  : Writing [[{id=5, title=Purchase confirmed, message=You purchased tree1 for 2000.0 and offset 15.0 kg CO2e., t (truncated)...]
2026-03-30T04:11:34.314+05:30 DEBUG 25844 --- [nio-8085-exec-1] o.s.web.servlet.DispatcherServlet        : Completed 200 OK
2026-03-30T04:11:35.373+05:30 DEBUG 25844 --- [nio-8085-exec-7] org.hibernate.SQL                        : select u1_0.id,u1_0.created_at,u1_0.email,u1_0.enabled,u1_0.name,u1_0.otp,u1_0.otp_expiry,u1_0.password,u1_0.role from users u1_0 where u1_0.email=?
2026-03-30T04:11:35.374+05:30 DEBUG 25844 --- [nio-8085-exec-3] org.hibernate.SQL                        : select u1_0.id,u1_0.created_at,u1_0.email,u1_0.enabled,u1_0.name,u1_0.otp,u1_0.otp_expiry,u1_0.password,u1_0.role from users u1_0 where u1_0.email=?
2026-03-30T04:11:35.374+05:30 DEBUG 25844 --- [nio-8085-exec-8] org.hibernate.SQL                        : select u1_0.id,u1_0.created_at,u1_0.email,u1_0.enabled,u1_0.name,u1_0.otp,u1_0.otp_expiry,u1_0.password,u1_0.role from users u1_0 where u1_0.email=?
2026-03-30T04:11:35.375+05:30 DEBUG 25844 --- [nio-8085-exec-7] o.s.web.servlet.DispatcherServlet        : GET "/api/notifications", parameters={}
2026-03-30T04:11:35.375+05:30 DEBUG 25844 --- [nio-8085-exec-3] o.s.web.servlet.DispatcherServlet        : GET "/api/transactions/user/2", parameters={}
2026-03-30T04:11:35.376+05:30 DEBUG 25844 --- [nio-8085-exec-7] s.w.s.m.m.a.RequestMappingHandlerMapping : Mapped to com.ecotrack.backend.controller.NotificationController#getNotifications(User)
2026-03-30T04:11:35.376+05:30 DEBUG 25844 --- [nio-8085-exec-8] o.s.web.servlet.DispatcherServlet        : GET "/api/marketplace", parameters={}
2026-03-30T04:11:35.376+05:30 DEBUG 25844 --- [nio-8085-exec-3] s.w.s.m.m.a.RequestMappingHandlerMapping : Mapped to com.ecotrack.backend.controller.TransactionController#getUserTransactions(User, Long)
2026-03-30T04:11:35.376+05:30 DEBUG 25844 --- [nio-8085-exec-8] s.w.s.m.m.a.RequestMappingHandlerMapping : Mapped to com.ecotrack.backend.controller.MarketplaceController#getAll()
2026-03-30T04:11:35.377+05:30 DEBUG 25844 --- [nio-8085-exec-7] org.hibernate.SQL                        : select un1_0.id,un1_0.created_at,un1_0.message,un1_0.is_read,un1_0.title,un1_0.type,un1_0.user_id from notifications un1_0 where un1_0.user_id=? order by un1_0.created_at desc
2026-03-30T04:11:35.377+05:30 DEBUG 25844 --- [nio-8085-exec-8] org.hibernate.SQL                        : select mi1_0.id,mi1_0.carbon_offset_value,mi1_0.created_at,mi1_0.description,mi1_0.item_name,mi1_0.item_type,mi1_0.price from marketplace mi1_0 order by mi1_0.created_at desc
2026-03-30T04:11:35.378+05:30 DEBUG 25844 --- [nio-8085-exec-3] org.hibernate.SQL                        : select u1_0.id,u1_0.created_at,u1_0.email,u1_0.enabled,u1_0.name,u1_0.otp,u1_0.otp_expiry,u1_0.password,u1_0.role from users u1_0 where u1_0.id=?
2026-03-30T04:11:35.378+05:30 DEBUG 25844 --- [nio-8085-exec-7] o.s.w.s.m.m.a.HttpEntityMethodProcessor  : Using 'application/json', given [*/*] and supported [application/json, application/*+json]
2026-03-30T04:11:35.378+05:30 DEBUG 25844 --- [nio-8085-exec-7] o.s.w.s.m.m.a.HttpEntityMethodProcessor  : Writing [[{id=5, title=Purchase confirmed, message=You purchased tree1 for 2000.0 and offset 15.0 kg CO2e., t (truncated)...]
2026-03-30T04:11:35.378+05:30 DEBUG 25844 --- [nio-8085-exec-8] o.s.w.s.m.m.a.HttpEntityMethodProcessor  : Using 'application/json', given [*/*] and supported [application/json, application/*+json]
2026-03-30T04:11:35.379+05:30 DEBUG 25844 --- [nio-8085-exec-3] org.hibernate.SQL                        : select pt1_0.id,pt1_0.amount,pt1_0.created_at,pt1_0.marketplace_item_id,pt1_0.status,pt1_0.user_id from transactions pt1_0 where pt1_0.user_id=? order by pt1_0.created_at desc
2026-03-30T04:11:35.379+05:30 DEBUG 25844 --- [nio-8085-exec-8] o.s.w.s.m.m.a.HttpEntityMethodProcessor  : Writing [[{id=4, itemName=tree1, itemType=tree_planting, price=2000.0, description=tree1 tree, carbonOffsetVa (truncated)...]
2026-03-30T04:11:35.379+05:30 DEBUG 25844 --- [nio-8085-exec-7] o.s.web.servlet.DispatcherServlet        : Completed 200 OK
2026-03-30T04:11:35.379+05:30 DEBUG 25844 --- [nio-8085-exec-3] org.hibernate.SQL                        : select mi1_0.id,mi1_0.carbon_offset_value,mi1_0.created_at,mi1_0.description,mi1_0.item_name,mi1_0.item_type,mi1_0.price from marketplace mi1_0 where mi1_0.id=?
2026-03-30T04:11:35.379+05:30 DEBUG 25844 --- [nio-8085-exec-8] o.s.web.servlet.DispatcherServlet        : Completed 200 OK
2026-03-30T04:11:35.381+05:30 DEBUG 25844 --- [nio-8085-exec-3] o.s.w.s.m.m.a.HttpEntityMethodProcessor  : Using 'application/json', given [*/*] and supported [application/json, application/*+json]
2026-03-30T04:11:35.381+05:30 DEBUG 25844 --- [nio-8085-exec-3] o.s.w.s.m.m.a.HttpEntityMethodProcessor  : Writing [[{id=3, userId=2, userName=CarbonCalc Admin, marketplaceItemId=4, itemName=tree1, itemType=tree_plan (truncated)...]
2026-03-30T04:11:35.382+05:30 DEBUG 25844 --- [nio-8085-exec-3] o.s.web.servlet.DispatcherServlet        : Completed 200 OK
2026-03-30T04:11:35.383+05:30 DEBUG 25844 --- [nio-8085-exec-9] org.hibernate.SQL                        : select u1_0.id,u1_0.created_at,u1_0.email,u1_0.enabled,u1_0.name,u1_0.otp,u1_0.otp_expiry,u1_0.password,u1_0.role from users u1_0 where u1_0.email=?
2026-03-30T04:11:35.385+05:30 DEBUG 25844 --- [nio-8085-exec-9] o.s.web.servlet.DispatcherServlet        : GET "/api/marketplace", parameters={}
2026-03-30T04:11:35.385+05:30 DEBUG 25844 --- [nio-8085-exec-9] s.w.s.m.m.a.RequestMappingHandlerMapping : Mapped to com.ecotrack.backend.controller.MarketplaceController#getAll()
2026-03-30T04:11:35.385+05:30 DEBUG 25844 --- [nio-8085-exec-1] org.hibernate.SQL                        : select u1_0.id,u1_0.created_at,u1_0.email,u1_0.enabled,u1_0.name,u1_0.otp,u1_0.otp_expiry,u1_0.password,u1_0.role from users u1_0 where u1_0.email=?
2026-03-30T04:11:35.385+05:30 DEBUG 25844 --- [nio-8085-exec-9] org.hibernate.SQL                        : select mi1_0.id,mi1_0.carbon_offset_value,mi1_0.created_at,mi1_0.description,mi1_0.item_name,mi1_0.item_type,mi1_0.price from marketplace mi1_0 order by mi1_0.created_at desc
2026-03-30T04:11:35.386+05:30 DEBUG 25844 --- [nio-8085-exec-1] o.s.web.servlet.DispatcherServlet        : GET "/api/transactions/user/2", parameters={}
2026-03-30T04:11:35.387+05:30 DEBUG 25844 --- [nio-8085-exec-9] o.s.w.s.m.m.a.HttpEntityMethodProcessor  : Using 'application/json', given [*/*] and supported [application/json, application/*+json]
2026-03-30T04:11:35.387+05:30 DEBUG 25844 --- [nio-8085-exec-1] s.w.s.m.m.a.RequestMappingHandlerMapping : Mapped to com.ecotrack.backend.controller.TransactionController#getUserTransactions(User, Long)
2026-03-30T04:11:35.387+05:30 DEBUG 25844 --- [nio-8085-exec-9] o.s.w.s.m.m.a.HttpEntityMethodProcessor  : Writing [[{id=4, itemName=tree1, itemType=tree_planting, price=2000.0, description=tree1 tree, carbonOffsetVa (truncated)...]
2026-03-30T04:11:35.388+05:30 DEBUG 25844 --- [nio-8085-exec-1] org.hibernate.SQL                        : select u1_0.id,u1_0.created_at,u1_0.email,u1_0.enabled,u1_0.name,u1_0.otp,u1_0.otp_expiry,u1_0.password,u1_0.role from users u1_0 where u1_0.id=?
2026-03-30T04:11:35.388+05:30 DEBUG 25844 --- [nio-8085-exec-9] o.s.web.servlet.DispatcherServlet        : Completed 200 OK
2026-03-30T04:11:35.390+05:30 DEBUG 25844 --- [nio-8085-exec-1] org.hibernate.SQL                        : select pt1_0.id,pt1_0.amount,pt1_0.created_at,pt1_0.marketplace_item_id,pt1_0.status,pt1_0.user_id from transactions pt1_0 where pt1_0.user_id=? order by pt1_0.created_at desc
2026-03-30T04:11:35.392+05:30 DEBUG 25844 --- [nio-8085-exec-1] org.hibernate.SQL                        : select mi1_0.id,mi1_0.carbon_offset_value,mi1_0.created_at,mi1_0.description,mi1_0.item_name,mi1_0.item_type,mi1_0.price from marketplace mi1_0 where mi1_0.id=?
2026-03-30T04:11:35.393+05:30 DEBUG 25844 --- [nio-8085-exec-1] o.s.w.s.m.m.a.HttpEntityMethodProcessor  : Using 'application/json', given [*/*] and supported [application/json, application/*+json]
2026-03-30T04:11:35.393+05:30 DEBUG 25844 --- [nio-8085-exec-1] o.s.w.s.m.m.a.HttpEntityMethodProcessor  : Writing [[{id=3, userId=2, userName=CarbonCalc Admin, marketplaceItemId=4, itemName=tree1, itemType=tree_plan (truncated)...]
2026-03-30T04:11:35.394+05:30 DEBUG 25844 --- [nio-8085-exec-1] o.s.web.servlet.DispatcherServlet        : Completed 200 OK
2026-03-30T04:11:36.255+05:30 DEBUG 25844 --- [nio-8085-exec-6] org.hibernate.SQL                        : select u1_0.id,u1_0.created_at,u1_0.email,u1_0.enabled,u1_0.name,u1_0.otp,u1_0.otp_expiry,u1_0.password,u1_0.role from users u1_0 where u1_0.email=?
2026-03-30T04:11:36.257+05:30 DEBUG 25844 --- [nio-8085-exec-6] o.s.web.servlet.DispatcherServlet        : GET "/api/notifications", parameters={}
2026-03-30T04:11:36.257+05:30 DEBUG 25844 --- [nio-8085-exec-6] s.w.s.m.m.a.RequestMappingHandlerMapping : Mapped to com.ecotrack.backend.controller.NotificationController#getNotifications(User)
2026-03-30T04:11:36.258+05:30 DEBUG 25844 --- [nio-8085-exec-4] org.hibernate.SQL                        : select u1_0.id,u1_0.created_at,u1_0.email,u1_0.enabled,u1_0.name,u1_0.otp,u1_0.otp_expiry,u1_0.password,u1_0.role from users u1_0 where u1_0.email=?
2026-03-30T04:11:36.259+05:30 DEBUG 25844 --- [nio-8085-exec-6] org.hibernate.SQL                        : select un1_0.id,un1_0.created_at,un1_0.message,un1_0.is_read,un1_0.title,un1_0.type,un1_0.user_id from notifications un1_0 where un1_0.user_id=? order by un1_0.created_at desc
2026-03-30T04:11:36.260+05:30 DEBUG 25844 --- [nio-8085-exec-4] o.s.web.servlet.DispatcherServlet        : GET "/api/badges/current", parameters={}
2026-03-30T04:11:36.260+05:30 DEBUG 25844 --- [nio-8085-exec-6] o.s.w.s.m.m.a.HttpEntityMethodProcessor  : Using 'application/json', given [*/*] and supported [application/json, application/*+json]
2026-03-30T04:11:36.260+05:30 DEBUG 25844 --- [nio-8085-exec-4] s.w.s.m.m.a.RequestMappingHandlerMapping : Mapped to com.ecotrack.backend.controller.BadgeController#getCurrentUserBadges(User)
2026-03-30T04:11:36.261+05:30 DEBUG 25844 --- [nio-8085-exec-6] o.s.w.s.m.m.a.HttpEntityMethodProcessor  : Writing [[{id=5, title=Purchase confirmed, message=You purchased tree1 for 2000.0 and offset 15.0 kg CO2e., t (truncated)...]
2026-03-30T04:11:36.262+05:30 DEBUG 25844 --- [nio-8085-exec-4] org.hibernate.SQL                        : select sum(ce1_0.amount) from carbon_entries ce1_0 where ce1_0.user_id=?
2026-03-30T04:11:36.262+05:30 DEBUG 25844 --- [nio-8085-exec-6] o.s.web.servlet.DispatcherServlet        : Completed 200 OK
2026-03-30T04:11:36.262+05:30 DEBUG 25844 --- [nio-8085-exec-4] org.hibernate.SQL                        : select ce1_0.category,sum(ce1_0.amount) from carbon_entries ce1_0 where ce1_0.user_id=? group by ce1_0.category
2026-03-30T04:11:36.263+05:30 DEBUG 25844 --- [nio-8085-exec-4] org.hibernate.SQL                        : select ls1_0.id,ls1_0.buys_local_food,ls1_0.buys_second_hand,ls1_0.car_type,ls1_0.diet_type,ls1_0.estimated_annual_footprint,ls1_0.has_renewable_energy,ls1_0.home_heating,ls1_0.long_flights_per_year,ls1_0.meat_meals_per_week,ls1_0.monthly_electricity_kwh,ls1_0.primary_transport,ls1_0.shopping_habits,ls1_0.short_flights_per_year,ls1_0.user_id,ls1_0.weekly_driving_km from lifestyle_surveys ls1_0 where ls1_0.user_id=?
2026-03-30T04:11:36.266+05:30 DEBUG 25844 --- [nio-8085-exec-4] org.hibernate.SQL                        : select count(g1_0.id) from goals g1_0 where g1_0.user_id=? and g1_0.status=?
2026-03-30T04:11:36.267+05:30 DEBUG 25844 --- [nio-8085-exec-4] org.hibernate.SQL                        : select ce1_0.id,ce1_0.activity,ce1_0.amount,ce1_0.category,ce1_0.created_at,ce1_0.date,ce1_0.notes,ce1_0.unit,ce1_0.user_id from carbon_entries ce1_0 where ce1_0.user_id=? order by ce1_0.date desc,ce1_0.created_at desc
2026-03-30T04:11:36.268+05:30 DEBUG 25844 --- [nio-8085-exec-4] org.hibernate.SQL                        : select sum(ce1_0.amount) from carbon_entries ce1_0 where ce1_0.user_id=? and ce1_0.date>=? and ce1_0.date<=?
2026-03-30T04:11:36.269+05:30 DEBUG 25844 --- [nio-8085-exec-4] org.hibernate.SQL                        : select b1_0.id,b1_0.active,b1_0.bg_color,b1_0.category,b1_0.color,b1_0.created_at,b1_0.created_by,b1_0.description,b1_0.icon,b1_0.name,b1_0.threshold_kg from badges b1_0 where b1_0.active
2026-03-30T04:11:36.270+05:30 DEBUG 25844 --- [nio-8085-exec-4] o.s.w.s.m.m.a.HttpEntityMethodProcessor  : Using 'application/json', given [*/*] and supported [application/json, application/*+json]
2026-03-30T04:11:36.271+05:30 DEBUG 25844 --- [nio-8085-exec-4] o.s.w.s.m.m.a.HttpEntityMethodProcessor  : Writing [[{name=Eco Starter, description=Completed your first lifestyle survey, iconName=Sparkles, bgColor=bg (truncated)...]
2026-03-30T04:11:36.271+05:30 DEBUG 25844 --- [nio-8085-exec-4] o.s.web.servlet.DispatcherServlet        : Completed 200 OK
2026-03-30T04:11:36.275+05:30 DEBUG 25844 --- [nio-8085-exec-4] org.hibernate.SQL                        : select u1_0.id,u1_0.created_at,u1_0.email,u1_0.enabled,u1_0.name,u1_0.otp,u1_0.otp_expiry,u1_0.password,u1_0.role from users u1_0 where u1_0.email=?
2026-03-30T04:11:36.276+05:30 DEBUG 25844 --- [nio-8085-exec-4] o.s.web.servlet.DispatcherServlet        : GET "/api/badges/current", parameters={}
2026-03-30T04:11:36.276+05:30 DEBUG 25844 --- [nio-8085-exec-4] s.w.s.m.m.a.RequestMappingHandlerMapping : Mapped to com.ecotrack.backend.controller.BadgeController#getCurrentUserBadges(User)
2026-03-30T04:11:36.277+05:30 DEBUG 25844 --- [nio-8085-exec-4] org.hibernate.SQL                        : select sum(ce1_0.amount) from carbon_entries ce1_0 where ce1_0.user_id=?
2026-03-30T04:11:36.278+05:30 DEBUG 25844 --- [nio-8085-exec-4] org.hibernate.SQL                        : select ce1_0.category,sum(ce1_0.amount) from carbon_entries ce1_0 where ce1_0.user_id=? group by ce1_0.category
2026-03-30T04:11:36.279+05:30 DEBUG 25844 --- [nio-8085-exec-4] org.hibernate.SQL                        : select ls1_0.id,ls1_0.buys_local_food,ls1_0.buys_second_hand,ls1_0.car_type,ls1_0.diet_type,ls1_0.estimated_annual_footprint,ls1_0.has_renewable_energy,ls1_0.home_heating,ls1_0.long_flights_per_year,ls1_0.meat_meals_per_week,ls1_0.monthly_electricity_kwh,ls1_0.primary_transport,ls1_0.shopping_habits,ls1_0.short_flights_per_year,ls1_0.user_id,ls1_0.weekly_driving_km from lifestyle_surveys ls1_0 where ls1_0.user_id=?
2026-03-30T04:11:36.280+05:30 DEBUG 25844 --- [nio-8085-exec-4] org.hibernate.SQL                        : select count(g1_0.id) from goals g1_0 where g1_0.user_id=? and g1_0.status=?
2026-03-30T04:11:36.281+05:30 DEBUG 25844 --- [nio-8085-exec-4] org.hibernate.SQL                        : select ce1_0.id,ce1_0.activity,ce1_0.amount,ce1_0.category,ce1_0.created_at,ce1_0.date,ce1_0.notes,ce1_0.unit,ce1_0.user_id from carbon_entries ce1_0 where ce1_0.user_id=? order by ce1_0.date desc,ce1_0.created_at desc
2026-03-30T04:11:36.282+05:30 DEBUG 25844 --- [nio-8085-exec-4] org.hibernate.SQL                        : select sum(ce1_0.amount) from carbon_entries ce1_0 where ce1_0.user_id=? and ce1_0.date>=? and ce1_0.date<=?
2026-03-30T04:11:36.283+05:30 DEBUG 25844 --- [nio-8085-exec-4] org.hibernate.SQL                        : select b1_0.id,b1_0.active,b1_0.bg_color,b1_0.category,b1_0.color,b1_0.created_at,b1_0.created_by,b1_0.description,b1_0.icon,b1_0.name,b1_0.threshold_kg from badges b1_0 where b1_0.active
2026-03-30T04:11:36.284+05:30 DEBUG 25844 --- [nio-8085-exec-4] o.s.w.s.m.m.a.HttpEntityMethodProcessor  : Using 'application/json', given [*/*] and supported [application/json, application/*+json]
2026-03-30T04:11:36.284+05:30 DEBUG 25844 --- [nio-8085-exec-4] o.s.w.s.m.m.a.HttpEntityMethodProcessor  : Writing [[{name=Eco Starter, description=Completed your first lifestyle survey, iconName=Sparkles, bgColor=bg (truncated)...]
2026-03-30T04:11:36.284+05:30 DEBUG 25844 --- [nio-8085-exec-4] o.s.web.servlet.DispatcherServlet        : Completed 200 OK
2026-03-30T04:11:37.664+05:30 DEBUG 25844 --- [nio-8085-exec-8] org.hibernate.SQL                        : select u1_0.id,u1_0.created_at,u1_0.email,u1_0.enabled,u1_0.name,u1_0.otp,u1_0.otp_expiry,u1_0.password,u1_0.role from users u1_0 where u1_0.email=?
2026-03-30T04:11:37.666+05:30 DEBUG 25844 --- [nio-8085-exec-8] o.s.web.servlet.DispatcherServlet        : GET "/api/notifications", parameters={}
2026-03-30T04:11:37.666+05:30 DEBUG 25844 --- [nio-8085-exec-9] org.hibernate.SQL                        : select u1_0.id,u1_0.created_at,u1_0.email,u1_0.enabled,u1_0.name,u1_0.otp,u1_0.otp_expiry,u1_0.password,u1_0.role from users u1_0 where u1_0.email=?
2026-03-30T04:11:37.666+05:30 DEBUG 25844 --- [nio-8085-exec-8] s.w.s.m.m.a.RequestMappingHandlerMapping : Mapped to com.ecotrack.backend.controller.NotificationController#getNotifications(User)
2026-03-30T04:11:37.667+05:30 DEBUG 25844 --- [nio-8085-exec-9] o.s.web.servlet.DispatcherServlet        : GET "/api/leaderboard", parameters={}
2026-03-30T04:11:37.668+05:30 DEBUG 25844 --- [nio-8085-exec-8] org.hibernate.SQL                        : select un1_0.id,un1_0.created_at,un1_0.message,un1_0.is_read,un1_0.title,un1_0.type,un1_0.user_id from notifications un1_0 where un1_0.user_id=? order by un1_0.created_at desc
2026-03-30T04:11:37.668+05:30 DEBUG 25844 --- [nio-8085-exec-9] s.w.s.m.m.a.RequestMappingHandlerMapping : Mapped to com.ecotrack.backend.controller.LeaderboardController#get(User)
2026-03-30T04:11:37.669+05:30 DEBUG 25844 --- [nio-8085-exec-8] o.s.w.s.m.m.a.HttpEntityMethodProcessor  : Using 'application/json', given [*/*] and supported [application/json, application/*+json]
2026-03-30T04:11:37.669+05:30 DEBUG 25844 --- [nio-8085-exec-9] org.hibernate.SQL                        : select ce1_0.id from carbon_entries ce1_0 where ce1_0.user_id=? fetch first ? rows only
2026-03-30T04:11:37.669+05:30 DEBUG 25844 --- [nio-8085-exec-8] o.s.w.s.m.m.a.HttpEntityMethodProcessor  : Writing [[{id=5, title=Purchase confirmed, message=You purchased tree1 for 2000.0 and offset 15.0 kg CO2e., t (truncated)...]
2026-03-30T04:11:37.670+05:30 DEBUG 25844 --- [nio-8085-exec-8] o.s.web.servlet.DispatcherServlet        : Completed 200 OK
2026-03-30T04:11:37.671+05:30 DEBUG 25844 --- [nio-8085-exec-9] org.hibernate.SQL                        : select u1_0.id,u1_0.created_at,u1_0.email,u1_0.enabled,u1_0.name,u1_0.otp,u1_0.otp_expiry,u1_0.password,u1_0.role from users u1_0
2026-03-30T04:11:37.673+05:30 DEBUG 25844 --- [nio-8085-exec-9] org.hibernate.SQL                        : select ce1_0.id from carbon_entries ce1_0 where ce1_0.user_id=? fetch first ? rows only
2026-03-30T04:11:37.674+05:30 DEBUG 25844 --- [nio-8085-exec-9] org.hibernate.SQL                        : select ce1_0.id from carbon_entries ce1_0 where ce1_0.user_id=? fetch first ? rows only
2026-03-30T04:11:37.675+05:30 DEBUG 25844 --- [nio-8085-exec-9] org.hibernate.SQL                        : select sum(ce1_0.amount) from carbon_entries ce1_0 where ce1_0.user_id=?
2026-03-30T04:11:37.675+05:30 DEBUG 25844 --- [nio-8085-exec-9] org.hibernate.SQL                        : select sum(ce1_0.amount) from carbon_entries ce1_0 where ce1_0.user_id=?
2026-03-30T04:11:37.676+05:30 DEBUG 25844 --- [nio-8085-exec-9] org.hibernate.SQL                        : select ce1_0.category,sum(ce1_0.amount) from carbon_entries ce1_0 where ce1_0.user_id=? group by ce1_0.category
2026-03-30T04:11:37.677+05:30 DEBUG 25844 --- [nio-8085-exec-9] org.hibernate.SQL                        : select ls1_0.id,ls1_0.buys_local_food,ls1_0.buys_second_hand,ls1_0.car_type,ls1_0.diet_type,ls1_0.estimated_annual_footprint,ls1_0.has_renewable_energy,ls1_0.home_heating,ls1_0.long_flights_per_year,ls1_0.meat_meals_per_week,ls1_0.monthly_electricity_kwh,ls1_0.primary_transport,ls1_0.shopping_habits,ls1_0.short_flights_per_year,ls1_0.user_id,ls1_0.weekly_driving_km from lifestyle_surveys ls1_0 where ls1_0.user_id=?
2026-03-30T04:11:37.678+05:30 DEBUG 25844 --- [nio-8085-exec-9] org.hibernate.SQL                        : select count(g1_0.id) from goals g1_0 where g1_0.user_id=? and g1_0.status=?
2026-03-30T04:11:37.679+05:30 DEBUG 25844 --- [nio-8085-exec-9] org.hibernate.SQL                        : select ce1_0.id,ce1_0.activity,ce1_0.amount,ce1_0.category,ce1_0.created_at,ce1_0.date,ce1_0.notes,ce1_0.unit,ce1_0.user_id from carbon_entries ce1_0 where ce1_0.user_id=? order by ce1_0.date desc,ce1_0.created_at desc
2026-03-30T04:11:37.679+05:30 DEBUG 25844 --- [nio-8085-exec-9] org.hibernate.SQL                        : select sum(ce1_0.amount) from carbon_entries ce1_0 where ce1_0.user_id=? and ce1_0.date>=? and ce1_0.date<=?
2026-03-30T04:11:37.680+05:30 DEBUG 25844 --- [nio-8085-exec-9] org.hibernate.SQL                        : select b1_0.id,b1_0.active,b1_0.bg_color,b1_0.category,b1_0.color,b1_0.created_at,b1_0.created_by,b1_0.description,b1_0.icon,b1_0.name,b1_0.threshold_kg from badges b1_0 where b1_0.active
2026-03-30T04:11:37.681+05:30 DEBUG 25844 --- [nio-8085-exec-9] org.hibernate.SQL                        : select ce1_0.id from carbon_entries ce1_0 where ce1_0.user_id=? fetch first ? rows only
2026-03-30T04:11:37.682+05:30 DEBUG 25844 --- [nio-8085-exec-9] org.hibernate.SQL                        : select sum(ce1_0.amount) from carbon_entries ce1_0 where ce1_0.user_id=?
2026-03-30T04:11:37.682+05:30 DEBUG 25844 --- [nio-8085-exec-9] org.hibernate.SQL                        : select sum(ce1_0.amount) from carbon_entries ce1_0 where ce1_0.user_id=?
2026-03-30T04:11:37.683+05:30 DEBUG 25844 --- [nio-8085-exec-9] org.hibernate.SQL                        : select ce1_0.category,sum(ce1_0.amount) from carbon_entries ce1_0 where ce1_0.user_id=? group by ce1_0.category
2026-03-30T04:11:37.684+05:30 DEBUG 25844 --- [nio-8085-exec-9] org.hibernate.SQL                        : select ls1_0.id,ls1_0.buys_local_food,ls1_0.buys_second_hand,ls1_0.car_type,ls1_0.diet_type,ls1_0.estimated_annual_footprint,ls1_0.has_renewable_energy,ls1_0.home_heating,ls1_0.long_flights_per_year,ls1_0.meat_meals_per_week,ls1_0.monthly_electricity_kwh,ls1_0.primary_transport,ls1_0.shopping_habits,ls1_0.short_flights_per_year,ls1_0.user_id,ls1_0.weekly_driving_km from lifestyle_surveys ls1_0 where ls1_0.user_id=?
2026-03-30T04:11:37.685+05:30 DEBUG 25844 --- [nio-8085-exec-9] org.hibernate.SQL                        : select count(g1_0.id) from goals g1_0 where g1_0.user_id=? and g1_0.status=?
2026-03-30T04:11:37.686+05:30 DEBUG 25844 --- [nio-8085-exec-9] org.hibernate.SQL                        : select ce1_0.id,ce1_0.activity,ce1_0.amount,ce1_0.category,ce1_0.created_at,ce1_0.date,ce1_0.notes,ce1_0.unit,ce1_0.user_id from carbon_entries ce1_0 where ce1_0.user_id=? order by ce1_0.date desc,ce1_0.created_at desc
2026-03-30T04:11:37.687+05:30 DEBUG 25844 --- [nio-8085-exec-9] org.hibernate.SQL                        : select sum(ce1_0.amount) from carbon_entries ce1_0 where ce1_0.user_id=? and ce1_0.date>=? and ce1_0.date<=?
2026-03-30T04:11:37.688+05:30 DEBUG 25844 --- [nio-8085-exec-9] org.hibernate.SQL                        : select b1_0.id,b1_0.active,b1_0.bg_color,b1_0.category,b1_0.color,b1_0.created_at,b1_0.created_by,b1_0.description,b1_0.icon,b1_0.name,b1_0.threshold_kg from badges b1_0 where b1_0.active
2026-03-30T04:11:37.689+05:30 DEBUG 25844 --- [nio-8085-exec-9] org.hibernate.SQL                        : select ce1_0.id from carbon_entries ce1_0 where ce1_0.user_id=? fetch first ? rows only
2026-03-30T04:11:37.690+05:30 DEBUG 25844 --- [nio-8085-exec-9] org.hibernate.SQL                        : select sum(ce1_0.amount) from carbon_entries ce1_0 where ce1_0.user_id=?
2026-03-30T04:11:37.690+05:30 DEBUG 25844 --- [nio-8085-exec-9] org.hibernate.SQL                        : select sum(ce1_0.amount) from carbon_entries ce1_0 where ce1_0.user_id=?
2026-03-30T04:11:37.691+05:30 DEBUG 25844 --- [nio-8085-exec-9] org.hibernate.SQL                        : select ce1_0.category,sum(ce1_0.amount) from carbon_entries ce1_0 where ce1_0.user_id=? group by ce1_0.category
2026-03-30T04:11:37.692+05:30 DEBUG 25844 --- [nio-8085-exec-9] org.hibernate.SQL                        : select ls1_0.id,ls1_0.buys_local_food,ls1_0.buys_second_hand,ls1_0.car_type,ls1_0.diet_type,ls1_0.estimated_annual_footprint,ls1_0.has_renewable_energy,ls1_0.home_heating,ls1_0.long_flights_per_year,ls1_0.meat_meals_per_week,ls1_0.monthly_electricity_kwh,ls1_0.primary_transport,ls1_0.shopping_habits,ls1_0.short_flights_per_year,ls1_0.user_id,ls1_0.weekly_driving_km from lifestyle_surveys ls1_0 where ls1_0.user_id=?
2026-03-30T04:11:37.693+05:30 DEBUG 25844 --- [nio-8085-exec-9] org.hibernate.SQL                        : select count(g1_0.id) from goals g1_0 where g1_0.user_id=? and g1_0.status=?
2026-03-30T04:11:37.694+05:30 DEBUG 25844 --- [nio-8085-exec-9] org.hibernate.SQL                        : select ce1_0.id,ce1_0.activity,ce1_0.amount,ce1_0.category,ce1_0.created_at,ce1_0.date,ce1_0.notes,ce1_0.unit,ce1_0.user_id from carbon_entries ce1_0 where ce1_0.user_id=? order by ce1_0.date desc,ce1_0.created_at desc
2026-03-30T04:11:37.694+05:30 DEBUG 25844 --- [nio-8085-exec-9] org.hibernate.SQL                        : select sum(ce1_0.amount) from carbon_entries ce1_0 where ce1_0.user_id=? and ce1_0.date>=? and ce1_0.date<=?
2026-03-30T04:11:37.695+05:30 DEBUG 25844 --- [nio-8085-exec-9] org.hibernate.SQL                        : select b1_0.id,b1_0.active,b1_0.bg_color,b1_0.category,b1_0.color,b1_0.created_at,b1_0.created_by,b1_0.description,b1_0.icon,b1_0.name,b1_0.threshold_kg from badges b1_0 where b1_0.active
2026-03-30T04:11:37.696+05:30 DEBUG 25844 --- [nio-8085-exec-9] org.hibernate.SQL                        : select sum(ce1_0.amount) from carbon_entries ce1_0 where ce1_0.user_id=?
2026-03-30T04:11:37.696+05:30 DEBUG 25844 --- [nio-8085-exec-9] o.s.w.s.m.m.a.HttpEntityMethodProcessor  : Using 'application/json', given [*/*] and supported [application/json, application/*+json]
2026-03-30T04:11:37.696+05:30 DEBUG 25844 --- [nio-8085-exec-9] o.s.w.s.m.m.a.HttpEntityMethodProcessor  : Writing [{entries=[{userId=3, userName=Ava Green, totalCarbonKg=4.3, score=495.7, badgeCount=5, isCurrentUser (truncated)...]
2026-03-30T04:11:37.697+05:30 DEBUG 25844 --- [nio-8085-exec-9] o.s.web.servlet.DispatcherServlet        : Completed 200 OK
2026-03-30T04:11:37.702+05:30 DEBUG 25844 --- [nio-8085-exec-1] org.hibernate.SQL                        : select u1_0.id,u1_0.created_at,u1_0.email,u1_0.enabled,u1_0.name,u1_0.otp,u1_0.otp_expiry,u1_0.password,u1_0.role from users u1_0 where u1_0.email=?
2026-03-30T04:11:37.703+05:30 DEBUG 25844 --- [nio-8085-exec-1] o.s.web.servlet.DispatcherServlet        : GET "/api/leaderboard", parameters={}
2026-03-30T04:11:37.703+05:30 DEBUG 25844 --- [nio-8085-exec-1] s.w.s.m.m.a.RequestMappingHandlerMapping : Mapped to com.ecotrack.backend.controller.LeaderboardController#get(User)
2026-03-30T04:11:37.703+05:30 DEBUG 25844 --- [nio-8085-exec-1] org.hibernate.SQL                        : select ce1_0.id from carbon_entries ce1_0 where ce1_0.user_id=? fetch first ? rows only
2026-03-30T04:11:37.705+05:30 DEBUG 25844 --- [nio-8085-exec-1] org.hibernate.SQL                        : select u1_0.id,u1_0.created_at,u1_0.email,u1_0.enabled,u1_0.name,u1_0.otp,u1_0.otp_expiry,u1_0.password,u1_0.role from users u1_0
2026-03-30T04:11:37.706+05:30 DEBUG 25844 --- [nio-8085-exec-1] org.hibernate.SQL                        : select ce1_0.id from carbon_entries ce1_0 where ce1_0.user_id=? fetch first ? rows only
2026-03-30T04:11:37.707+05:30 DEBUG 25844 --- [nio-8085-exec-1] org.hibernate.SQL                        : select ce1_0.id from carbon_entries ce1_0 where ce1_0.user_id=? fetch first ? rows only
2026-03-30T04:11:37.707+05:30 DEBUG 25844 --- [nio-8085-exec-1] org.hibernate.SQL                        : select sum(ce1_0.amount) from carbon_entries ce1_0 where ce1_0.user_id=?
2026-03-30T04:11:37.708+05:30 DEBUG 25844 --- [nio-8085-exec-1] org.hibernate.SQL                        : select sum(ce1_0.amount) from carbon_entries ce1_0 where ce1_0.user_id=?
2026-03-30T04:11:37.709+05:30 DEBUG 25844 --- [nio-8085-exec-1] org.hibernate.SQL                        : select ce1_0.category,sum(ce1_0.amount) from carbon_entries ce1_0 where ce1_0.user_id=? group by ce1_0.category
2026-03-30T04:11:37.710+05:30 DEBUG 25844 --- [nio-8085-exec-1] org.hibernate.SQL                        : select ls1_0.id,ls1_0.buys_local_food,ls1_0.buys_second_hand,ls1_0.car_type,ls1_0.diet_type,ls1_0.estimated_annual_footprint,ls1_0.has_renewable_energy,ls1_0.home_heating,ls1_0.long_flights_per_year,ls1_0.meat_meals_per_week,ls1_0.monthly_electricity_kwh,ls1_0.primary_transport,ls1_0.shopping_habits,ls1_0.short_flights_per_year,ls1_0.user_id,ls1_0.weekly_driving_km from lifestyle_surveys ls1_0 where ls1_0.user_id=?
2026-03-30T04:11:37.710+05:30 DEBUG 25844 --- [nio-8085-exec-1] org.hibernate.SQL                        : select count(g1_0.id) from goals g1_0 where g1_0.user_id=? and g1_0.status=?
2026-03-30T04:11:37.711+05:30 DEBUG 25844 --- [nio-8085-exec-1] org.hibernate.SQL                        : select ce1_0.id,ce1_0.activity,ce1_0.amount,ce1_0.category,ce1_0.created_at,ce1_0.date,ce1_0.notes,ce1_0.unit,ce1_0.user_id from carbon_entries ce1_0 where ce1_0.user_id=? order by ce1_0.date desc,ce1_0.created_at desc
2026-03-30T04:11:37.712+05:30 DEBUG 25844 --- [nio-8085-exec-1] org.hibernate.SQL                        : select sum(ce1_0.amount) from carbon_entries ce1_0 where ce1_0.user_id=? and ce1_0.date>=? and ce1_0.date<=?
2026-03-30T04:11:37.713+05:30 DEBUG 25844 --- [nio-8085-exec-1] org.hibernate.SQL                        : select b1_0.id,b1_0.active,b1_0.bg_color,b1_0.category,b1_0.color,b1_0.created_at,b1_0.created_by,b1_0.description,b1_0.icon,b1_0.name,b1_0.threshold_kg from badges b1_0 where b1_0.active
2026-03-30T04:11:37.714+05:30 DEBUG 25844 --- [nio-8085-exec-1] org.hibernate.SQL                        : select ce1_0.id from carbon_entries ce1_0 where ce1_0.user_id=? fetch first ? rows only
2026-03-30T04:11:37.714+05:30 DEBUG 25844 --- [nio-8085-exec-1] org.hibernate.SQL                        : select sum(ce1_0.amount) from carbon_entries ce1_0 where ce1_0.user_id=?
2026-03-30T04:11:37.715+05:30 DEBUG 25844 --- [nio-8085-exec-1] org.hibernate.SQL                        : select sum(ce1_0.amount) from carbon_entries ce1_0 where ce1_0.user_id=?
2026-03-30T04:11:37.716+05:30 DEBUG 25844 --- [nio-8085-exec-1] org.hibernate.SQL                        : select ce1_0.category,sum(ce1_0.amount) from carbon_entries ce1_0 where ce1_0.user_id=? group by ce1_0.category
2026-03-30T04:11:37.717+05:30 DEBUG 25844 --- [nio-8085-exec-1] org.hibernate.SQL                        : select ls1_0.id,ls1_0.buys_local_food,ls1_0.buys_second_hand,ls1_0.car_type,ls1_0.diet_type,ls1_0.estimated_annual_footprint,ls1_0.has_renewable_energy,ls1_0.home_heating,ls1_0.long_flights_per_year,ls1_0.meat_meals_per_week,ls1_0.monthly_electricity_kwh,ls1_0.primary_transport,ls1_0.shopping_habits,ls1_0.short_flights_per_year,ls1_0.user_id,ls1_0.weekly_driving_km from lifestyle_surveys ls1_0 where ls1_0.user_id=?
2026-03-30T04:11:37.718+05:30 DEBUG 25844 --- [nio-8085-exec-1] org.hibernate.SQL                        : select count(g1_0.id) from goals g1_0 where g1_0.user_id=? and g1_0.status=?
2026-03-30T04:11:37.719+05:30 DEBUG 25844 --- [nio-8085-exec-1] org.hibernate.SQL                        : select ce1_0.id,ce1_0.activity,ce1_0.amount,ce1_0.category,ce1_0.created_at,ce1_0.date,ce1_0.notes,ce1_0.unit,ce1_0.user_id from carbon_entries ce1_0 where ce1_0.user_id=? order by ce1_0.date desc,ce1_0.created_at desc
2026-03-30T04:11:37.720+05:30 DEBUG 25844 --- [nio-8085-exec-1] org.hibernate.SQL                        : select sum(ce1_0.amount) from carbon_entries ce1_0 where ce1_0.user_id=? and ce1_0.date>=? and ce1_0.date<=?
2026-03-30T04:11:37.721+05:30 DEBUG 25844 --- [nio-8085-exec-1] org.hibernate.SQL                        : select b1_0.id,b1_0.active,b1_0.bg_color,b1_0.category,b1_0.color,b1_0.created_at,b1_0.created_by,b1_0.description,b1_0.icon,b1_0.name,b1_0.threshold_kg from badges b1_0 where b1_0.active
2026-03-30T04:11:37.722+05:30 DEBUG 25844 --- [nio-8085-exec-1] org.hibernate.SQL                        : select ce1_0.id from carbon_entries ce1_0 where ce1_0.user_id=? fetch first ? rows only
2026-03-30T04:11:37.723+05:30 DEBUG 25844 --- [nio-8085-exec-1] org.hibernate.SQL                        : select sum(ce1_0.amount) from carbon_entries ce1_0 where ce1_0.user_id=?
2026-03-30T04:11:37.723+05:30 DEBUG 25844 --- [nio-8085-exec-1] org.hibernate.SQL                        : select sum(ce1_0.amount) from carbon_entries ce1_0 where ce1_0.user_id=?
2026-03-30T04:11:37.724+05:30 DEBUG 25844 --- [nio-8085-exec-1] org.hibernate.SQL                        : select ce1_0.category,sum(ce1_0.amount) from carbon_entries ce1_0 where ce1_0.user_id=? group by ce1_0.category
2026-03-30T04:11:37.725+05:30 DEBUG 25844 --- [nio-8085-exec-1] org.hibernate.SQL                        : select ls1_0.id,ls1_0.buys_local_food,ls1_0.buys_second_hand,ls1_0.car_type,ls1_0.diet_type,ls1_0.estimated_annual_footprint,ls1_0.has_renewable_energy,ls1_0.home_heating,ls1_0.long_flights_per_year,ls1_0.meat_meals_per_week,ls1_0.monthly_electricity_kwh,ls1_0.primary_transport,ls1_0.shopping_habits,ls1_0.short_flights_per_year,ls1_0.user_id,ls1_0.weekly_driving_km from lifestyle_surveys ls1_0 where ls1_0.user_id=?
2026-03-30T04:11:37.726+05:30 DEBUG 25844 --- [nio-8085-exec-1] org.hibernate.SQL                        : select count(g1_0.id) from goals g1_0 where g1_0.user_id=? and g1_0.status=?
2026-03-30T04:11:37.727+05:30 DEBUG 25844 --- [nio-8085-exec-1] org.hibernate.SQL                        : select ce1_0.id,ce1_0.activity,ce1_0.amount,ce1_0.category,ce1_0.created_at,ce1_0.date,ce1_0.notes,ce1_0.unit,ce1_0.user_id from carbon_entries ce1_0 where ce1_0.user_id=? order by ce1_0.date desc,ce1_0.created_at desc
2026-03-30T04:11:37.728+05:30 DEBUG 25844 --- [nio-8085-exec-1] org.hibernate.SQL                        : select sum(ce1_0.amount) from carbon_entries ce1_0 where ce1_0.user_id=? and ce1_0.date>=? and ce1_0.date<=?
2026-03-30T04:11:37.729+05:30 DEBUG 25844 --- [nio-8085-exec-1] org.hibernate.SQL                        : select b1_0.id,b1_0.active,b1_0.bg_color,b1_0.category,b1_0.color,b1_0.created_at,b1_0.created_by,b1_0.description,b1_0.icon,b1_0.name,b1_0.threshold_kg from badges b1_0 where b1_0.active
2026-03-30T04:11:37.730+05:30 DEBUG 25844 --- [nio-8085-exec-1] org.hibernate.SQL                        : select sum(ce1_0.amount) from carbon_entries ce1_0 where ce1_0.user_id=?
2026-03-30T04:11:37.732+05:30 DEBUG 25844 --- [nio-8085-exec-1] o.s.w.s.m.m.a.HttpEntityMethodProcessor  : Using 'application/json', given [*/*] and supported [application/json, application/*+json]
2026-03-30T04:11:37.732+05:30 DEBUG 25844 --- [nio-8085-exec-1] o.s.w.s.m.m.a.HttpEntityMethodProcessor  : Writing [{entries=[{userId=3, userName=Ava Green, totalCarbonKg=4.3, score=495.7, badgeCount=5, isCurrentUser (truncated)...]
2026-03-30T04:11:37.733+05:30 DEBUG 25844 --- [nio-8085-exec-1] o.s.web.servlet.DispatcherServlet        : Completed 200 OK
2026-03-30T04:11:39.135+05:30 DEBUG 25844 --- [io-8085-exec-10] org.hibernate.SQL                        : select u1_0.id,u1_0.created_at,u1_0.email,u1_0.enabled,u1_0.name,u1_0.otp,u1_0.otp_expiry,u1_0.password,u1_0.role from users u1_0 where u1_0.email=?
2026-03-30T04:11:39.137+05:30 DEBUG 25844 --- [nio-8085-exec-2] org.hibernate.SQL                        : select u1_0.id,u1_0.created_at,u1_0.email,u1_0.enabled,u1_0.name,u1_0.otp,u1_0.otp_expiry,u1_0.password,u1_0.role from users u1_0 where u1_0.email=?
2026-03-30T04:11:39.138+05:30 DEBUG 25844 --- [nio-8085-exec-2] o.s.web.servlet.DispatcherServlet        : GET "/api/goals", parameters={}
2026-03-30T04:11:39.138+05:30 DEBUG 25844 --- [io-8085-exec-10] o.s.web.servlet.DispatcherServlet        : GET "/api/notifications", parameters={}
2026-03-30T04:11:39.139+05:30 DEBUG 25844 --- [nio-8085-exec-2] s.w.s.m.m.a.RequestMappingHandlerMapping : Mapped to com.ecotrack.backend.controller.GoalController#getAll(User)
2026-03-30T04:11:39.139+05:30 DEBUG 25844 --- [io-8085-exec-10] s.w.s.m.m.a.RequestMappingHandlerMapping : Mapped to com.ecotrack.backend.controller.NotificationController#getNotifications(User)
2026-03-30T04:11:39.139+05:30 DEBUG 25844 --- [io-8085-exec-10] org.hibernate.SQL                        : select un1_0.id,un1_0.created_at,un1_0.message,un1_0.is_read,un1_0.title,un1_0.type,un1_0.user_id from notifications un1_0 where un1_0.user_id=? order by un1_0.created_at desc
2026-03-30T04:11:39.139+05:30 DEBUG 25844 --- [nio-8085-exec-2] org.hibernate.SQL                        : select g1_0.id,g1_0.category,g1_0.created_at,g1_0.current_progress,g1_0.deadline,g1_0.description,g1_0.status,g1_0.target_amount,g1_0.title,g1_0.user_id from goals g1_0 where g1_0.user_id=? order by g1_0.created_at desc
2026-03-30T04:11:39.141+05:30 DEBUG 25844 --- [io-8085-exec-10] o.s.w.s.m.m.a.HttpEntityMethodProcessor  : Using 'application/json', given [*/*] and supported [application/json, application/*+json]
2026-03-30T04:11:39.141+05:30 DEBUG 25844 --- [nio-8085-exec-2] o.s.w.s.m.m.a.HttpEntityMethodProcessor  : Using 'application/json', given [*/*] and supported [application/json, application/*+json]
2026-03-30T04:11:39.141+05:30 DEBUG 25844 --- [io-8085-exec-10] o.s.w.s.m.m.a.HttpEntityMethodProcessor  : Writing [[{id=5, title=Purchase confirmed, message=You purchased tree1 for 2000.0 and offset 15.0 kg CO2e., t (truncated)...]
2026-03-30T04:11:39.141+05:30 DEBUG 25844 --- [nio-8085-exec-2] o.s.w.s.m.m.a.HttpEntityMethodProcessor  : Writing [[GoalResponse(id=1, title=Cut commuting emissions, description=Reduce transport emissions by using p (truncated)...]
2026-03-30T04:11:39.142+05:30 DEBUG 25844 --- [io-8085-exec-10] o.s.web.servlet.DispatcherServlet        : Completed 200 OK
2026-03-30T04:11:39.142+05:30 DEBUG 25844 --- [nio-8085-exec-2] o.s.web.servlet.DispatcherServlet        : Completed 200 OK
2026-03-30T04:11:39.146+05:30 DEBUG 25844 --- [nio-8085-exec-2] org.hibernate.SQL                        : select u1_0.id,u1_0.created_at,u1_0.email,u1_0.enabled,u1_0.name,u1_0.otp,u1_0.otp_expiry,u1_0.password,u1_0.role from users u1_0 where u1_0.email=?
2026-03-30T04:11:39.148+05:30 DEBUG 25844 --- [nio-8085-exec-2] o.s.web.servlet.DispatcherServlet        : GET "/api/goals", parameters={}
2026-03-30T04:11:39.148+05:30 DEBUG 25844 --- [nio-8085-exec-2] s.w.s.m.m.a.RequestMappingHandlerMapping : Mapped to com.ecotrack.backend.controller.GoalController#getAll(User)
2026-03-30T04:11:39.149+05:30 DEBUG 25844 --- [nio-8085-exec-2] org.hibernate.SQL                        : select g1_0.id,g1_0.category,g1_0.created_at,g1_0.current_progress,g1_0.deadline,g1_0.description,g1_0.status,g1_0.target_amount,g1_0.title,g1_0.user_id from goals g1_0 where g1_0.user_id=? order by g1_0.created_at desc
2026-03-30T04:11:39.150+05:30 DEBUG 25844 --- [nio-8085-exec-2] o.s.w.s.m.m.a.HttpEntityMethodProcessor  : Using 'application/json', given [*/*] and supported [application/json, application/*+json]
2026-03-30T04:11:39.150+05:30 DEBUG 25844 --- [nio-8085-exec-2] o.s.w.s.m.m.a.HttpEntityMethodProcessor  : Writing [[GoalResponse(id=1, title=Cut commuting emissions, description=Reduce transport emissions by using p (truncated)...]
2026-03-30T04:11:39.151+05:30 DEBUG 25844 --- [nio-8085-exec-2] o.s.web.servlet.DispatcherServlet        : Completed 200 OK
2026-03-30T04:11:40.724+05:30 DEBUG 25844 --- [nio-8085-exec-9] org.hibernate.SQL                        : select u1_0.id,u1_0.created_at,u1_0.email,u1_0.enabled,u1_0.name,u1_0.otp,u1_0.otp_expiry,u1_0.password,u1_0.role from users u1_0 where u1_0.email=?
2026-03-30T04:11:40.724+05:30 DEBUG 25844 --- [nio-8085-exec-1] org.hibernate.SQL                        : select u1_0.id,u1_0.created_at,u1_0.email,u1_0.enabled,u1_0.name,u1_0.otp,u1_0.otp_expiry,u1_0.password,u1_0.role from users u1_0 where u1_0.email=?
2026-03-30T04:11:40.725+05:30 DEBUG 25844 --- [nio-8085-exec-1] o.s.web.servlet.DispatcherServlet        : GET "/api/carbon", parameters={}
2026-03-30T04:11:40.725+05:30 DEBUG 25844 --- [nio-8085-exec-9] o.s.web.servlet.DispatcherServlet        : GET "/api/notifications", parameters={}
2026-03-30T04:11:40.726+05:30 DEBUG 25844 --- [nio-8085-exec-1] s.w.s.m.m.a.RequestMappingHandlerMapping : Mapped to com.ecotrack.backend.controller.CarbonEntryController#getAll(User)
2026-03-30T04:11:40.726+05:30 DEBUG 25844 --- [nio-8085-exec-9] s.w.s.m.m.a.RequestMappingHandlerMapping : Mapped to com.ecotrack.backend.controller.NotificationController#getNotifications(User)
2026-03-30T04:11:40.727+05:30 DEBUG 25844 --- [nio-8085-exec-9] org.hibernate.SQL                        : select un1_0.id,un1_0.created_at,un1_0.message,un1_0.is_read,un1_0.title,un1_0.type,un1_0.user_id from notifications un1_0 where un1_0.user_id=? order by un1_0.created_at desc
2026-03-30T04:11:40.727+05:30 DEBUG 25844 --- [nio-8085-exec-1] org.hibernate.SQL                        : select ce1_0.id,ce1_0.activity,ce1_0.amount,ce1_0.category,ce1_0.created_at,ce1_0.date,ce1_0.notes,ce1_0.unit,ce1_0.user_id from carbon_entries ce1_0 where ce1_0.user_id=? order by ce1_0.date desc,ce1_0.created_at desc
2026-03-30T04:11:40.728+05:30 DEBUG 25844 --- [nio-8085-exec-1] o.s.w.s.m.m.a.HttpEntityMethodProcessor  : Using 'application/json', given [*/*] and supported [application/json, application/*+json]
2026-03-30T04:11:40.728+05:30 DEBUG 25844 --- [nio-8085-exec-9] o.s.w.s.m.m.a.HttpEntityMethodProcessor  : Using 'application/json', given [*/*] and supported [application/json, application/*+json]
2026-03-30T04:11:40.728+05:30 DEBUG 25844 --- [nio-8085-exec-1] o.s.w.s.m.m.a.HttpEntityMethodProcessor  : Writing [[CarbonEntryResponse(id=4, category=transport, activity=Weekend ride-share, amount=5.1, unit=kg CO2, (truncated)...]
2026-03-30T04:11:40.729+05:30 DEBUG 25844 --- [nio-8085-exec-9] o.s.w.s.m.m.a.HttpEntityMethodProcessor  : Writing [[{id=5, title=Purchase confirmed, message=You purchased tree1 for 2000.0 and offset 15.0 kg CO2e., t (truncated)...]
2026-03-30T04:11:40.730+05:30 DEBUG 25844 --- [nio-8085-exec-1] o.s.web.servlet.DispatcherServlet        : Completed 200 OK
2026-03-30T04:11:40.730+05:30 DEBUG 25844 --- [nio-8085-exec-9] o.s.web.servlet.DispatcherServlet        : Completed 200 OK
2026-03-30T04:11:40.734+05:30 DEBUG 25844 --- [nio-8085-exec-1] org.hibernate.SQL                        : select u1_0.id,u1_0.created_at,u1_0.email,u1_0.enabled,u1_0.name,u1_0.otp,u1_0.otp_expiry,u1_0.password,u1_0.role from users u1_0 where u1_0.email=?
2026-03-30T04:11:40.735+05:30 DEBUG 25844 --- [nio-8085-exec-1] o.s.web.servlet.DispatcherServlet        : GET "/api/carbon", parameters={}
2026-03-30T04:11:40.735+05:30 DEBUG 25844 --- [nio-8085-exec-1] s.w.s.m.m.a.RequestMappingHandlerMapping : Mapped to com.ecotrack.backend.controller.CarbonEntryController#getAll(User)
2026-03-30T04:11:40.736+05:30 DEBUG 25844 --- [nio-8085-exec-1] org.hibernate.SQL                        : select ce1_0.id,ce1_0.activity,ce1_0.amount,ce1_0.category,ce1_0.created_at,ce1_0.date,ce1_0.notes,ce1_0.unit,ce1_0.user_id from carbon_entries ce1_0 where ce1_0.user_id=? order by ce1_0.date desc,ce1_0.created_at desc
2026-03-30T04:11:40.737+05:30 DEBUG 25844 --- [nio-8085-exec-1] o.s.w.s.m.m.a.HttpEntityMethodProcessor  : Using 'application/json', given [*/*] and supported [application/json, application/*+json]
2026-03-30T04:11:40.738+05:30 DEBUG 25844 --- [nio-8085-exec-1] o.s.w.s.m.m.a.HttpEntityMethodProcessor  : Writing [[CarbonEntryResponse(id=4, category=transport, activity=Weekend ride-share, amount=5.1, unit=kg CO2, (truncated)...]
2026-03-30T04:11:40.738+05:30 DEBUG 25844 --- [nio-8085-exec-1] o.s.web.servlet.DispatcherServlet        : Completed 200 OK
